<?xml version="1.0" encoding="UTF-8"?>
<gpx creator="StravaGPX" version="1.1" xmlns="http://www.topografix.com/GPX/1/1" xmlns:xsi="http://www.w3.org/2001/XMLSchema-instance" xsi:schemaLocation="http://www.topografix.com/GPX/1/1 http://www.topografix.com/GPX/1/1/gpx.xsd">
 <metadata>
  <time>2022-10-02T12:13:33Z</time>
 </metadata>
 <trk>
  <name>Morning hike at Indian Head and Rainbow Falls</name>
  <type>hiking</type>
  <trkseg>
   <trkpt lat="44.1497200" lon="-73.7688900">
    <ele>384.8</ele>
    <time>2022-10-02T12:13:33Z</time>
   </trkpt>
   <trkpt lat="44.1497400" lon="-73.7689300">
    <ele>384.8</ele>
    <time>2022-10-02T12:13:36Z</time>
   </trkpt>
   <trkpt lat="44.1497500" lon="-73.7689700">
    <ele>384.8</ele>
    <time>2022-10-02T12:13:39Z</time>
   </trkpt>
   <trkpt lat="44.1497500" lon="-73.7690200">
    <ele>384.8</ele>
    <time>2022-10-02T12:13:43Z</time>
   </trkpt>
   <trkpt lat="44.1497500" lon="-73.7690700">
    <ele>384.8</ele>
    <time>2022-10-02T12:13:47Z</time>
   </trkpt>
   <trkpt lat="44.1497700" lon="-73.7691100">
    <ele>384.9</ele>
    <time>2022-10-02T12:13:52Z</time>
   </trkpt>
   <trkpt lat="44.1497800" lon="-73.7691600">
    <ele>384.9</ele>
    <time>2022-10-02T12:13:55Z</time>
   </trkpt>
   <trkpt lat="44.1497900" lon="-73.7692000">
    <ele>385.0</ele>
    <time>2022-10-02T12:13:58Z</time>
   </trkpt>
   <trkpt lat="44.1497900" lon="-73.7692400">
    <ele>385.0</ele>
    <time>2022-10-02T12:14:00Z</time>
   </trkpt>
   <trkpt lat="44.1498000" lon="-73.7692800">
    <ele>385.1</ele>
    <time>2022-10-02T12:14:03Z</time>
   </trkpt>
   <trkpt lat="44.1498100" lon="-73.7693300">
    <ele>385.2</ele>
    <time>2022-10-02T12:14:07Z</time>
   </trkpt>
   <trkpt lat="44.1498000" lon="-73.7693600">
    <ele>385.2</ele>
    <time>2022-10-02T12:14:10Z</time>
   </trkpt>
   <trkpt lat="44.1497800" lon="-73.7694100">
    <ele>385.3</ele>
    <time>2022-10-02T12:14:12Z</time>
   </trkpt>
   <trkpt lat="44.1497400" lon="-73.7694600">
    <ele>385.5</ele>
    <time>2022-10-02T12:14:14Z</time>
   </trkpt>
   <trkpt lat="44.1497000" lon="-73.7694900">
    <ele>385.7</ele>
    <time>2022-10-02T12:14:16Z</time>
   </trkpt>
   <trkpt lat="44.1496800" lon="-73.7695300">
    <ele>385.9</ele>
    <time>2022-10-02T12:14:18Z</time>
   </trkpt>
   <trkpt lat="44.1496600" lon="-73.7695600">
    <ele>386.1</ele>
    <time>2022-10-02T12:14:20Z</time>
   </trkpt>
   <trkpt lat="44.1496600" lon="-73.7696000">
    <ele>386.2</ele>
    <time>2022-10-02T12:14:22Z</time>
   </trkpt>
   <trkpt lat="44.1496400" lon="-73.7696300">
    <ele>386.4</ele>
    <time>2022-10-02T12:14:24Z</time>
   </trkpt>
   <trkpt lat="44.1496100" lon="-73.7696600">
    <ele>386.6</ele>
    <time>2022-10-02T12:14:26Z</time>
   </trkpt>
   <trkpt lat="44.1495900" lon="-73.7696900">
    <ele>386.8</ele>
    <time>2022-10-02T12:14:28Z</time>
   </trkpt>
   <trkpt lat="44.1495900" lon="-73.7697300">
    <ele>387.0</ele>
    <time>2022-10-02T12:14:30Z</time>
   </trkpt>
   <trkpt lat="44.1495800" lon="-73.7697700">
    <ele>387.1</ele>
    <time>2022-10-02T12:14:32Z</time>
   </trkpt>
   <trkpt lat="44.1495600" lon="-73.7698100">
    <ele>387.3</ele>
    <time>2022-10-02T12:14:35Z</time>
   </trkpt>
   <trkpt lat="44.1495300" lon="-73.7698500">
    <ele>387.6</ele>
    <time>2022-10-02T12:14:38Z</time>
   </trkpt>
   <trkpt lat="44.1495200" lon="-73.7698900">
    <ele>387.7</ele>
    <time>2022-10-02T12:14:41Z</time>
   </trkpt>
   <trkpt lat="44.1495200" lon="-73.7699300">
    <ele>387.9</ele>
    <time>2022-10-02T12:14:43Z</time>
   </trkpt>
   <trkpt lat="44.1495100" lon="-73.7699700">
    <ele>388.1</ele>
    <time>2022-10-02T12:14:46Z</time>
   </trkpt>
   <trkpt lat="44.1494900" lon="-73.7700100">
    <ele>388.2</ele>
    <time>2022-10-02T12:14:49Z</time>
   </trkpt>
   <trkpt lat="44.1494800" lon="-73.7700400">
    <ele>388.3</ele>
    <time>2022-10-02T12:14:51Z</time>
   </trkpt>
   <trkpt lat="44.1494600" lon="-73.7700700">
    <ele>388.5</ele>
    <time>2022-10-02T12:14:57Z</time>
   </trkpt>
   <trkpt lat="44.1494400" lon="-73.7701100">
    <ele>388.6</ele>
    <time>2022-10-02T12:14:59Z</time>
   </trkpt>
   <trkpt lat="44.1494200" lon="-73.7701500">
    <ele>388.8</ele>
    <time>2022-10-02T12:15:02Z</time>
   </trkpt>
   <trkpt lat="44.1493900" lon="-73.7701800">
    <ele>388.9</ele>
    <time>2022-10-02T12:15:04Z</time>
   </trkpt>
   <trkpt lat="44.1493700" lon="-73.7702100">
    <ele>389.0</ele>
    <time>2022-10-02T12:15:06Z</time>
   </trkpt>
   <trkpt lat="44.1493500" lon="-73.7702500">
    <ele>389.1</ele>
    <time>2022-10-02T12:15:09Z</time>
   </trkpt>
   <trkpt lat="44.1493400" lon="-73.7703000">
    <ele>389.2</ele>
    <time>2022-10-02T12:15:11Z</time>
   </trkpt>
   <trkpt lat="44.1493200" lon="-73.7703400">
    <ele>389.4</ele>
    <time>2022-10-02T12:15:13Z</time>
   </trkpt>
   <trkpt lat="44.1493100" lon="-73.7703800">
    <ele>389.5</ele>
    <time>2022-10-02T12:15:15Z</time>
   </trkpt>
   <trkpt lat="44.1492900" lon="-73.7704300">
    <ele>389.7</ele>
    <time>2022-10-02T12:15:18Z</time>
   </trkpt>
   <trkpt lat="44.1492800" lon="-73.7704800">
    <ele>389.8</ele>
    <time>2022-10-02T12:15:21Z</time>
   </trkpt>
   <trkpt lat="44.1492800" lon="-73.7705200">
    <ele>390.0</ele>
    <time>2022-10-02T12:15:24Z</time>
   </trkpt>
   <trkpt lat="44.1492700" lon="-73.7705700">
    <ele>390.2</ele>
    <time>2022-10-02T12:15:27Z</time>
   </trkpt>
   <trkpt lat="44.1492600" lon="-73.7706100">
    <ele>390.4</ele>
    <time>2022-10-02T12:15:30Z</time>
   </trkpt>
   <trkpt lat="44.1492600" lon="-73.7706500">
    <ele>390.5</ele>
    <time>2022-10-02T12:15:33Z</time>
   </trkpt>
   <trkpt lat="44.1492700" lon="-73.7706800">
    <ele>390.7</ele>
    <time>2022-10-02T12:15:39Z</time>
   </trkpt>
   <trkpt lat="44.1492600" lon="-73.7707200">
    <ele>390.9</ele>
    <time>2022-10-02T12:15:43Z</time>
   </trkpt>
   <trkpt lat="44.1492500" lon="-73.7707600">
    <ele>391.2</ele>
    <time>2022-10-02T12:15:47Z</time>
   </trkpt>
   <trkpt lat="44.1492400" lon="-73.7708000">
    <ele>391.4</ele>
    <time>2022-10-02T12:15:49Z</time>
   </trkpt>
   <trkpt lat="44.1492300" lon="-73.7708500">
    <ele>391.7</ele>
    <time>2022-10-02T12:15:52Z</time>
   </trkpt>
   <trkpt lat="44.1492400" lon="-73.7708900">
    <ele>392.0</ele>
    <time>2022-10-02T12:15:56Z</time>
   </trkpt>
   <trkpt lat="44.1492500" lon="-73.7709300">
    <ele>392.3</ele>
    <time>2022-10-02T12:15:59Z</time>
   </trkpt>
   <trkpt lat="44.1492500" lon="-73.7709700">
    <ele>392.6</ele>
    <time>2022-10-02T12:16:02Z</time>
   </trkpt>
   <trkpt lat="44.1492500" lon="-73.7710200">
    <ele>392.9</ele>
    <time>2022-10-02T12:16:05Z</time>
   </trkpt>
   <trkpt lat="44.1492600" lon="-73.7710700">
    <ele>393.3</ele>
    <time>2022-10-02T12:16:08Z</time>
   </trkpt>
   <trkpt lat="44.1492700" lon="-73.7711100">
    <ele>393.7</ele>
    <time>2022-10-02T12:16:11Z</time>
   </trkpt>
   <trkpt lat="44.1493000" lon="-73.7711400">
    <ele>394.1</ele>
    <time>2022-10-02T12:16:14Z</time>
   </trkpt>
   <trkpt lat="44.1493000" lon="-73.7711900">
    <ele>394.5</ele>
    <time>2022-10-02T12:16:17Z</time>
   </trkpt>
   <trkpt lat="44.1493000" lon="-73.7712300">
    <ele>394.8</ele>
    <time>2022-10-02T12:16:19Z</time>
   </trkpt>
   <trkpt lat="44.1493000" lon="-73.7712800">
    <ele>395.2</ele>
    <time>2022-10-02T12:16:21Z</time>
   </trkpt>
   <trkpt lat="44.1492900" lon="-73.7713300">
    <ele>395.6</ele>
    <time>2022-10-02T12:16:23Z</time>
   </trkpt>
   <trkpt lat="44.1492900" lon="-73.7713600">
    <ele>395.8</ele>
    <time>2022-10-02T12:16:25Z</time>
   </trkpt>
   <trkpt lat="44.1492900" lon="-73.7714000">
    <ele>396.2</ele>
    <time>2022-10-02T12:16:28Z</time>
   </trkpt>
   <trkpt lat="44.1493000" lon="-73.7714400">
    <ele>396.5</ele>
    <time>2022-10-02T12:16:31Z</time>
   </trkpt>
   <trkpt lat="44.1493000" lon="-73.7714900">
    <ele>396.9</ele>
    <time>2022-10-02T12:16:34Z</time>
   </trkpt>
   <trkpt lat="44.1492900" lon="-73.7715300">
    <ele>397.3</ele>
    <time>2022-10-02T12:16:36Z</time>
   </trkpt>
   <trkpt lat="44.1493000" lon="-73.7715700">
    <ele>397.7</ele>
    <time>2022-10-02T12:16:39Z</time>
   </trkpt>
   <trkpt lat="44.1493000" lon="-73.7716200">
    <ele>398.1</ele>
    <time>2022-10-02T12:16:42Z</time>
   </trkpt>
   <trkpt lat="44.1493100" lon="-73.7716500">
    <ele>398.4</ele>
    <time>2022-10-02T12:16:45Z</time>
   </trkpt>
   <trkpt lat="44.1493200" lon="-73.7717000">
    <ele>398.8</ele>
    <time>2022-10-02T12:16:48Z</time>
   </trkpt>
   <trkpt lat="44.1493300" lon="-73.7717400">
    <ele>399.2</ele>
    <time>2022-10-02T12:16:50Z</time>
   </trkpt>
   <trkpt lat="44.1493300" lon="-73.7717800">
    <ele>399.5</ele>
    <time>2022-10-02T12:16:53Z</time>
   </trkpt>
   <trkpt lat="44.1493200" lon="-73.7718200">
    <ele>399.9</ele>
    <time>2022-10-02T12:16:57Z</time>
   </trkpt>
   <trkpt lat="44.1493100" lon="-73.7718500">
    <ele>400.1</ele>
    <time>2022-10-02T12:17:00Z</time>
   </trkpt>
   <trkpt lat="44.1492900" lon="-73.7718900">
    <ele>400.6</ele>
    <time>2022-10-02T12:17:03Z</time>
   </trkpt>
   <trkpt lat="44.1492900" lon="-73.7719400">
    <ele>401.0</ele>
    <time>2022-10-02T12:17:07Z</time>
   </trkpt>
   <trkpt lat="44.1492800" lon="-73.7719800">
    <ele>401.3</ele>
    <time>2022-10-02T12:17:11Z</time>
   </trkpt>
   <trkpt lat="44.1492800" lon="-73.7720300">
    <ele>401.8</ele>
    <time>2022-10-02T12:17:15Z</time>
   </trkpt>
   <trkpt lat="44.1492900" lon="-73.7720800">
    <ele>402.2</ele>
    <time>2022-10-02T12:17:18Z</time>
   </trkpt>
   <trkpt lat="44.1493000" lon="-73.7721300">
    <ele>402.6</ele>
    <time>2022-10-02T12:17:21Z</time>
   </trkpt>
   <trkpt lat="44.1493100" lon="-73.7721800">
    <ele>403.1</ele>
    <time>2022-10-02T12:17:24Z</time>
   </trkpt>
   <trkpt lat="44.1493400" lon="-73.7722200">
    <ele>403.6</ele>
    <time>2022-10-02T12:17:27Z</time>
   </trkpt>
   <trkpt lat="44.1493600" lon="-73.7722500">
    <ele>404.0</ele>
    <time>2022-10-02T12:17:29Z</time>
   </trkpt>
   <trkpt lat="44.1493700" lon="-73.7722900">
    <ele>404.3</ele>
    <time>2022-10-02T12:17:31Z</time>
   </trkpt>
   <trkpt lat="44.1493800" lon="-73.7723300">
    <ele>404.7</ele>
    <time>2022-10-02T12:17:34Z</time>
   </trkpt>
   <trkpt lat="44.1493800" lon="-73.7723700">
    <ele>405.1</ele>
    <time>2022-10-02T12:17:36Z</time>
   </trkpt>
   <trkpt lat="44.1493900" lon="-73.7724100">
    <ele>405.5</ele>
    <time>2022-10-02T12:17:38Z</time>
   </trkpt>
   <trkpt lat="44.1494000" lon="-73.7724500">
    <ele>405.8</ele>
    <time>2022-10-02T12:17:41Z</time>
   </trkpt>
   <trkpt lat="44.1494100" lon="-73.7724900">
    <ele>406.2</ele>
    <time>2022-10-02T12:17:44Z</time>
   </trkpt>
   <trkpt lat="44.1494200" lon="-73.7725300">
    <ele>406.5</ele>
    <time>2022-10-02T12:17:47Z</time>
   </trkpt>
   <trkpt lat="44.1494300" lon="-73.7725800">
    <ele>406.9</ele>
    <time>2022-10-02T12:17:51Z</time>
   </trkpt>
   <trkpt lat="44.1494400" lon="-73.7726200">
    <ele>407.3</ele>
    <time>2022-10-02T12:17:54Z</time>
   </trkpt>
   <trkpt lat="44.1494400" lon="-73.7726700">
    <ele>407.7</ele>
    <time>2022-10-02T12:17:57Z</time>
   </trkpt>
   <trkpt lat="44.1494500" lon="-73.7727000">
    <ele>407.9</ele>
    <time>2022-10-02T12:18:00Z</time>
   </trkpt>
   <trkpt lat="44.1494500" lon="-73.7727500">
    <ele>408.3</ele>
    <time>2022-10-02T12:18:03Z</time>
   </trkpt>
   <trkpt lat="44.1494600" lon="-73.7727900">
    <ele>408.5</ele>
    <time>2022-10-02T12:18:06Z</time>
   </trkpt>
   <trkpt lat="44.1494600" lon="-73.7728300">
    <ele>408.8</ele>
    <time>2022-10-02T12:18:09Z</time>
   </trkpt>
   <trkpt lat="44.1494700" lon="-73.7728800">
    <ele>409.1</ele>
    <time>2022-10-02T12:18:12Z</time>
   </trkpt>
   <trkpt lat="44.1494800" lon="-73.7729300">
    <ele>409.5</ele>
    <time>2022-10-02T12:18:15Z</time>
   </trkpt>
   <trkpt lat="44.1494900" lon="-73.7729700">
    <ele>409.7</ele>
    <time>2022-10-02T12:18:18Z</time>
   </trkpt>
   <trkpt lat="44.1495000" lon="-73.7730200">
    <ele>410.0</ele>
    <time>2022-10-02T12:18:21Z</time>
   </trkpt>
   <trkpt lat="44.1495100" lon="-73.7730500">
    <ele>410.2</ele>
    <time>2022-10-02T12:18:24Z</time>
   </trkpt>
   <trkpt lat="44.1495300" lon="-73.7731000">
    <ele>410.5</ele>
    <time>2022-10-02T12:18:27Z</time>
   </trkpt>
   <trkpt lat="44.1495300" lon="-73.7731500">
    <ele>410.8</ele>
    <time>2022-10-02T12:18:30Z</time>
   </trkpt>
   <trkpt lat="44.1495400" lon="-73.7731900">
    <ele>411.0</ele>
    <time>2022-10-02T12:18:33Z</time>
   </trkpt>
   <trkpt lat="44.1495400" lon="-73.7732400">
    <ele>411.3</ele>
    <time>2022-10-02T12:18:36Z</time>
   </trkpt>
   <trkpt lat="44.1495600" lon="-73.7732800">
    <ele>411.5</ele>
    <time>2022-10-02T12:18:39Z</time>
   </trkpt>
   <trkpt lat="44.1495700" lon="-73.7733300">
    <ele>411.8</ele>
    <time>2022-10-02T12:18:42Z</time>
   </trkpt>
   <trkpt lat="44.1495700" lon="-73.7733800">
    <ele>412.1</ele>
    <time>2022-10-02T12:18:45Z</time>
   </trkpt>
   <trkpt lat="44.1495800" lon="-73.7734300">
    <ele>412.3</ele>
    <time>2022-10-02T12:18:48Z</time>
   </trkpt>
   <trkpt lat="44.1495900" lon="-73.7734800">
    <ele>412.5</ele>
    <time>2022-10-02T12:18:51Z</time>
   </trkpt>
   <trkpt lat="44.1495900" lon="-73.7735200">
    <ele>412.7</ele>
    <time>2022-10-02T12:18:55Z</time>
   </trkpt>
   <trkpt lat="44.1496000" lon="-73.7735700">
    <ele>412.9</ele>
    <time>2022-10-02T12:18:58Z</time>
   </trkpt>
   <trkpt lat="44.1496100" lon="-73.7736200">
    <ele>413.1</ele>
    <time>2022-10-02T12:19:02Z</time>
   </trkpt>
   <trkpt lat="44.1496100" lon="-73.7736700">
    <ele>413.3</ele>
    <time>2022-10-02T12:19:05Z</time>
   </trkpt>
   <trkpt lat="44.1496200" lon="-73.7737100">
    <ele>413.4</ele>
    <time>2022-10-02T12:19:08Z</time>
   </trkpt>
   <trkpt lat="44.1496200" lon="-73.7737500">
    <ele>413.5</ele>
    <time>2022-10-02T12:19:10Z</time>
   </trkpt>
   <trkpt lat="44.1496200" lon="-73.7737900">
    <ele>413.6</ele>
    <time>2022-10-02T12:19:12Z</time>
   </trkpt>
   <trkpt lat="44.1496200" lon="-73.7738400">
    <ele>413.8</ele>
    <time>2022-10-02T12:19:14Z</time>
   </trkpt>
   <trkpt lat="44.1496100" lon="-73.7738700">
    <ele>413.9</ele>
    <time>2022-10-02T12:19:17Z</time>
   </trkpt>
   <trkpt lat="44.1496000" lon="-73.7739300">
    <ele>414.0</ele>
    <time>2022-10-02T12:19:21Z</time>
   </trkpt>
   <trkpt lat="44.1496000" lon="-73.7739700">
    <ele>414.1</ele>
    <time>2022-10-02T12:19:23Z</time>
   </trkpt>
   <trkpt lat="44.1496100" lon="-73.7740200">
    <ele>414.3</ele>
    <time>2022-10-02T12:19:26Z</time>
   </trkpt>
   <trkpt lat="44.1496100" lon="-73.7740600">
    <ele>414.4</ele>
    <time>2022-10-02T12:19:29Z</time>
   </trkpt>
   <trkpt lat="44.1496200" lon="-73.7741100">
    <ele>414.5</ele>
    <time>2022-10-02T12:19:32Z</time>
   </trkpt>
   <trkpt lat="44.1496200" lon="-73.7741500">
    <ele>414.6</ele>
    <time>2022-10-02T12:19:34Z</time>
   </trkpt>
   <trkpt lat="44.1496200" lon="-73.7741900">
    <ele>414.7</ele>
    <time>2022-10-02T12:19:37Z</time>
   </trkpt>
   <trkpt lat="44.1496200" lon="-73.7742300">
    <ele>414.8</ele>
    <time>2022-10-02T12:19:40Z</time>
   </trkpt>
   <trkpt lat="44.1496100" lon="-73.7742700">
    <ele>414.8</ele>
    <time>2022-10-02T12:19:43Z</time>
   </trkpt>
   <trkpt lat="44.1496200" lon="-73.7743100">
    <ele>414.9</ele>
    <time>2022-10-02T12:19:46Z</time>
   </trkpt>
   <trkpt lat="44.1496200" lon="-73.7743500">
    <ele>415.0</ele>
    <time>2022-10-02T12:19:49Z</time>
   </trkpt>
   <trkpt lat="44.1496300" lon="-73.7744000">
    <ele>415.1</ele>
    <time>2022-10-02T12:19:52Z</time>
   </trkpt>
   <trkpt lat="44.1496400" lon="-73.7744500">
    <ele>415.2</ele>
    <time>2022-10-02T12:19:55Z</time>
   </trkpt>
   <trkpt lat="44.1496400" lon="-73.7744900">
    <ele>415.2</ele>
    <time>2022-10-02T12:19:58Z</time>
   </trkpt>
   <trkpt lat="44.1496400" lon="-73.7745400">
    <ele>415.3</ele>
    <time>2022-10-02T12:20:01Z</time>
   </trkpt>
   <trkpt lat="44.1496300" lon="-73.7745700">
    <ele>415.3</ele>
    <time>2022-10-02T12:20:13Z</time>
   </trkpt>
   <trkpt lat="44.1496200" lon="-73.7746200">
    <ele>415.4</ele>
    <time>2022-10-02T12:20:27Z</time>
   </trkpt>
   <trkpt lat="44.1496200" lon="-73.7746500">
    <ele>415.4</ele>
    <time>2022-10-02T12:20:31Z</time>
   </trkpt>
   <trkpt lat="44.1496300" lon="-73.7746900">
    <ele>415.5</ele>
    <time>2022-10-02T12:20:35Z</time>
   </trkpt>
   <trkpt lat="44.1496300" lon="-73.7747300">
    <ele>415.6</ele>
    <time>2022-10-02T12:20:43Z</time>
   </trkpt>
   <trkpt lat="44.1496400" lon="-73.7747700">
    <ele>415.6</ele>
    <time>2022-10-02T12:20:47Z</time>
   </trkpt>
   <trkpt lat="44.1496500" lon="-73.7748100">
    <ele>415.7</ele>
    <time>2022-10-02T12:20:50Z</time>
   </trkpt>
   <trkpt lat="44.1496600" lon="-73.7748500">
    <ele>415.7</ele>
    <time>2022-10-02T12:20:53Z</time>
   </trkpt>
   <trkpt lat="44.1496800" lon="-73.7748900">
    <ele>415.8</ele>
    <time>2022-10-02T12:20:56Z</time>
   </trkpt>
   <trkpt lat="44.1497000" lon="-73.7749400">
    <ele>415.9</ele>
    <time>2022-10-02T12:20:59Z</time>
   </trkpt>
   <trkpt lat="44.1497100" lon="-73.7749800">
    <ele>416.0</ele>
    <time>2022-10-02T12:21:02Z</time>
   </trkpt>
   <trkpt lat="44.1497200" lon="-73.7750200">
    <ele>416.1</ele>
    <time>2022-10-02T12:21:05Z</time>
   </trkpt>
   <trkpt lat="44.1497300" lon="-73.7750700">
    <ele>416.3</ele>
    <time>2022-10-02T12:21:08Z</time>
   </trkpt>
   <trkpt lat="44.1497300" lon="-73.7751100">
    <ele>416.4</ele>
    <time>2022-10-02T12:21:11Z</time>
   </trkpt>
   <trkpt lat="44.1497300" lon="-73.7751500">
    <ele>416.5</ele>
    <time>2022-10-02T12:21:14Z</time>
   </trkpt>
   <trkpt lat="44.1497300" lon="-73.7751900">
    <ele>416.6</ele>
    <time>2022-10-02T12:21:17Z</time>
   </trkpt>
   <trkpt lat="44.1497400" lon="-73.7752400">
    <ele>416.8</ele>
    <time>2022-10-02T12:21:20Z</time>
   </trkpt>
   <trkpt lat="44.1497400" lon="-73.7752800">
    <ele>417.0</ele>
    <time>2022-10-02T12:21:23Z</time>
   </trkpt>
   <trkpt lat="44.1497500" lon="-73.7753300">
    <ele>417.2</ele>
    <time>2022-10-02T12:21:26Z</time>
   </trkpt>
   <trkpt lat="44.1497500" lon="-73.7753700">
    <ele>417.3</ele>
    <time>2022-10-02T12:21:29Z</time>
   </trkpt>
   <trkpt lat="44.1497600" lon="-73.7754200">
    <ele>417.5</ele>
    <time>2022-10-02T12:21:32Z</time>
   </trkpt>
   <trkpt lat="44.1497600" lon="-73.7754600">
    <ele>417.6</ele>
    <time>2022-10-02T12:21:35Z</time>
   </trkpt>
   <trkpt lat="44.1497700" lon="-73.7755100">
    <ele>417.8</ele>
    <time>2022-10-02T12:21:38Z</time>
   </trkpt>
   <trkpt lat="44.1497800" lon="-73.7755500">
    <ele>417.8</ele>
    <time>2022-10-02T12:21:41Z</time>
   </trkpt>
   <trkpt lat="44.1497800" lon="-73.7755900">
    <ele>417.9</ele>
    <time>2022-10-02T12:21:44Z</time>
   </trkpt>
   <trkpt lat="44.1497900" lon="-73.7756400">
    <ele>417.9</ele>
    <time>2022-10-02T12:21:47Z</time>
   </trkpt>
   <trkpt lat="44.1498000" lon="-73.7756800">
    <ele>417.9</ele>
    <time>2022-10-02T12:21:50Z</time>
   </trkpt>
   <trkpt lat="44.1498100" lon="-73.7757300">
    <ele>417.9</ele>
    <time>2022-10-02T12:21:53Z</time>
   </trkpt>
   <trkpt lat="44.1498100" lon="-73.7757700">
    <ele>417.8</ele>
    <time>2022-10-02T12:21:56Z</time>
   </trkpt>
   <trkpt lat="44.1498200" lon="-73.7758100">
    <ele>417.7</ele>
    <time>2022-10-02T12:21:59Z</time>
   </trkpt>
   <trkpt lat="44.1498300" lon="-73.7758600">
    <ele>417.6</ele>
    <time>2022-10-02T12:22:02Z</time>
   </trkpt>
   <trkpt lat="44.1498300" lon="-73.7759000">
    <ele>417.5</ele>
    <time>2022-10-02T12:22:05Z</time>
   </trkpt>
   <trkpt lat="44.1498400" lon="-73.7759400">
    <ele>417.3</ele>
    <time>2022-10-02T12:22:08Z</time>
   </trkpt>
   <trkpt lat="44.1498300" lon="-73.7759800">
    <ele>417.2</ele>
    <time>2022-10-02T12:22:31Z</time>
   </trkpt>
   <trkpt lat="44.1498400" lon="-73.7760200">
    <ele>417.1</ele>
    <time>2022-10-02T12:22:34Z</time>
   </trkpt>
   <trkpt lat="44.1498400" lon="-73.7760500">
    <ele>417.0</ele>
    <time>2022-10-02T12:22:36Z</time>
   </trkpt>
   <trkpt lat="44.1498500" lon="-73.7760900">
    <ele>416.9</ele>
    <time>2022-10-02T12:22:38Z</time>
   </trkpt>
   <trkpt lat="44.1498600" lon="-73.7761400">
    <ele>416.8</ele>
    <time>2022-10-02T12:22:40Z</time>
   </trkpt>
   <trkpt lat="44.1498700" lon="-73.7761800">
    <ele>416.7</ele>
    <time>2022-10-02T12:22:42Z</time>
   </trkpt>
   <trkpt lat="44.1498900" lon="-73.7762200">
    <ele>416.6</ele>
    <time>2022-10-02T12:22:44Z</time>
   </trkpt>
   <trkpt lat="44.1499000" lon="-73.7762700">
    <ele>416.5</ele>
    <time>2022-10-02T12:22:46Z</time>
   </trkpt>
   <trkpt lat="44.1499100" lon="-73.7763000">
    <ele>416.5</ele>
    <time>2022-10-02T12:22:48Z</time>
   </trkpt>
   <trkpt lat="44.1499200" lon="-73.7763400">
    <ele>416.4</ele>
    <time>2022-10-02T12:22:50Z</time>
   </trkpt>
   <trkpt lat="44.1499300" lon="-73.7763800">
    <ele>416.4</ele>
    <time>2022-10-02T12:22:52Z</time>
   </trkpt>
   <trkpt lat="44.1499400" lon="-73.7764200">
    <ele>416.3</ele>
    <time>2022-10-02T12:22:54Z</time>
   </trkpt>
   <trkpt lat="44.1499500" lon="-73.7764600">
    <ele>416.3</ele>
    <time>2022-10-02T12:22:56Z</time>
   </trkpt>
   <trkpt lat="44.1499600" lon="-73.7764900">
    <ele>416.2</ele>
    <time>2022-10-02T12:22:58Z</time>
   </trkpt>
   <trkpt lat="44.1499800" lon="-73.7765300">
    <ele>416.2</ele>
    <time>2022-10-02T12:23:00Z</time>
   </trkpt>
   <trkpt lat="44.1499900" lon="-73.7765700">
    <ele>416.2</ele>
    <time>2022-10-02T12:23:02Z</time>
   </trkpt>
   <trkpt lat="44.1500100" lon="-73.7766000">
    <ele>416.2</ele>
    <time>2022-10-02T12:23:04Z</time>
   </trkpt>
   <trkpt lat="44.1500200" lon="-73.7766400">
    <ele>416.2</ele>
    <time>2022-10-02T12:23:06Z</time>
   </trkpt>
   <trkpt lat="44.1500300" lon="-73.7766800">
    <ele>416.1</ele>
    <time>2022-10-02T12:23:08Z</time>
   </trkpt>
   <trkpt lat="44.1500500" lon="-73.7767100">
    <ele>416.1</ele>
    <time>2022-10-02T12:23:10Z</time>
   </trkpt>
   <trkpt lat="44.1500600" lon="-73.7767500">
    <ele>416.1</ele>
    <time>2022-10-02T12:23:12Z</time>
   </trkpt>
   <trkpt lat="44.1500800" lon="-73.7767900">
    <ele>416.1</ele>
    <time>2022-10-02T12:23:14Z</time>
   </trkpt>
   <trkpt lat="44.1500900" lon="-73.7768200">
    <ele>416.2</ele>
    <time>2022-10-02T12:23:16Z</time>
   </trkpt>
   <trkpt lat="44.1501100" lon="-73.7768500">
    <ele>416.2</ele>
    <time>2022-10-02T12:23:18Z</time>
   </trkpt>
   <trkpt lat="44.1501200" lon="-73.7769000">
    <ele>416.2</ele>
    <time>2022-10-02T12:23:21Z</time>
   </trkpt>
   <trkpt lat="44.1501100" lon="-73.7769300">
    <ele>416.3</ele>
    <time>2022-10-02T12:23:40Z</time>
   </trkpt>
   <trkpt lat="44.1501300" lon="-73.7769700">
    <ele>416.3</ele>
    <time>2022-10-02T12:23:46Z</time>
   </trkpt>
   <trkpt lat="44.1501500" lon="-73.7770100">
    <ele>416.4</ele>
    <time>2022-10-02T12:23:49Z</time>
   </trkpt>
   <trkpt lat="44.1501700" lon="-73.7770400">
    <ele>416.5</ele>
    <time>2022-10-02T12:23:54Z</time>
   </trkpt>
   <trkpt lat="44.1501900" lon="-73.7770700">
    <ele>416.5</ele>
    <time>2022-10-02T12:23:59Z</time>
   </trkpt>
   <trkpt lat="44.1502200" lon="-73.7771000">
    <ele>416.6</ele>
    <time>2022-10-02T12:24:02Z</time>
   </trkpt>
   <trkpt lat="44.1502500" lon="-73.7771200">
    <ele>416.7</ele>
    <time>2022-10-02T12:24:18Z</time>
   </trkpt>
   <trkpt lat="44.1502600" lon="-73.7771600">
    <ele>416.8</ele>
    <time>2022-10-02T12:24:22Z</time>
   </trkpt>
   <trkpt lat="44.1502600" lon="-73.7772000">
    <ele>416.8</ele>
    <time>2022-10-02T12:24:28Z</time>
   </trkpt>
   <trkpt lat="44.1502700" lon="-73.7772400">
    <ele>416.9</ele>
    <time>2022-10-02T12:24:33Z</time>
   </trkpt>
   <trkpt lat="44.1502800" lon="-73.7772900">
    <ele>416.9</ele>
    <time>2022-10-02T12:24:36Z</time>
   </trkpt>
   <trkpt lat="44.1502900" lon="-73.7773400">
    <ele>417.0</ele>
    <time>2022-10-02T12:24:39Z</time>
   </trkpt>
   <trkpt lat="44.1503100" lon="-73.7773800">
    <ele>417.0</ele>
    <time>2022-10-02T12:24:42Z</time>
   </trkpt>
   <trkpt lat="44.1503200" lon="-73.7774200">
    <ele>417.1</ele>
    <time>2022-10-02T12:24:45Z</time>
   </trkpt>
   <trkpt lat="44.1503400" lon="-73.7774600">
    <ele>417.1</ele>
    <time>2022-10-02T12:24:48Z</time>
   </trkpt>
   <trkpt lat="44.1503500" lon="-73.7775000">
    <ele>417.1</ele>
    <time>2022-10-02T12:24:51Z</time>
   </trkpt>
   <trkpt lat="44.1503600" lon="-73.7775400">
    <ele>417.0</ele>
    <time>2022-10-02T12:24:54Z</time>
   </trkpt>
   <trkpt lat="44.1503800" lon="-73.7775900">
    <ele>417.0</ele>
    <time>2022-10-02T12:24:57Z</time>
   </trkpt>
   <trkpt lat="44.1504000" lon="-73.7776400">
    <ele>416.9</ele>
    <time>2022-10-02T12:25:00Z</time>
   </trkpt>
   <trkpt lat="44.1504100" lon="-73.7776900">
    <ele>416.8</ele>
    <time>2022-10-02T12:25:03Z</time>
   </trkpt>
   <trkpt lat="44.1504300" lon="-73.7777200">
    <ele>416.8</ele>
    <time>2022-10-02T12:25:08Z</time>
   </trkpt>
   <trkpt lat="44.1504500" lon="-73.7777400">
    <ele>416.7</ele>
    <time>2022-10-02T12:25:30Z</time>
   </trkpt>
   <trkpt lat="44.1504600" lon="-73.7777800">
    <ele>416.6</ele>
    <time>2022-10-02T12:25:32Z</time>
   </trkpt>
   <trkpt lat="44.1504700" lon="-73.7778200">
    <ele>416.6</ele>
    <time>2022-10-02T12:25:34Z</time>
   </trkpt>
   <trkpt lat="44.1504800" lon="-73.7778600">
    <ele>416.5</ele>
    <time>2022-10-02T12:25:36Z</time>
   </trkpt>
   <trkpt lat="44.1504900" lon="-73.7779000">
    <ele>416.5</ele>
    <time>2022-10-02T12:25:38Z</time>
   </trkpt>
   <trkpt lat="44.1505000" lon="-73.7779300">
    <ele>416.4</ele>
    <time>2022-10-02T12:25:40Z</time>
   </trkpt>
   <trkpt lat="44.1505100" lon="-73.7779700">
    <ele>416.4</ele>
    <time>2022-10-02T12:25:42Z</time>
   </trkpt>
   <trkpt lat="44.1505300" lon="-73.7780000">
    <ele>416.4</ele>
    <time>2022-10-02T12:25:46Z</time>
   </trkpt>
   <trkpt lat="44.1505500" lon="-73.7780400">
    <ele>416.3</ele>
    <time>2022-10-02T12:26:18Z</time>
   </trkpt>
   <trkpt lat="44.1505600" lon="-73.7780800">
    <ele>416.3</ele>
    <time>2022-10-02T12:26:21Z</time>
   </trkpt>
   <trkpt lat="44.1505700" lon="-73.7781100">
    <ele>416.2</ele>
    <time>2022-10-02T12:26:24Z</time>
   </trkpt>
   <trkpt lat="44.1505900" lon="-73.7781400">
    <ele>416.2</ele>
    <time>2022-10-02T12:26:27Z</time>
   </trkpt>
   <trkpt lat="44.1506100" lon="-73.7781700">
    <ele>416.1</ele>
    <time>2022-10-02T12:26:30Z</time>
   </trkpt>
   <trkpt lat="44.1506300" lon="-73.7782000">
    <ele>416.1</ele>
    <time>2022-10-02T12:26:47Z</time>
   </trkpt>
   <trkpt lat="44.1506400" lon="-73.7782400">
    <ele>416.0</ele>
    <time>2022-10-02T12:26:50Z</time>
   </trkpt>
   <trkpt lat="44.1506600" lon="-73.7782800">
    <ele>416.0</ele>
    <time>2022-10-02T12:26:56Z</time>
   </trkpt>
   <trkpt lat="44.1506800" lon="-73.7783100">
    <ele>415.9</ele>
    <time>2022-10-02T12:27:01Z</time>
   </trkpt>
   <trkpt lat="44.1506900" lon="-73.7783400">
    <ele>415.8</ele>
    <time>2022-10-02T12:27:05Z</time>
   </trkpt>
   <trkpt lat="44.1507100" lon="-73.7783700">
    <ele>415.8</ele>
    <time>2022-10-02T12:27:07Z</time>
   </trkpt>
   <trkpt lat="44.1507200" lon="-73.7784100">
    <ele>415.7</ele>
    <time>2022-10-02T12:27:09Z</time>
   </trkpt>
   <trkpt lat="44.1507500" lon="-73.7784400">
    <ele>415.6</ele>
    <time>2022-10-02T12:27:12Z</time>
   </trkpt>
   <trkpt lat="44.1507700" lon="-73.7784800">
    <ele>415.6</ele>
    <time>2022-10-02T12:27:26Z</time>
   </trkpt>
   <trkpt lat="44.1507800" lon="-73.7785200">
    <ele>415.5</ele>
    <time>2022-10-02T12:27:28Z</time>
   </trkpt>
   <trkpt lat="44.1508000" lon="-73.7785700">
    <ele>415.5</ele>
    <time>2022-10-02T12:27:31Z</time>
   </trkpt>
   <trkpt lat="44.1508200" lon="-73.7786000">
    <ele>415.5</ele>
    <time>2022-10-02T12:27:33Z</time>
   </trkpt>
   <trkpt lat="44.1508400" lon="-73.7786300">
    <ele>415.5</ele>
    <time>2022-10-02T12:27:35Z</time>
   </trkpt>
   <trkpt lat="44.1508500" lon="-73.7786700">
    <ele>415.4</ele>
    <time>2022-10-02T12:27:37Z</time>
   </trkpt>
   <trkpt lat="44.1508700" lon="-73.7787000">
    <ele>415.4</ele>
    <time>2022-10-02T12:27:39Z</time>
   </trkpt>
   <trkpt lat="44.1508900" lon="-73.7787300">
    <ele>415.4</ele>
    <time>2022-10-02T12:27:41Z</time>
   </trkpt>
   <trkpt lat="44.1509000" lon="-73.7787700">
    <ele>415.4</ele>
    <time>2022-10-02T12:27:43Z</time>
   </trkpt>
   <trkpt lat="44.1509100" lon="-73.7788200">
    <ele>415.4</ele>
    <time>2022-10-02T12:27:46Z</time>
   </trkpt>
   <trkpt lat="44.1509300" lon="-73.7788800">
    <ele>415.4</ele>
    <time>2022-10-02T12:27:49Z</time>
   </trkpt>
   <trkpt lat="44.1509400" lon="-73.7789100">
    <ele>415.4</ele>
    <time>2022-10-02T12:27:51Z</time>
   </trkpt>
   <trkpt lat="44.1509600" lon="-73.7789500">
    <ele>415.4</ele>
    <time>2022-10-02T12:27:53Z</time>
   </trkpt>
   <trkpt lat="44.1509700" lon="-73.7789800">
    <ele>415.4</ele>
    <time>2022-10-02T12:27:55Z</time>
   </trkpt>
   <trkpt lat="44.1509900" lon="-73.7790200">
    <ele>415.4</ele>
    <time>2022-10-02T12:27:57Z</time>
   </trkpt>
   <trkpt lat="44.1510100" lon="-73.7790600">
    <ele>415.4</ele>
    <time>2022-10-02T12:28:00Z</time>
   </trkpt>
   <trkpt lat="44.1510200" lon="-73.7791000">
    <ele>415.4</ele>
    <time>2022-10-02T12:28:02Z</time>
   </trkpt>
   <trkpt lat="44.1510400" lon="-73.7791400">
    <ele>415.3</ele>
    <time>2022-10-02T12:28:05Z</time>
   </trkpt>
   <trkpt lat="44.1510600" lon="-73.7791800">
    <ele>415.3</ele>
    <time>2022-10-02T12:28:08Z</time>
   </trkpt>
   <trkpt lat="44.1510500" lon="-73.7792200">
    <ele>414.7</ele>
    <time>2022-10-02T12:28:15Z</time>
   </trkpt>
   <trkpt lat="44.1510300" lon="-73.7792600">
    <ele>414.5</ele>
    <time>2022-10-02T12:28:18Z</time>
   </trkpt>
   <trkpt lat="44.1510000" lon="-73.7792500">
    <ele>414.3</ele>
    <time>2022-10-02T12:28:30Z</time>
   </trkpt>
   <trkpt lat="44.1509600" lon="-73.7792600">
    <ele>414.0</ele>
    <time>2022-10-02T12:28:34Z</time>
   </trkpt>
   <trkpt lat="44.1509400" lon="-73.7792800">
    <ele>413.9</ele>
    <time>2022-10-02T12:28:36Z</time>
   </trkpt>
   <trkpt lat="44.1509100" lon="-73.7793000">
    <ele>413.7</ele>
    <time>2022-10-02T12:28:38Z</time>
   </trkpt>
   <trkpt lat="44.1508800" lon="-73.7793200">
    <ele>413.5</ele>
    <time>2022-10-02T12:28:40Z</time>
   </trkpt>
   <trkpt lat="44.1508600" lon="-73.7793300">
    <ele>413.4</ele>
    <time>2022-10-02T12:28:44Z</time>
   </trkpt>
   <trkpt lat="44.1508300" lon="-73.7793800">
    <ele>413.2</ele>
    <time>2022-10-02T12:28:51Z</time>
   </trkpt>
   <trkpt lat="44.1508200" lon="-73.7794200">
    <ele>413.1</ele>
    <time>2022-10-02T12:28:53Z</time>
   </trkpt>
   <trkpt lat="44.1508100" lon="-73.7794700">
    <ele>413.0</ele>
    <time>2022-10-02T12:28:55Z</time>
   </trkpt>
   <trkpt lat="44.1508000" lon="-73.7795200">
    <ele>412.9</ele>
    <time>2022-10-02T12:28:58Z</time>
   </trkpt>
   <trkpt lat="44.1508000" lon="-73.7795700">
    <ele>412.8</ele>
    <time>2022-10-02T12:29:00Z</time>
   </trkpt>
   <trkpt lat="44.1508000" lon="-73.7796100">
    <ele>412.7</ele>
    <time>2022-10-02T12:29:02Z</time>
   </trkpt>
   <trkpt lat="44.1508000" lon="-73.7796700">
    <ele>412.5</ele>
    <time>2022-10-02T12:29:05Z</time>
   </trkpt>
   <trkpt lat="44.1507900" lon="-73.7797100">
    <ele>412.4</ele>
    <time>2022-10-02T12:29:07Z</time>
   </trkpt>
   <trkpt lat="44.1507800" lon="-73.7797600">
    <ele>412.3</ele>
    <time>2022-10-02T12:29:10Z</time>
   </trkpt>
   <trkpt lat="44.1507700" lon="-73.7798200">
    <ele>412.2</ele>
    <time>2022-10-02T12:29:13Z</time>
   </trkpt>
   <trkpt lat="44.1507500" lon="-73.7798500">
    <ele>412.1</ele>
    <time>2022-10-02T12:29:15Z</time>
   </trkpt>
   <trkpt lat="44.1507400" lon="-73.7799000">
    <ele>411.9</ele>
    <time>2022-10-02T12:29:18Z</time>
   </trkpt>
   <trkpt lat="44.1507300" lon="-73.7799500">
    <ele>411.8</ele>
    <time>2022-10-02T12:29:20Z</time>
   </trkpt>
   <trkpt lat="44.1507100" lon="-73.7799900">
    <ele>411.6</ele>
    <time>2022-10-02T12:29:22Z</time>
   </trkpt>
   <trkpt lat="44.1507000" lon="-73.7800400">
    <ele>411.4</ele>
    <time>2022-10-02T12:29:24Z</time>
   </trkpt>
   <trkpt lat="44.1506900" lon="-73.7800700">
    <ele>411.3</ele>
    <time>2022-10-02T12:29:25Z</time>
   </trkpt>
   <trkpt lat="44.1506700" lon="-73.7801100">
    <ele>411.1</ele>
    <time>2022-10-02T12:29:28Z</time>
   </trkpt>
   <trkpt lat="44.1506400" lon="-73.7801400">
    <ele>410.9</ele>
    <time>2022-10-02T12:29:31Z</time>
   </trkpt>
   <trkpt lat="44.1506100" lon="-73.7801700">
    <ele>410.7</ele>
    <time>2022-10-02T12:29:34Z</time>
   </trkpt>
   <trkpt lat="44.1505800" lon="-73.7801900">
    <ele>410.5</ele>
    <time>2022-10-02T12:29:37Z</time>
   </trkpt>
   <trkpt lat="44.1505500" lon="-73.7802100">
    <ele>410.3</ele>
    <time>2022-10-02T12:29:47Z</time>
   </trkpt>
   <trkpt lat="44.1505200" lon="-73.7802200">
    <ele>410.2</ele>
    <time>2022-10-02T12:29:49Z</time>
   </trkpt>
   <trkpt lat="44.1505000" lon="-73.7802400">
    <ele>410.0</ele>
    <time>2022-10-02T12:29:52Z</time>
   </trkpt>
   <trkpt lat="44.1504700" lon="-73.7802700">
    <ele>409.8</ele>
    <time>2022-10-02T12:29:55Z</time>
   </trkpt>
   <trkpt lat="44.1504500" lon="-73.7802900">
    <ele>409.7</ele>
    <time>2022-10-02T12:29:58Z</time>
   </trkpt>
   <trkpt lat="44.1504300" lon="-73.7803300">
    <ele>409.6</ele>
    <time>2022-10-02T12:30:01Z</time>
   </trkpt>
   <trkpt lat="44.1504100" lon="-73.7803600">
    <ele>409.5</ele>
    <time>2022-10-02T12:30:04Z</time>
   </trkpt>
   <trkpt lat="44.1503900" lon="-73.7804000">
    <ele>409.3</ele>
    <time>2022-10-02T12:30:07Z</time>
   </trkpt>
   <trkpt lat="44.1503600" lon="-73.7804400">
    <ele>409.2</ele>
    <time>2022-10-02T12:30:10Z</time>
   </trkpt>
   <trkpt lat="44.1503500" lon="-73.7804800">
    <ele>409.1</ele>
    <time>2022-10-02T12:30:13Z</time>
   </trkpt>
   <trkpt lat="44.1503400" lon="-73.7805100">
    <ele>409.0</ele>
    <time>2022-10-02T12:30:16Z</time>
   </trkpt>
   <trkpt lat="44.1503200" lon="-73.7805600">
    <ele>408.9</ele>
    <time>2022-10-02T12:30:19Z</time>
   </trkpt>
   <trkpt lat="44.1503200" lon="-73.7806100">
    <ele>408.8</ele>
    <time>2022-10-02T12:30:22Z</time>
   </trkpt>
   <trkpt lat="44.1503100" lon="-73.7806500">
    <ele>408.7</ele>
    <time>2022-10-02T12:30:24Z</time>
   </trkpt>
   <trkpt lat="44.1503100" lon="-73.7807000">
    <ele>408.6</ele>
    <time>2022-10-02T12:30:26Z</time>
   </trkpt>
   <trkpt lat="44.1503000" lon="-73.7807500">
    <ele>408.6</ele>
    <time>2022-10-02T12:30:29Z</time>
   </trkpt>
   <trkpt lat="44.1502900" lon="-73.7807900">
    <ele>408.5</ele>
    <time>2022-10-02T12:30:31Z</time>
   </trkpt>
   <trkpt lat="44.1502900" lon="-73.7808500">
    <ele>408.4</ele>
    <time>2022-10-02T12:30:38Z</time>
   </trkpt>
   <trkpt lat="44.1502700" lon="-73.7808900">
    <ele>408.4</ele>
    <time>2022-10-02T12:30:41Z</time>
   </trkpt>
   <trkpt lat="44.1502500" lon="-73.7809200">
    <ele>408.3</ele>
    <time>2022-10-02T12:30:43Z</time>
   </trkpt>
   <trkpt lat="44.1502300" lon="-73.7809400">
    <ele>408.2</ele>
    <time>2022-10-02T12:30:45Z</time>
   </trkpt>
   <trkpt lat="44.1502100" lon="-73.7809700">
    <ele>408.2</ele>
    <time>2022-10-02T12:30:47Z</time>
   </trkpt>
   <trkpt lat="44.1501800" lon="-73.7809900">
    <ele>408.1</ele>
    <time>2022-10-02T12:30:49Z</time>
   </trkpt>
   <trkpt lat="44.1501500" lon="-73.7810200">
    <ele>408.0</ele>
    <time>2022-10-02T12:30:51Z</time>
   </trkpt>
   <trkpt lat="44.1501200" lon="-73.7810400">
    <ele>407.8</ele>
    <time>2022-10-02T12:30:53Z</time>
   </trkpt>
   <trkpt lat="44.1501000" lon="-73.7810700">
    <ele>407.7</ele>
    <time>2022-10-02T12:30:56Z</time>
   </trkpt>
   <trkpt lat="44.1500700" lon="-73.7811100">
    <ele>407.5</ele>
    <time>2022-10-02T12:31:00Z</time>
   </trkpt>
   <trkpt lat="44.1500500" lon="-73.7811600">
    <ele>407.3</ele>
    <time>2022-10-02T12:31:04Z</time>
   </trkpt>
   <trkpt lat="44.1500300" lon="-73.7811800">
    <ele>407.1</ele>
    <time>2022-10-02T12:31:07Z</time>
   </trkpt>
   <trkpt lat="44.1500100" lon="-73.7812100">
    <ele>406.9</ele>
    <time>2022-10-02T12:31:11Z</time>
   </trkpt>
   <trkpt lat="44.1499900" lon="-73.7812700">
    <ele>406.6</ele>
    <time>2022-10-02T12:31:14Z</time>
   </trkpt>
   <trkpt lat="44.1499700" lon="-73.7813000">
    <ele>406.5</ele>
    <time>2022-10-02T12:31:16Z</time>
   </trkpt>
   <trkpt lat="44.1499600" lon="-73.7813300">
    <ele>406.3</ele>
    <time>2022-10-02T12:31:18Z</time>
   </trkpt>
   <trkpt lat="44.1499300" lon="-73.7813600">
    <ele>406.0</ele>
    <time>2022-10-02T12:31:20Z</time>
   </trkpt>
   <trkpt lat="44.1499100" lon="-73.7814000">
    <ele>405.8</ele>
    <time>2022-10-02T12:31:22Z</time>
   </trkpt>
   <trkpt lat="44.1498900" lon="-73.7814300">
    <ele>405.6</ele>
    <time>2022-10-02T12:31:24Z</time>
   </trkpt>
   <trkpt lat="44.1498600" lon="-73.7814700">
    <ele>405.3</ele>
    <time>2022-10-02T12:31:27Z</time>
   </trkpt>
   <trkpt lat="44.1498400" lon="-73.7815200">
    <ele>405.0</ele>
    <time>2022-10-02T12:31:30Z</time>
   </trkpt>
   <trkpt lat="44.1498100" lon="-73.7815400">
    <ele>404.8</ele>
    <time>2022-10-02T12:31:34Z</time>
   </trkpt>
   <trkpt lat="44.1497900" lon="-73.7815700">
    <ele>404.6</ele>
    <time>2022-10-02T12:31:39Z</time>
   </trkpt>
   <trkpt lat="44.1497700" lon="-73.7816200">
    <ele>404.5</ele>
    <time>2022-10-02T12:31:42Z</time>
   </trkpt>
   <trkpt lat="44.1498100" lon="-73.7815500">
    <ele>404.3</ele>
    <time>2022-10-02T12:32:37Z</time>
   </trkpt>
   <trkpt lat="44.1497800" lon="-73.7815600">
    <ele>404.2</ele>
    <time>2022-10-02T12:32:47Z</time>
   </trkpt>
   <trkpt lat="44.1497600" lon="-73.7815900">
    <ele>404.1</ele>
    <time>2022-10-02T12:32:50Z</time>
   </trkpt>
   <trkpt lat="44.1497300" lon="-73.7816100">
    <ele>404.0</ele>
    <time>2022-10-02T12:32:58Z</time>
   </trkpt>
   <trkpt lat="44.1497000" lon="-73.7816300">
    <ele>404.0</ele>
    <time>2022-10-02T12:33:00Z</time>
   </trkpt>
   <trkpt lat="44.1496900" lon="-73.7816800">
    <ele>403.9</ele>
    <time>2022-10-02T12:33:03Z</time>
   </trkpt>
   <trkpt lat="44.1496900" lon="-73.7817100">
    <ele>403.9</ele>
    <time>2022-10-02T12:33:13Z</time>
   </trkpt>
   <trkpt lat="44.1496800" lon="-73.7817500">
    <ele>403.9</ele>
    <time>2022-10-02T12:33:17Z</time>
   </trkpt>
   <trkpt lat="44.1496600" lon="-73.7817800">
    <ele>403.9</ele>
    <time>2022-10-02T12:33:19Z</time>
   </trkpt>
   <trkpt lat="44.1496300" lon="-73.7818100">
    <ele>403.8</ele>
    <time>2022-10-02T12:33:22Z</time>
   </trkpt>
   <trkpt lat="44.1496100" lon="-73.7818500">
    <ele>403.8</ele>
    <time>2022-10-02T12:33:24Z</time>
   </trkpt>
   <trkpt lat="44.1495800" lon="-73.7818900">
    <ele>403.9</ele>
    <time>2022-10-02T12:33:26Z</time>
   </trkpt>
   <trkpt lat="44.1495600" lon="-73.7819200">
    <ele>403.9</ele>
    <time>2022-10-02T12:33:28Z</time>
   </trkpt>
   <trkpt lat="44.1495400" lon="-73.7819600">
    <ele>404.0</ele>
    <time>2022-10-02T12:33:31Z</time>
   </trkpt>
   <trkpt lat="44.1495100" lon="-73.7820000">
    <ele>404.1</ele>
    <time>2022-10-02T12:33:34Z</time>
   </trkpt>
   <trkpt lat="44.1494800" lon="-73.7820300">
    <ele>404.1</ele>
    <time>2022-10-02T12:33:37Z</time>
   </trkpt>
   <trkpt lat="44.1494600" lon="-73.7820500">
    <ele>404.2</ele>
    <time>2022-10-02T12:33:39Z</time>
   </trkpt>
   <trkpt lat="44.1494300" lon="-73.7820900">
    <ele>404.3</ele>
    <time>2022-10-02T12:33:42Z</time>
   </trkpt>
   <trkpt lat="44.1494100" lon="-73.7821100">
    <ele>404.4</ele>
    <time>2022-10-02T12:33:44Z</time>
   </trkpt>
   <trkpt lat="44.1493900" lon="-73.7821400">
    <ele>404.5</ele>
    <time>2022-10-02T12:33:47Z</time>
   </trkpt>
   <trkpt lat="44.1493600" lon="-73.7821400">
    <ele>404.5</ele>
    <time>2022-10-02T12:33:52Z</time>
   </trkpt>
   <trkpt lat="44.1493400" lon="-73.7821500">
    <ele>404.6</ele>
    <time>2022-10-02T12:33:56Z</time>
   </trkpt>
   <trkpt lat="44.1493100" lon="-73.7821800">
    <ele>404.7</ele>
    <time>2022-10-02T12:33:59Z</time>
   </trkpt>
   <trkpt lat="44.1492900" lon="-73.7822100">
    <ele>404.8</ele>
    <time>2022-10-02T12:34:01Z</time>
   </trkpt>
   <trkpt lat="44.1492800" lon="-73.7822500">
    <ele>404.8</ele>
    <time>2022-10-02T12:34:04Z</time>
   </trkpt>
   <trkpt lat="44.1492900" lon="-73.7822800">
    <ele>404.9</ele>
    <time>2022-10-02T12:34:07Z</time>
   </trkpt>
   <trkpt lat="44.1492600" lon="-73.7823100">
    <ele>405.0</ele>
    <time>2022-10-02T12:34:11Z</time>
   </trkpt>
   <trkpt lat="44.1492200" lon="-73.7823200">
    <ele>405.1</ele>
    <time>2022-10-02T12:34:13Z</time>
   </trkpt>
   <trkpt lat="44.1491800" lon="-73.7823500">
    <ele>405.1</ele>
    <time>2022-10-02T12:34:15Z</time>
   </trkpt>
   <trkpt lat="44.1491400" lon="-73.7823700">
    <ele>405.2</ele>
    <time>2022-10-02T12:34:18Z</time>
   </trkpt>
   <trkpt lat="44.1491000" lon="-73.7823900">
    <ele>405.3</ele>
    <time>2022-10-02T12:34:21Z</time>
   </trkpt>
   <trkpt lat="44.1490700" lon="-73.7824100">
    <ele>405.3</ele>
    <time>2022-10-02T12:34:24Z</time>
   </trkpt>
   <trkpt lat="44.1490400" lon="-73.7824400">
    <ele>405.4</ele>
    <time>2022-10-02T12:34:27Z</time>
   </trkpt>
   <trkpt lat="44.1490200" lon="-73.7824700">
    <ele>405.4</ele>
    <time>2022-10-02T12:34:29Z</time>
   </trkpt>
   <trkpt lat="44.1490100" lon="-73.7825000">
    <ele>405.4</ele>
    <time>2022-10-02T12:34:32Z</time>
   </trkpt>
   <trkpt lat="44.1489800" lon="-73.7825300">
    <ele>405.5</ele>
    <time>2022-10-02T12:34:35Z</time>
   </trkpt>
   <trkpt lat="44.1489500" lon="-73.7825600">
    <ele>405.5</ele>
    <time>2022-10-02T12:34:38Z</time>
   </trkpt>
   <trkpt lat="44.1489200" lon="-73.7825800">
    <ele>405.5</ele>
    <time>2022-10-02T12:34:40Z</time>
   </trkpt>
   <trkpt lat="44.1489000" lon="-73.7825900">
    <ele>405.5</ele>
    <time>2022-10-02T12:34:42Z</time>
   </trkpt>
   <trkpt lat="44.1488600" lon="-73.7826100">
    <ele>405.5</ele>
    <time>2022-10-02T12:34:45Z</time>
   </trkpt>
   <trkpt lat="44.1488400" lon="-73.7826300">
    <ele>405.5</ele>
    <time>2022-10-02T12:34:48Z</time>
   </trkpt>
   <trkpt lat="44.1488000" lon="-73.7826400">
    <ele>405.5</ele>
    <time>2022-10-02T12:34:51Z</time>
   </trkpt>
   <trkpt lat="44.1487600" lon="-73.7826500">
    <ele>405.5</ele>
    <time>2022-10-02T12:34:54Z</time>
   </trkpt>
   <trkpt lat="44.1487300" lon="-73.7826500">
    <ele>405.6</ele>
    <time>2022-10-02T12:34:56Z</time>
   </trkpt>
   <trkpt lat="44.1487000" lon="-73.7826600">
    <ele>405.6</ele>
    <time>2022-10-02T12:34:59Z</time>
   </trkpt>
   <trkpt lat="44.1486600" lon="-73.7826700">
    <ele>405.6</ele>
    <time>2022-10-02T12:35:03Z</time>
   </trkpt>
   <trkpt lat="44.1486200" lon="-73.7826800">
    <ele>405.7</ele>
    <time>2022-10-02T12:35:06Z</time>
   </trkpt>
   <trkpt lat="44.1485800" lon="-73.7826900">
    <ele>405.8</ele>
    <time>2022-10-02T12:35:09Z</time>
   </trkpt>
   <trkpt lat="44.1485500" lon="-73.7827000">
    <ele>405.8</ele>
    <time>2022-10-02T12:35:11Z</time>
   </trkpt>
   <trkpt lat="44.1485300" lon="-73.7827200">
    <ele>405.9</ele>
    <time>2022-10-02T12:35:13Z</time>
   </trkpt>
   <trkpt lat="44.1485000" lon="-73.7827400">
    <ele>406.0</ele>
    <time>2022-10-02T12:35:16Z</time>
   </trkpt>
   <trkpt lat="44.1484800" lon="-73.7827700">
    <ele>406.0</ele>
    <time>2022-10-02T12:35:19Z</time>
   </trkpt>
   <trkpt lat="44.1484500" lon="-73.7828000">
    <ele>406.1</ele>
    <time>2022-10-02T12:35:22Z</time>
   </trkpt>
   <trkpt lat="44.1484200" lon="-73.7828300">
    <ele>406.1</ele>
    <time>2022-10-02T12:35:25Z</time>
   </trkpt>
   <trkpt lat="44.1484000" lon="-73.7828800">
    <ele>406.2</ele>
    <time>2022-10-02T12:35:28Z</time>
   </trkpt>
   <trkpt lat="44.1483800" lon="-73.7829300">
    <ele>406.3</ele>
    <time>2022-10-02T12:35:31Z</time>
   </trkpt>
   <trkpt lat="44.1483700" lon="-73.7829600">
    <ele>406.3</ele>
    <time>2022-10-02T12:35:34Z</time>
   </trkpt>
   <trkpt lat="44.1483600" lon="-73.7830000">
    <ele>406.3</ele>
    <time>2022-10-02T12:35:37Z</time>
   </trkpt>
   <trkpt lat="44.1483400" lon="-73.7830400">
    <ele>406.4</ele>
    <time>2022-10-02T12:35:40Z</time>
   </trkpt>
   <trkpt lat="44.1483300" lon="-73.7830700">
    <ele>406.4</ele>
    <time>2022-10-02T12:35:43Z</time>
   </trkpt>
   <trkpt lat="44.1483100" lon="-73.7831200">
    <ele>406.4</ele>
    <time>2022-10-02T12:35:45Z</time>
   </trkpt>
   <trkpt lat="44.1482900" lon="-73.7831600">
    <ele>406.5</ele>
    <time>2022-10-02T12:35:47Z</time>
   </trkpt>
   <trkpt lat="44.1482800" lon="-73.7831900">
    <ele>406.5</ele>
    <time>2022-10-02T12:35:49Z</time>
   </trkpt>
   <trkpt lat="44.1482600" lon="-73.7832400">
    <ele>406.6</ele>
    <time>2022-10-02T12:35:52Z</time>
   </trkpt>
   <trkpt lat="44.1482500" lon="-73.7832800">
    <ele>406.6</ele>
    <time>2022-10-02T12:35:54Z</time>
   </trkpt>
   <trkpt lat="44.1482300" lon="-73.7833100">
    <ele>406.6</ele>
    <time>2022-10-02T12:35:56Z</time>
   </trkpt>
   <trkpt lat="44.1482200" lon="-73.7833500">
    <ele>406.7</ele>
    <time>2022-10-02T12:36:00Z</time>
   </trkpt>
   <trkpt lat="44.1482100" lon="-73.7833900">
    <ele>406.7</ele>
    <time>2022-10-02T12:36:03Z</time>
   </trkpt>
   <trkpt lat="44.1481900" lon="-73.7834400">
    <ele>406.7</ele>
    <time>2022-10-02T12:36:07Z</time>
   </trkpt>
   <trkpt lat="44.1481600" lon="-73.7834800">
    <ele>406.7</ele>
    <time>2022-10-02T12:36:10Z</time>
   </trkpt>
   <trkpt lat="44.1481400" lon="-73.7835300">
    <ele>406.7</ele>
    <time>2022-10-02T12:36:12Z</time>
   </trkpt>
   <trkpt lat="44.1481200" lon="-73.7835800">
    <ele>406.7</ele>
    <time>2022-10-02T12:36:15Z</time>
   </trkpt>
   <trkpt lat="44.1481100" lon="-73.7836200">
    <ele>406.7</ele>
    <time>2022-10-02T12:36:17Z</time>
   </trkpt>
   <trkpt lat="44.1480900" lon="-73.7836600">
    <ele>406.6</ele>
    <time>2022-10-02T12:36:20Z</time>
   </trkpt>
   <trkpt lat="44.1480800" lon="-73.7837000">
    <ele>406.6</ele>
    <time>2022-10-02T12:36:23Z</time>
   </trkpt>
   <trkpt lat="44.1480600" lon="-73.7837400">
    <ele>406.5</ele>
    <time>2022-10-02T12:36:25Z</time>
   </trkpt>
   <trkpt lat="44.1480500" lon="-73.7837800">
    <ele>406.5</ele>
    <time>2022-10-02T12:36:29Z</time>
   </trkpt>
   <trkpt lat="44.1480400" lon="-73.7838200">
    <ele>406.5</ele>
    <time>2022-10-02T12:36:31Z</time>
   </trkpt>
   <trkpt lat="44.1480300" lon="-73.7838600">
    <ele>406.4</ele>
    <time>2022-10-02T12:36:33Z</time>
   </trkpt>
   <trkpt lat="44.1480300" lon="-73.7839000">
    <ele>406.4</ele>
    <time>2022-10-02T12:36:36Z</time>
   </trkpt>
   <trkpt lat="44.1480200" lon="-73.7839300">
    <ele>406.4</ele>
    <time>2022-10-02T12:36:38Z</time>
   </trkpt>
   <trkpt lat="44.1480100" lon="-73.7839800">
    <ele>406.4</ele>
    <time>2022-10-02T12:36:41Z</time>
   </trkpt>
   <trkpt lat="44.1479900" lon="-73.7840300">
    <ele>406.4</ele>
    <time>2022-10-02T12:36:44Z</time>
   </trkpt>
   <trkpt lat="44.1479800" lon="-73.7840700">
    <ele>406.5</ele>
    <time>2022-10-02T12:36:47Z</time>
   </trkpt>
   <trkpt lat="44.1479600" lon="-73.7841000">
    <ele>406.5</ele>
    <time>2022-10-02T12:36:50Z</time>
   </trkpt>
   <trkpt lat="44.1479400" lon="-73.7841300">
    <ele>406.5</ele>
    <time>2022-10-02T12:36:52Z</time>
   </trkpt>
   <trkpt lat="44.1479100" lon="-73.7841800">
    <ele>406.6</ele>
    <time>2022-10-02T12:36:55Z</time>
   </trkpt>
   <trkpt lat="44.1478900" lon="-73.7842200">
    <ele>406.6</ele>
    <time>2022-10-02T12:36:58Z</time>
   </trkpt>
   <trkpt lat="44.1478700" lon="-73.7842500">
    <ele>406.7</ele>
    <time>2022-10-02T12:37:01Z</time>
   </trkpt>
   <trkpt lat="44.1478400" lon="-73.7842800">
    <ele>406.7</ele>
    <time>2022-10-02T12:37:04Z</time>
   </trkpt>
   <trkpt lat="44.1478100" lon="-73.7843200">
    <ele>406.8</ele>
    <time>2022-10-02T12:37:07Z</time>
   </trkpt>
   <trkpt lat="44.1477800" lon="-73.7843400">
    <ele>406.9</ele>
    <time>2022-10-02T12:37:09Z</time>
   </trkpt>
   <trkpt lat="44.1477600" lon="-73.7843600">
    <ele>407.0</ele>
    <time>2022-10-02T12:37:11Z</time>
   </trkpt>
   <trkpt lat="44.1477200" lon="-73.7843700">
    <ele>407.1</ele>
    <time>2022-10-02T12:37:14Z</time>
   </trkpt>
   <trkpt lat="44.1476900" lon="-73.7843800">
    <ele>407.1</ele>
    <time>2022-10-02T12:37:17Z</time>
   </trkpt>
   <trkpt lat="44.1476600" lon="-73.7843800">
    <ele>407.2</ele>
    <time>2022-10-02T12:37:20Z</time>
   </trkpt>
   <trkpt lat="44.1476300" lon="-73.7844000">
    <ele>407.3</ele>
    <time>2022-10-02T12:37:23Z</time>
   </trkpt>
   <trkpt lat="44.1475900" lon="-73.7844100">
    <ele>407.4</ele>
    <time>2022-10-02T12:37:26Z</time>
   </trkpt>
   <trkpt lat="44.1475600" lon="-73.7844300">
    <ele>407.5</ele>
    <time>2022-10-02T12:37:29Z</time>
   </trkpt>
   <trkpt lat="44.1475200" lon="-73.7844500">
    <ele>407.7</ele>
    <time>2022-10-02T12:37:32Z</time>
   </trkpt>
   <trkpt lat="44.1474900" lon="-73.7844600">
    <ele>407.7</ele>
    <time>2022-10-02T12:37:35Z</time>
   </trkpt>
   <trkpt lat="44.1474500" lon="-73.7844800">
    <ele>407.8</ele>
    <time>2022-10-02T12:37:38Z</time>
   </trkpt>
   <trkpt lat="44.1474200" lon="-73.7844900">
    <ele>407.9</ele>
    <time>2022-10-02T12:37:41Z</time>
   </trkpt>
   <trkpt lat="44.1473900" lon="-73.7845100">
    <ele>408.0</ele>
    <time>2022-10-02T12:37:43Z</time>
   </trkpt>
   <trkpt lat="44.1473600" lon="-73.7845200">
    <ele>408.0</ele>
    <time>2022-10-02T12:37:46Z</time>
   </trkpt>
   <trkpt lat="44.1473200" lon="-73.7845400">
    <ele>408.1</ele>
    <time>2022-10-02T12:37:49Z</time>
   </trkpt>
   <trkpt lat="44.1472800" lon="-73.7845500">
    <ele>408.2</ele>
    <time>2022-10-02T12:37:52Z</time>
   </trkpt>
   <trkpt lat="44.1472600" lon="-73.7845700">
    <ele>408.2</ele>
    <time>2022-10-02T12:37:55Z</time>
   </trkpt>
   <trkpt lat="44.1472300" lon="-73.7845800">
    <ele>408.3</ele>
    <time>2022-10-02T12:37:58Z</time>
   </trkpt>
   <trkpt lat="44.1472000" lon="-73.7846000">
    <ele>408.3</ele>
    <time>2022-10-02T12:38:00Z</time>
   </trkpt>
   <trkpt lat="44.1471700" lon="-73.7846200">
    <ele>408.3</ele>
    <time>2022-10-02T12:38:02Z</time>
   </trkpt>
   <trkpt lat="44.1471400" lon="-73.7846400">
    <ele>408.3</ele>
    <time>2022-10-02T12:38:05Z</time>
   </trkpt>
   <trkpt lat="44.1471200" lon="-73.7846600">
    <ele>408.3</ele>
    <time>2022-10-02T12:38:07Z</time>
   </trkpt>
   <trkpt lat="44.1470900" lon="-73.7846800">
    <ele>408.3</ele>
    <time>2022-10-02T12:38:09Z</time>
   </trkpt>
   <trkpt lat="44.1470600" lon="-73.7847100">
    <ele>408.3</ele>
    <time>2022-10-02T12:38:12Z</time>
   </trkpt>
   <trkpt lat="44.1470300" lon="-73.7847400">
    <ele>408.3</ele>
    <time>2022-10-02T12:38:14Z</time>
   </trkpt>
   <trkpt lat="44.1470000" lon="-73.7847700">
    <ele>408.4</ele>
    <time>2022-10-02T12:38:16Z</time>
   </trkpt>
   <trkpt lat="44.1469800" lon="-73.7848000">
    <ele>408.4</ele>
    <time>2022-10-02T12:38:18Z</time>
   </trkpt>
   <trkpt lat="44.1469600" lon="-73.7848300">
    <ele>408.4</ele>
    <time>2022-10-02T12:38:20Z</time>
   </trkpt>
   <trkpt lat="44.1469300" lon="-73.7848600">
    <ele>408.5</ele>
    <time>2022-10-02T12:38:23Z</time>
   </trkpt>
   <trkpt lat="44.1469100" lon="-73.7848800">
    <ele>408.5</ele>
    <time>2022-10-02T12:38:26Z</time>
   </trkpt>
   <trkpt lat="44.1468900" lon="-73.7849200">
    <ele>408.5</ele>
    <time>2022-10-02T12:38:28Z</time>
   </trkpt>
   <trkpt lat="44.1468700" lon="-73.7849500">
    <ele>408.6</ele>
    <time>2022-10-02T12:38:30Z</time>
   </trkpt>
   <trkpt lat="44.1468500" lon="-73.7849800">
    <ele>408.6</ele>
    <time>2022-10-02T12:38:32Z</time>
   </trkpt>
   <trkpt lat="44.1468300" lon="-73.7850100">
    <ele>408.7</ele>
    <time>2022-10-02T12:38:34Z</time>
   </trkpt>
   <trkpt lat="44.1468100" lon="-73.7850400">
    <ele>408.7</ele>
    <time>2022-10-02T12:38:36Z</time>
   </trkpt>
   <trkpt lat="44.1468000" lon="-73.7850700">
    <ele>408.8</ele>
    <time>2022-10-02T12:38:38Z</time>
   </trkpt>
   <trkpt lat="44.1467700" lon="-73.7851200">
    <ele>408.8</ele>
    <time>2022-10-02T12:38:41Z</time>
   </trkpt>
   <trkpt lat="44.1467500" lon="-73.7851600">
    <ele>408.9</ele>
    <time>2022-10-02T12:38:44Z</time>
   </trkpt>
   <trkpt lat="44.1467400" lon="-73.7851900">
    <ele>409.0</ele>
    <time>2022-10-02T12:38:47Z</time>
   </trkpt>
   <trkpt lat="44.1467200" lon="-73.7852400">
    <ele>409.1</ele>
    <time>2022-10-02T12:38:50Z</time>
   </trkpt>
   <trkpt lat="44.1467000" lon="-73.7852700">
    <ele>409.2</ele>
    <time>2022-10-02T12:38:53Z</time>
   </trkpt>
   <trkpt lat="44.1466800" lon="-73.7853100">
    <ele>409.3</ele>
    <time>2022-10-02T12:38:56Z</time>
   </trkpt>
   <trkpt lat="44.1466700" lon="-73.7853400">
    <ele>409.4</ele>
    <time>2022-10-02T12:38:59Z</time>
   </trkpt>
   <trkpt lat="44.1466500" lon="-73.7853900">
    <ele>409.5</ele>
    <time>2022-10-02T12:39:02Z</time>
   </trkpt>
   <trkpt lat="44.1466400" lon="-73.7854300">
    <ele>409.6</ele>
    <time>2022-10-02T12:39:05Z</time>
   </trkpt>
   <trkpt lat="44.1466300" lon="-73.7854800">
    <ele>409.7</ele>
    <time>2022-10-02T12:39:07Z</time>
   </trkpt>
   <trkpt lat="44.1466100" lon="-73.7855100">
    <ele>409.8</ele>
    <time>2022-10-02T12:39:09Z</time>
   </trkpt>
   <trkpt lat="44.1465900" lon="-73.7855500">
    <ele>409.9</ele>
    <time>2022-10-02T12:39:11Z</time>
   </trkpt>
   <trkpt lat="44.1465700" lon="-73.7855800">
    <ele>410.0</ele>
    <time>2022-10-02T12:39:14Z</time>
   </trkpt>
   <trkpt lat="44.1465600" lon="-73.7856100">
    <ele>410.1</ele>
    <time>2022-10-02T12:39:16Z</time>
   </trkpt>
   <trkpt lat="44.1465400" lon="-73.7856400">
    <ele>410.1</ele>
    <time>2022-10-02T12:39:18Z</time>
   </trkpt>
   <trkpt lat="44.1465100" lon="-73.7856800">
    <ele>410.2</ele>
    <time>2022-10-02T12:39:21Z</time>
   </trkpt>
   <trkpt lat="44.1464900" lon="-73.7857100">
    <ele>410.3</ele>
    <time>2022-10-02T12:39:24Z</time>
   </trkpt>
   <trkpt lat="44.1464800" lon="-73.7857500">
    <ele>410.4</ele>
    <time>2022-10-02T12:39:26Z</time>
   </trkpt>
   <trkpt lat="44.1464600" lon="-73.7857700">
    <ele>410.4</ele>
    <time>2022-10-02T12:39:29Z</time>
   </trkpt>
   <trkpt lat="44.1464400" lon="-73.7858100">
    <ele>410.5</ele>
    <time>2022-10-02T12:39:31Z</time>
   </trkpt>
   <trkpt lat="44.1464300" lon="-73.7858400">
    <ele>410.5</ele>
    <time>2022-10-02T12:39:33Z</time>
   </trkpt>
   <trkpt lat="44.1464200" lon="-73.7858800">
    <ele>410.5</ele>
    <time>2022-10-02T12:39:35Z</time>
   </trkpt>
   <trkpt lat="44.1464000" lon="-73.7859200">
    <ele>410.6</ele>
    <time>2022-10-02T12:39:38Z</time>
   </trkpt>
   <trkpt lat="44.1463800" lon="-73.7859500">
    <ele>410.6</ele>
    <time>2022-10-02T12:39:41Z</time>
   </trkpt>
   <trkpt lat="44.1463600" lon="-73.7859900">
    <ele>410.6</ele>
    <time>2022-10-02T12:39:44Z</time>
   </trkpt>
   <trkpt lat="44.1463400" lon="-73.7860300">
    <ele>410.7</ele>
    <time>2022-10-02T12:39:47Z</time>
   </trkpt>
   <trkpt lat="44.1463300" lon="-73.7860700">
    <ele>410.7</ele>
    <time>2022-10-02T12:39:50Z</time>
   </trkpt>
   <trkpt lat="44.1463100" lon="-73.7861100">
    <ele>410.8</ele>
    <time>2022-10-02T12:39:52Z</time>
   </trkpt>
   <trkpt lat="44.1462900" lon="-73.7861500">
    <ele>410.9</ele>
    <time>2022-10-02T12:39:56Z</time>
   </trkpt>
   <trkpt lat="44.1462700" lon="-73.7861900">
    <ele>411.0</ele>
    <time>2022-10-02T12:39:59Z</time>
   </trkpt>
   <trkpt lat="44.1462400" lon="-73.7862100">
    <ele>411.1</ele>
    <time>2022-10-02T12:40:03Z</time>
   </trkpt>
   <trkpt lat="44.1462200" lon="-73.7862500">
    <ele>411.2</ele>
    <time>2022-10-02T12:40:06Z</time>
   </trkpt>
   <trkpt lat="44.1462000" lon="-73.7862800">
    <ele>411.3</ele>
    <time>2022-10-02T12:40:08Z</time>
   </trkpt>
   <trkpt lat="44.1461700" lon="-73.7862700">
    <ele>411.4</ele>
    <time>2022-10-02T12:40:12Z</time>
   </trkpt>
   <trkpt lat="44.1461400" lon="-73.7862700">
    <ele>411.4</ele>
    <time>2022-10-02T12:40:15Z</time>
   </trkpt>
   <trkpt lat="44.1461100" lon="-73.7862900">
    <ele>411.5</ele>
    <time>2022-10-02T12:40:18Z</time>
   </trkpt>
   <trkpt lat="44.1460800" lon="-73.7863100">
    <ele>411.6</ele>
    <time>2022-10-02T12:40:20Z</time>
   </trkpt>
   <trkpt lat="44.1460600" lon="-73.7863500">
    <ele>411.7</ele>
    <time>2022-10-02T12:40:23Z</time>
   </trkpt>
   <trkpt lat="44.1460500" lon="-73.7864000">
    <ele>411.7</ele>
    <time>2022-10-02T12:40:25Z</time>
   </trkpt>
   <trkpt lat="44.1460200" lon="-73.7864500">
    <ele>411.8</ele>
    <time>2022-10-02T12:40:28Z</time>
   </trkpt>
   <trkpt lat="44.1460100" lon="-73.7864800">
    <ele>411.9</ele>
    <time>2022-10-02T12:40:30Z</time>
   </trkpt>
   <trkpt lat="44.1459900" lon="-73.7865100">
    <ele>411.9</ele>
    <time>2022-10-02T12:40:32Z</time>
   </trkpt>
   <trkpt lat="44.1459800" lon="-73.7865500">
    <ele>412.0</ele>
    <time>2022-10-02T12:40:34Z</time>
   </trkpt>
   <trkpt lat="44.1459600" lon="-73.7866100">
    <ele>412.1</ele>
    <time>2022-10-02T12:40:37Z</time>
   </trkpt>
   <trkpt lat="44.1459500" lon="-73.7866600">
    <ele>412.1</ele>
    <time>2022-10-02T12:40:40Z</time>
   </trkpt>
   <trkpt lat="44.1459300" lon="-73.7866900">
    <ele>412.2</ele>
    <time>2022-10-02T12:40:42Z</time>
   </trkpt>
   <trkpt lat="44.1459000" lon="-73.7867300">
    <ele>412.3</ele>
    <time>2022-10-02T12:40:45Z</time>
   </trkpt>
   <trkpt lat="44.1458900" lon="-73.7867600">
    <ele>412.3</ele>
    <time>2022-10-02T12:40:48Z</time>
   </trkpt>
   <trkpt lat="44.1458700" lon="-73.7868100">
    <ele>412.4</ele>
    <time>2022-10-02T12:40:52Z</time>
   </trkpt>
   <trkpt lat="44.1458600" lon="-73.7868400">
    <ele>412.4</ele>
    <time>2022-10-02T12:40:55Z</time>
   </trkpt>
   <trkpt lat="44.1458400" lon="-73.7868900">
    <ele>412.5</ele>
    <time>2022-10-02T12:40:58Z</time>
   </trkpt>
   <trkpt lat="44.1458200" lon="-73.7869300">
    <ele>412.6</ele>
    <time>2022-10-02T12:41:01Z</time>
   </trkpt>
   <trkpt lat="44.1458000" lon="-73.7869800">
    <ele>412.7</ele>
    <time>2022-10-02T12:41:05Z</time>
   </trkpt>
   <trkpt lat="44.1457900" lon="-73.7870200">
    <ele>412.8</ele>
    <time>2022-10-02T12:41:08Z</time>
   </trkpt>
   <trkpt lat="44.1457600" lon="-73.7870500">
    <ele>412.9</ele>
    <time>2022-10-02T12:41:12Z</time>
   </trkpt>
   <trkpt lat="44.1457400" lon="-73.7870900">
    <ele>412.9</ele>
    <time>2022-10-02T12:41:14Z</time>
   </trkpt>
   <trkpt lat="44.1457300" lon="-73.7871200">
    <ele>413.0</ele>
    <time>2022-10-02T12:41:16Z</time>
   </trkpt>
   <trkpt lat="44.1457200" lon="-73.7871800">
    <ele>413.1</ele>
    <time>2022-10-02T12:41:19Z</time>
   </trkpt>
   <trkpt lat="44.1457200" lon="-73.7872200">
    <ele>413.2</ele>
    <time>2022-10-02T12:41:21Z</time>
   </trkpt>
   <trkpt lat="44.1457200" lon="-73.7872900">
    <ele>413.3</ele>
    <time>2022-10-02T12:41:23Z</time>
   </trkpt>
   <trkpt lat="44.1457100" lon="-73.7873400">
    <ele>413.4</ele>
    <time>2022-10-02T12:41:26Z</time>
   </trkpt>
   <trkpt lat="44.1457000" lon="-73.7873700">
    <ele>413.5</ele>
    <time>2022-10-02T12:41:28Z</time>
   </trkpt>
   <trkpt lat="44.1456900" lon="-73.7874100">
    <ele>413.6</ele>
    <time>2022-10-02T12:41:30Z</time>
   </trkpt>
   <trkpt lat="44.1456800" lon="-73.7874600">
    <ele>413.7</ele>
    <time>2022-10-02T12:41:33Z</time>
   </trkpt>
   <trkpt lat="44.1456700" lon="-73.7875000">
    <ele>413.7</ele>
    <time>2022-10-02T12:41:35Z</time>
   </trkpt>
   <trkpt lat="44.1456600" lon="-73.7875400">
    <ele>413.8</ele>
    <time>2022-10-02T12:41:38Z</time>
   </trkpt>
   <trkpt lat="44.1456400" lon="-73.7875900">
    <ele>413.9</ele>
    <time>2022-10-02T12:41:41Z</time>
   </trkpt>
   <trkpt lat="44.1456300" lon="-73.7876200">
    <ele>414.0</ele>
    <time>2022-10-02T12:41:44Z</time>
   </trkpt>
   <trkpt lat="44.1456100" lon="-73.7876600">
    <ele>414.0</ele>
    <time>2022-10-02T12:41:47Z</time>
   </trkpt>
   <trkpt lat="44.1456000" lon="-73.7877000">
    <ele>414.1</ele>
    <time>2022-10-02T12:41:49Z</time>
   </trkpt>
   <trkpt lat="44.1455900" lon="-73.7877300">
    <ele>414.2</ele>
    <time>2022-10-02T12:41:52Z</time>
   </trkpt>
   <trkpt lat="44.1455600" lon="-73.7877600">
    <ele>414.3</ele>
    <time>2022-10-02T12:41:55Z</time>
   </trkpt>
   <trkpt lat="44.1455400" lon="-73.7878000">
    <ele>414.4</ele>
    <time>2022-10-02T12:41:57Z</time>
   </trkpt>
   <trkpt lat="44.1455300" lon="-73.7878400">
    <ele>414.5</ele>
    <time>2022-10-02T12:41:59Z</time>
   </trkpt>
   <trkpt lat="44.1455200" lon="-73.7878800">
    <ele>414.6</ele>
    <time>2022-10-02T12:42:01Z</time>
   </trkpt>
   <trkpt lat="44.1455100" lon="-73.7879100">
    <ele>414.6</ele>
    <time>2022-10-02T12:42:03Z</time>
   </trkpt>
   <trkpt lat="44.1455000" lon="-73.7879400">
    <ele>414.7</ele>
    <time>2022-10-02T12:42:05Z</time>
   </trkpt>
   <trkpt lat="44.1454700" lon="-73.7879900">
    <ele>414.8</ele>
    <time>2022-10-02T12:42:08Z</time>
   </trkpt>
   <trkpt lat="44.1454500" lon="-73.7880200">
    <ele>414.9</ele>
    <time>2022-10-02T12:42:10Z</time>
   </trkpt>
   <trkpt lat="44.1454400" lon="-73.7880500">
    <ele>415.0</ele>
    <time>2022-10-02T12:42:12Z</time>
   </trkpt>
   <trkpt lat="44.1454200" lon="-73.7880800">
    <ele>415.1</ele>
    <time>2022-10-02T12:42:14Z</time>
   </trkpt>
   <trkpt lat="44.1454000" lon="-73.7881300">
    <ele>415.2</ele>
    <time>2022-10-02T12:42:17Z</time>
   </trkpt>
   <trkpt lat="44.1453800" lon="-73.7881600">
    <ele>415.3</ele>
    <time>2022-10-02T12:42:19Z</time>
   </trkpt>
   <trkpt lat="44.1453600" lon="-73.7882000">
    <ele>415.3</ele>
    <time>2022-10-02T12:42:22Z</time>
   </trkpt>
   <trkpt lat="44.1453400" lon="-73.7882400">
    <ele>415.4</ele>
    <time>2022-10-02T12:42:25Z</time>
   </trkpt>
   <trkpt lat="44.1453300" lon="-73.7882900">
    <ele>415.4</ele>
    <time>2022-10-02T12:42:28Z</time>
   </trkpt>
   <trkpt lat="44.1453200" lon="-73.7883300">
    <ele>415.4</ele>
    <time>2022-10-02T12:42:31Z</time>
   </trkpt>
   <trkpt lat="44.1453000" lon="-73.7883700">
    <ele>415.5</ele>
    <time>2022-10-02T12:42:34Z</time>
   </trkpt>
   <trkpt lat="44.1452800" lon="-73.7884100">
    <ele>415.5</ele>
    <time>2022-10-02T12:42:37Z</time>
   </trkpt>
   <trkpt lat="44.1452600" lon="-73.7884600">
    <ele>415.5</ele>
    <time>2022-10-02T12:42:40Z</time>
   </trkpt>
   <trkpt lat="44.1452500" lon="-73.7885000">
    <ele>415.5</ele>
    <time>2022-10-02T12:42:43Z</time>
   </trkpt>
   <trkpt lat="44.1452300" lon="-73.7885300">
    <ele>415.6</ele>
    <time>2022-10-02T12:42:46Z</time>
   </trkpt>
   <trkpt lat="44.1452100" lon="-73.7885700">
    <ele>415.6</ele>
    <time>2022-10-02T12:42:49Z</time>
   </trkpt>
   <trkpt lat="44.1451900" lon="-73.7886100">
    <ele>415.7</ele>
    <time>2022-10-02T12:42:52Z</time>
   </trkpt>
   <trkpt lat="44.1451700" lon="-73.7886500">
    <ele>415.7</ele>
    <time>2022-10-02T12:42:55Z</time>
   </trkpt>
   <trkpt lat="44.1451500" lon="-73.7886900">
    <ele>415.8</ele>
    <time>2022-10-02T12:42:58Z</time>
   </trkpt>
   <trkpt lat="44.1451300" lon="-73.7887400">
    <ele>415.9</ele>
    <time>2022-10-02T12:43:01Z</time>
   </trkpt>
   <trkpt lat="44.1451000" lon="-73.7887800">
    <ele>416.0</ele>
    <time>2022-10-02T12:43:04Z</time>
   </trkpt>
   <trkpt lat="44.1450900" lon="-73.7888100">
    <ele>416.1</ele>
    <time>2022-10-02T12:43:07Z</time>
   </trkpt>
   <trkpt lat="44.1450600" lon="-73.7888600">
    <ele>416.2</ele>
    <time>2022-10-02T12:43:10Z</time>
   </trkpt>
   <trkpt lat="44.1450300" lon="-73.7888800">
    <ele>416.3</ele>
    <time>2022-10-02T12:43:12Z</time>
   </trkpt>
   <trkpt lat="44.1450100" lon="-73.7889100">
    <ele>416.3</ele>
    <time>2022-10-02T12:43:14Z</time>
   </trkpt>
   <trkpt lat="44.1450000" lon="-73.7889400">
    <ele>416.4</ele>
    <time>2022-10-02T12:43:17Z</time>
   </trkpt>
   <trkpt lat="44.1449700" lon="-73.7889700">
    <ele>416.5</ele>
    <time>2022-10-02T12:43:22Z</time>
   </trkpt>
   <trkpt lat="44.1449500" lon="-73.7890000">
    <ele>416.6</ele>
    <time>2022-10-02T12:43:26Z</time>
   </trkpt>
   <trkpt lat="44.1449400" lon="-73.7890300">
    <ele>416.6</ele>
    <time>2022-10-02T12:43:32Z</time>
   </trkpt>
   <trkpt lat="44.1449100" lon="-73.7890600">
    <ele>416.7</ele>
    <time>2022-10-02T12:43:34Z</time>
   </trkpt>
   <trkpt lat="44.1448900" lon="-73.7890900">
    <ele>416.8</ele>
    <time>2022-10-02T12:43:36Z</time>
   </trkpt>
   <trkpt lat="44.1448600" lon="-73.7891100">
    <ele>416.9</ele>
    <time>2022-10-02T12:43:38Z</time>
   </trkpt>
   <trkpt lat="44.1448400" lon="-73.7891300">
    <ele>416.9</ele>
    <time>2022-10-02T12:43:40Z</time>
   </trkpt>
   <trkpt lat="44.1448100" lon="-73.7891600">
    <ele>417.0</ele>
    <time>2022-10-02T12:43:43Z</time>
   </trkpt>
   <trkpt lat="44.1448000" lon="-73.7891900">
    <ele>417.1</ele>
    <time>2022-10-02T12:43:47Z</time>
   </trkpt>
   <trkpt lat="44.1447600" lon="-73.7892100">
    <ele>417.2</ele>
    <time>2022-10-02T12:43:50Z</time>
   </trkpt>
   <trkpt lat="44.1447300" lon="-73.7892200">
    <ele>417.3</ele>
    <time>2022-10-02T12:43:52Z</time>
   </trkpt>
   <trkpt lat="44.1447000" lon="-73.7892400">
    <ele>417.4</ele>
    <time>2022-10-02T12:43:55Z</time>
   </trkpt>
   <trkpt lat="44.1446800" lon="-73.7892700">
    <ele>417.5</ele>
    <time>2022-10-02T12:43:59Z</time>
   </trkpt>
   <trkpt lat="44.1446600" lon="-73.7893100">
    <ele>417.6</ele>
    <time>2022-10-02T12:44:02Z</time>
   </trkpt>
   <trkpt lat="44.1446700" lon="-73.7893400">
    <ele>417.6</ele>
    <time>2022-10-02T12:44:16Z</time>
   </trkpt>
   <trkpt lat="44.1446600" lon="-73.7893800">
    <ele>417.7</ele>
    <time>2022-10-02T12:44:31Z</time>
   </trkpt>
   <trkpt lat="44.1446400" lon="-73.7894300">
    <ele>417.9</ele>
    <time>2022-10-02T12:44:33Z</time>
   </trkpt>
   <trkpt lat="44.1446200" lon="-73.7894600">
    <ele>417.9</ele>
    <time>2022-10-02T12:44:35Z</time>
   </trkpt>
   <trkpt lat="44.1446000" lon="-73.7895200">
    <ele>418.1</ele>
    <time>2022-10-02T12:44:37Z</time>
   </trkpt>
   <trkpt lat="44.1445700" lon="-73.7895700">
    <ele>418.2</ele>
    <time>2022-10-02T12:44:39Z</time>
   </trkpt>
   <trkpt lat="44.1445500" lon="-73.7896000">
    <ele>418.3</ele>
    <time>2022-10-02T12:44:40Z</time>
   </trkpt>
   <trkpt lat="44.1445400" lon="-73.7896400">
    <ele>418.5</ele>
    <time>2022-10-02T12:44:41Z</time>
   </trkpt>
   <trkpt lat="44.1445000" lon="-73.7897100">
    <ele>418.8</ele>
    <time>2022-10-02T12:44:43Z</time>
   </trkpt>
   <trkpt lat="44.1444800" lon="-73.7897500">
    <ele>419.0</ele>
    <time>2022-10-02T12:44:44Z</time>
   </trkpt>
   <trkpt lat="44.1444600" lon="-73.7897900">
    <ele>419.2</ele>
    <time>2022-10-02T12:44:46Z</time>
   </trkpt>
   <trkpt lat="44.1444400" lon="-73.7898300">
    <ele>419.5</ele>
    <time>2022-10-02T12:44:48Z</time>
   </trkpt>
   <trkpt lat="44.1444200" lon="-73.7898900">
    <ele>419.8</ele>
    <time>2022-10-02T12:44:50Z</time>
   </trkpt>
   <trkpt lat="44.1444000" lon="-73.7899300">
    <ele>420.0</ele>
    <time>2022-10-02T12:44:52Z</time>
   </trkpt>
   <trkpt lat="44.1443800" lon="-73.7899700">
    <ele>420.2</ele>
    <time>2022-10-02T12:44:54Z</time>
   </trkpt>
   <trkpt lat="44.1443600" lon="-73.7900100">
    <ele>420.5</ele>
    <time>2022-10-02T12:44:56Z</time>
   </trkpt>
   <trkpt lat="44.1443400" lon="-73.7900400">
    <ele>420.6</ele>
    <time>2022-10-02T12:44:58Z</time>
   </trkpt>
   <trkpt lat="44.1443200" lon="-73.7900800">
    <ele>420.8</ele>
    <time>2022-10-02T12:45:00Z</time>
   </trkpt>
   <trkpt lat="44.1443000" lon="-73.7901200">
    <ele>421.0</ele>
    <time>2022-10-02T12:45:03Z</time>
   </trkpt>
   <trkpt lat="44.1442700" lon="-73.7901500">
    <ele>421.1</ele>
    <time>2022-10-02T12:45:06Z</time>
   </trkpt>
   <trkpt lat="44.1442500" lon="-73.7901800">
    <ele>421.2</ele>
    <time>2022-10-02T12:45:09Z</time>
   </trkpt>
   <trkpt lat="44.1442300" lon="-73.7902200">
    <ele>421.4</ele>
    <time>2022-10-02T12:45:12Z</time>
   </trkpt>
   <trkpt lat="44.1442100" lon="-73.7902500">
    <ele>421.5</ele>
    <time>2022-10-02T12:45:15Z</time>
   </trkpt>
   <trkpt lat="44.1441800" lon="-73.7902900">
    <ele>421.6</ele>
    <time>2022-10-02T12:45:18Z</time>
   </trkpt>
   <trkpt lat="44.1441600" lon="-73.7903200">
    <ele>421.8</ele>
    <time>2022-10-02T12:45:20Z</time>
   </trkpt>
   <trkpt lat="44.1441400" lon="-73.7903600">
    <ele>421.9</ele>
    <time>2022-10-02T12:45:23Z</time>
   </trkpt>
   <trkpt lat="44.1441200" lon="-73.7903900">
    <ele>422.1</ele>
    <time>2022-10-02T12:45:26Z</time>
   </trkpt>
   <trkpt lat="44.1440900" lon="-73.7904200">
    <ele>422.2</ele>
    <time>2022-10-02T12:45:29Z</time>
   </trkpt>
   <trkpt lat="44.1440700" lon="-73.7904600">
    <ele>422.4</ele>
    <time>2022-10-02T12:45:31Z</time>
   </trkpt>
   <trkpt lat="44.1440500" lon="-73.7904900">
    <ele>422.6</ele>
    <time>2022-10-02T12:45:33Z</time>
   </trkpt>
   <trkpt lat="44.1440300" lon="-73.7905300">
    <ele>422.8</ele>
    <time>2022-10-02T12:45:35Z</time>
   </trkpt>
   <trkpt lat="44.1440000" lon="-73.7905600">
    <ele>423.0</ele>
    <time>2022-10-02T12:45:38Z</time>
   </trkpt>
   <trkpt lat="44.1439600" lon="-73.7905800">
    <ele>423.2</ele>
    <time>2022-10-02T12:45:41Z</time>
   </trkpt>
   <trkpt lat="44.1439300" lon="-73.7906100">
    <ele>423.4</ele>
    <time>2022-10-02T12:45:44Z</time>
   </trkpt>
   <trkpt lat="44.1438900" lon="-73.7906400">
    <ele>423.7</ele>
    <time>2022-10-02T12:45:46Z</time>
   </trkpt>
   <trkpt lat="44.1438700" lon="-73.7906700">
    <ele>423.9</ele>
    <time>2022-10-02T12:45:48Z</time>
   </trkpt>
   <trkpt lat="44.1438400" lon="-73.7906800">
    <ele>424.1</ele>
    <time>2022-10-02T12:45:51Z</time>
   </trkpt>
   <trkpt lat="44.1438100" lon="-73.7907000">
    <ele>424.3</ele>
    <time>2022-10-02T12:45:54Z</time>
   </trkpt>
   <trkpt lat="44.1437900" lon="-73.7907200">
    <ele>424.4</ele>
    <time>2022-10-02T12:45:56Z</time>
   </trkpt>
   <trkpt lat="44.1437600" lon="-73.7907500">
    <ele>424.7</ele>
    <time>2022-10-02T12:45:59Z</time>
   </trkpt>
   <trkpt lat="44.1437300" lon="-73.7907600">
    <ele>424.8</ele>
    <time>2022-10-02T12:46:02Z</time>
   </trkpt>
   <trkpt lat="44.1436900" lon="-73.7907800">
    <ele>425.1</ele>
    <time>2022-10-02T12:46:05Z</time>
   </trkpt>
   <trkpt lat="44.1436500" lon="-73.7908000">
    <ele>425.4</ele>
    <time>2022-10-02T12:46:08Z</time>
   </trkpt>
   <trkpt lat="44.1436200" lon="-73.7908200">
    <ele>425.5</ele>
    <time>2022-10-02T12:46:11Z</time>
   </trkpt>
   <trkpt lat="44.1435900" lon="-73.7908200">
    <ele>425.7</ele>
    <time>2022-10-02T12:46:14Z</time>
   </trkpt>
   <trkpt lat="44.1435600" lon="-73.7908300">
    <ele>425.8</ele>
    <time>2022-10-02T12:46:18Z</time>
   </trkpt>
   <trkpt lat="44.1435300" lon="-73.7908400">
    <ele>426.0</ele>
    <time>2022-10-02T12:46:22Z</time>
   </trkpt>
   <trkpt lat="44.1434900" lon="-73.7908500">
    <ele>426.2</ele>
    <time>2022-10-02T12:46:25Z</time>
   </trkpt>
   <trkpt lat="44.1434600" lon="-73.7908700">
    <ele>426.4</ele>
    <time>2022-10-02T12:46:28Z</time>
   </trkpt>
   <trkpt lat="44.1434200" lon="-73.7908800">
    <ele>426.6</ele>
    <time>2022-10-02T12:46:31Z</time>
   </trkpt>
   <trkpt lat="44.1433900" lon="-73.7908900">
    <ele>426.7</ele>
    <time>2022-10-02T12:46:34Z</time>
   </trkpt>
   <trkpt lat="44.1433500" lon="-73.7909000">
    <ele>427.0</ele>
    <time>2022-10-02T12:46:37Z</time>
   </trkpt>
   <trkpt lat="44.1433200" lon="-73.7909100">
    <ele>427.2</ele>
    <time>2022-10-02T12:46:39Z</time>
   </trkpt>
   <trkpt lat="44.1432900" lon="-73.7909200">
    <ele>427.4</ele>
    <time>2022-10-02T12:46:42Z</time>
   </trkpt>
   <trkpt lat="44.1432600" lon="-73.7909200">
    <ele>427.6</ele>
    <time>2022-10-02T12:46:44Z</time>
   </trkpt>
   <trkpt lat="44.1432300" lon="-73.7909400">
    <ele>427.9</ele>
    <time>2022-10-02T12:46:48Z</time>
   </trkpt>
   <trkpt lat="44.1432000" lon="-73.7909600">
    <ele>428.1</ele>
    <time>2022-10-02T12:46:51Z</time>
   </trkpt>
   <trkpt lat="44.1431700" lon="-73.7909700">
    <ele>428.4</ele>
    <time>2022-10-02T12:46:53Z</time>
   </trkpt>
   <trkpt lat="44.1431400" lon="-73.7909700">
    <ele>428.7</ele>
    <time>2022-10-02T12:46:55Z</time>
   </trkpt>
   <trkpt lat="44.1431000" lon="-73.7909800">
    <ele>429.0</ele>
    <time>2022-10-02T12:46:58Z</time>
   </trkpt>
   <trkpt lat="44.1430700" lon="-73.7910000">
    <ele>429.3</ele>
    <time>2022-10-02T12:47:00Z</time>
   </trkpt>
   <trkpt lat="44.1430400" lon="-73.7910300">
    <ele>429.6</ele>
    <time>2022-10-02T12:47:03Z</time>
   </trkpt>
   <trkpt lat="44.1430100" lon="-73.7910600">
    <ele>429.9</ele>
    <time>2022-10-02T12:47:07Z</time>
   </trkpt>
   <trkpt lat="44.1429900" lon="-73.7910900">
    <ele>430.1</ele>
    <time>2022-10-02T12:47:10Z</time>
   </trkpt>
   <trkpt lat="44.1429700" lon="-73.7911200">
    <ele>430.3</ele>
    <time>2022-10-02T12:47:12Z</time>
   </trkpt>
   <trkpt lat="44.1429300" lon="-73.7911500">
    <ele>430.7</ele>
    <time>2022-10-02T12:47:15Z</time>
   </trkpt>
   <trkpt lat="44.1429100" lon="-73.7911900">
    <ele>430.9</ele>
    <time>2022-10-02T12:47:18Z</time>
   </trkpt>
   <trkpt lat="44.1428800" lon="-73.7912100">
    <ele>431.1</ele>
    <time>2022-10-02T12:47:21Z</time>
   </trkpt>
   <trkpt lat="44.1428500" lon="-73.7912400">
    <ele>431.4</ele>
    <time>2022-10-02T12:47:24Z</time>
   </trkpt>
   <trkpt lat="44.1428200" lon="-73.7912600">
    <ele>431.6</ele>
    <time>2022-10-02T12:47:27Z</time>
   </trkpt>
   <trkpt lat="44.1428000" lon="-73.7913000">
    <ele>431.9</ele>
    <time>2022-10-02T12:47:30Z</time>
   </trkpt>
   <trkpt lat="44.1427800" lon="-73.7913200">
    <ele>432.0</ele>
    <time>2022-10-02T12:47:32Z</time>
   </trkpt>
   <trkpt lat="44.1427600" lon="-73.7913600">
    <ele>432.3</ele>
    <time>2022-10-02T12:47:34Z</time>
   </trkpt>
   <trkpt lat="44.1427400" lon="-73.7914000">
    <ele>432.5</ele>
    <time>2022-10-02T12:47:37Z</time>
   </trkpt>
   <trkpt lat="44.1427300" lon="-73.7914400">
    <ele>432.7</ele>
    <time>2022-10-02T12:47:40Z</time>
   </trkpt>
   <trkpt lat="44.1427200" lon="-73.7914800">
    <ele>432.9</ele>
    <time>2022-10-02T12:47:44Z</time>
   </trkpt>
   <trkpt lat="44.1427000" lon="-73.7915300">
    <ele>433.2</ele>
    <time>2022-10-02T12:47:48Z</time>
   </trkpt>
   <trkpt lat="44.1426900" lon="-73.7915800">
    <ele>433.5</ele>
    <time>2022-10-02T12:47:51Z</time>
   </trkpt>
   <trkpt lat="44.1426700" lon="-73.7916200">
    <ele>433.8</ele>
    <time>2022-10-02T12:47:54Z</time>
   </trkpt>
   <trkpt lat="44.1426500" lon="-73.7916500">
    <ele>434.0</ele>
    <time>2022-10-02T12:47:56Z</time>
   </trkpt>
   <trkpt lat="44.1426400" lon="-73.7917000">
    <ele>434.4</ele>
    <time>2022-10-02T12:47:59Z</time>
   </trkpt>
   <trkpt lat="44.1426200" lon="-73.7917300">
    <ele>434.7</ele>
    <time>2022-10-02T12:48:03Z</time>
   </trkpt>
   <trkpt lat="44.1426000" lon="-73.7917700">
    <ele>435.0</ele>
    <time>2022-10-02T12:48:06Z</time>
   </trkpt>
   <trkpt lat="44.1425800" lon="-73.7918100">
    <ele>435.3</ele>
    <time>2022-10-02T12:48:08Z</time>
   </trkpt>
   <trkpt lat="44.1425600" lon="-73.7918400">
    <ele>435.6</ele>
    <time>2022-10-02T12:48:10Z</time>
   </trkpt>
   <trkpt lat="44.1425500" lon="-73.7918900">
    <ele>436.0</ele>
    <time>2022-10-02T12:48:12Z</time>
   </trkpt>
   <trkpt lat="44.1425400" lon="-73.7919300">
    <ele>436.3</ele>
    <time>2022-10-02T12:48:14Z</time>
   </trkpt>
   <trkpt lat="44.1425300" lon="-73.7919700">
    <ele>436.6</ele>
    <time>2022-10-02T12:48:18Z</time>
   </trkpt>
   <trkpt lat="44.1425000" lon="-73.7920000">
    <ele>437.0</ele>
    <time>2022-10-02T12:48:22Z</time>
   </trkpt>
   <trkpt lat="44.1424800" lon="-73.7920400">
    <ele>437.3</ele>
    <time>2022-10-02T12:48:25Z</time>
   </trkpt>
   <trkpt lat="44.1424600" lon="-73.7920900">
    <ele>437.6</ele>
    <time>2022-10-02T12:48:28Z</time>
   </trkpt>
   <trkpt lat="44.1424400" lon="-73.7921300">
    <ele>437.9</ele>
    <time>2022-10-02T12:48:31Z</time>
   </trkpt>
   <trkpt lat="44.1424300" lon="-73.7921600">
    <ele>438.0</ele>
    <time>2022-10-02T12:48:34Z</time>
   </trkpt>
   <trkpt lat="44.1424100" lon="-73.7922000">
    <ele>438.2</ele>
    <time>2022-10-02T12:48:37Z</time>
   </trkpt>
   <trkpt lat="44.1423900" lon="-73.7922400">
    <ele>438.4</ele>
    <time>2022-10-02T12:48:41Z</time>
   </trkpt>
   <trkpt lat="44.1423700" lon="-73.7922900">
    <ele>438.5</ele>
    <time>2022-10-02T12:48:44Z</time>
   </trkpt>
   <trkpt lat="44.1423500" lon="-73.7923200">
    <ele>438.6</ele>
    <time>2022-10-02T12:48:46Z</time>
   </trkpt>
   <trkpt lat="44.1423300" lon="-73.7923600">
    <ele>438.7</ele>
    <time>2022-10-02T12:48:48Z</time>
   </trkpt>
   <trkpt lat="44.1423200" lon="-73.7923900">
    <ele>438.7</ele>
    <time>2022-10-02T12:48:50Z</time>
   </trkpt>
   <trkpt lat="44.1422900" lon="-73.7924100">
    <ele>438.7</ele>
    <time>2022-10-02T12:48:53Z</time>
   </trkpt>
   <trkpt lat="44.1422600" lon="-73.7924200">
    <ele>438.7</ele>
    <time>2022-10-02T12:48:55Z</time>
   </trkpt>
   <trkpt lat="44.1422300" lon="-73.7924200">
    <ele>438.7</ele>
    <time>2022-10-02T12:48:59Z</time>
   </trkpt>
   <trkpt lat="44.1421900" lon="-73.7924300">
    <ele>438.7</ele>
    <time>2022-10-02T12:49:03Z</time>
   </trkpt>
   <trkpt lat="44.1421600" lon="-73.7924400">
    <ele>438.6</ele>
    <time>2022-10-02T12:49:06Z</time>
   </trkpt>
   <trkpt lat="44.1421300" lon="-73.7924500">
    <ele>438.6</ele>
    <time>2022-10-02T12:49:09Z</time>
   </trkpt>
   <trkpt lat="44.1421000" lon="-73.7924700">
    <ele>438.5</ele>
    <time>2022-10-02T12:49:13Z</time>
   </trkpt>
   <trkpt lat="44.1420700" lon="-73.7924900">
    <ele>438.5</ele>
    <time>2022-10-02T12:49:16Z</time>
   </trkpt>
   <trkpt lat="44.1420300" lon="-73.7925100">
    <ele>438.4</ele>
    <time>2022-10-02T12:49:18Z</time>
   </trkpt>
   <trkpt lat="44.1419900" lon="-73.7925300">
    <ele>438.4</ele>
    <time>2022-10-02T12:49:20Z</time>
   </trkpt>
   <trkpt lat="44.1419600" lon="-73.7925500">
    <ele>438.4</ele>
    <time>2022-10-02T12:49:23Z</time>
   </trkpt>
   <trkpt lat="44.1419300" lon="-73.7925700">
    <ele>438.4</ele>
    <time>2022-10-02T12:49:25Z</time>
   </trkpt>
   <trkpt lat="44.1419000" lon="-73.7925800">
    <ele>438.4</ele>
    <time>2022-10-02T12:49:27Z</time>
   </trkpt>
   <trkpt lat="44.1418800" lon="-73.7926100">
    <ele>438.4</ele>
    <time>2022-10-02T12:49:29Z</time>
   </trkpt>
   <trkpt lat="44.1418400" lon="-73.7926300">
    <ele>438.4</ele>
    <time>2022-10-02T12:49:32Z</time>
   </trkpt>
   <trkpt lat="44.1418200" lon="-73.7926500">
    <ele>438.5</ele>
    <time>2022-10-02T12:49:34Z</time>
   </trkpt>
   <trkpt lat="44.1417900" lon="-73.7926800">
    <ele>438.6</ele>
    <time>2022-10-02T12:49:37Z</time>
   </trkpt>
   <trkpt lat="44.1417600" lon="-73.7927000">
    <ele>438.7</ele>
    <time>2022-10-02T12:49:40Z</time>
   </trkpt>
   <trkpt lat="44.1417400" lon="-73.7927200">
    <ele>438.7</ele>
    <time>2022-10-02T12:49:42Z</time>
   </trkpt>
   <trkpt lat="44.1417100" lon="-73.7927500">
    <ele>438.8</ele>
    <time>2022-10-02T12:49:45Z</time>
   </trkpt>
   <trkpt lat="44.1416800" lon="-73.7927800">
    <ele>438.9</ele>
    <time>2022-10-02T12:49:48Z</time>
   </trkpt>
   <trkpt lat="44.1416500" lon="-73.7928200">
    <ele>439.0</ele>
    <time>2022-10-02T12:49:51Z</time>
   </trkpt>
   <trkpt lat="44.1416300" lon="-73.7928500">
    <ele>439.1</ele>
    <time>2022-10-02T12:49:53Z</time>
   </trkpt>
   <trkpt lat="44.1416100" lon="-73.7928800">
    <ele>439.1</ele>
    <time>2022-10-02T12:49:55Z</time>
   </trkpt>
   <trkpt lat="44.1415900" lon="-73.7929100">
    <ele>439.1</ele>
    <time>2022-10-02T12:49:58Z</time>
   </trkpt>
   <trkpt lat="44.1415600" lon="-73.7929400">
    <ele>439.1</ele>
    <time>2022-10-02T12:50:01Z</time>
   </trkpt>
   <trkpt lat="44.1415400" lon="-73.7929800">
    <ele>439.1</ele>
    <time>2022-10-02T12:50:03Z</time>
   </trkpt>
   <trkpt lat="44.1415100" lon="-73.7930100">
    <ele>439.1</ele>
    <time>2022-10-02T12:50:06Z</time>
   </trkpt>
   <trkpt lat="44.1414800" lon="-73.7930400">
    <ele>439.2</ele>
    <time>2022-10-02T12:50:09Z</time>
   </trkpt>
   <trkpt lat="44.1414600" lon="-73.7930700">
    <ele>439.1</ele>
    <time>2022-10-02T12:50:11Z</time>
   </trkpt>
   <trkpt lat="44.1414300" lon="-73.7931000">
    <ele>439.1</ele>
    <time>2022-10-02T12:50:14Z</time>
   </trkpt>
   <trkpt lat="44.1414100" lon="-73.7931300">
    <ele>439.0</ele>
    <time>2022-10-02T12:50:17Z</time>
   </trkpt>
   <trkpt lat="44.1413800" lon="-73.7931600">
    <ele>438.9</ele>
    <time>2022-10-02T12:50:20Z</time>
   </trkpt>
   <trkpt lat="44.1413600" lon="-73.7931800">
    <ele>438.8</ele>
    <time>2022-10-02T12:50:23Z</time>
   </trkpt>
   <trkpt lat="44.1413300" lon="-73.7932000">
    <ele>438.7</ele>
    <time>2022-10-02T12:50:26Z</time>
   </trkpt>
   <trkpt lat="44.1413000" lon="-73.7932200">
    <ele>438.6</ele>
    <time>2022-10-02T12:50:29Z</time>
   </trkpt>
   <trkpt lat="44.1412700" lon="-73.7932500">
    <ele>438.4</ele>
    <time>2022-10-02T12:50:32Z</time>
   </trkpt>
   <trkpt lat="44.1412400" lon="-73.7932800">
    <ele>438.2</ele>
    <time>2022-10-02T12:50:35Z</time>
   </trkpt>
   <trkpt lat="44.1412200" lon="-73.7933100">
    <ele>438.1</ele>
    <time>2022-10-02T12:50:38Z</time>
   </trkpt>
   <trkpt lat="44.1411900" lon="-73.7933400">
    <ele>438.0</ele>
    <time>2022-10-02T12:50:41Z</time>
   </trkpt>
   <trkpt lat="44.1411600" lon="-73.7933700">
    <ele>437.9</ele>
    <time>2022-10-02T12:50:44Z</time>
   </trkpt>
   <trkpt lat="44.1411300" lon="-73.7934100">
    <ele>437.8</ele>
    <time>2022-10-02T12:50:47Z</time>
   </trkpt>
   <trkpt lat="44.1411000" lon="-73.7934400">
    <ele>437.7</ele>
    <time>2022-10-02T12:50:50Z</time>
   </trkpt>
   <trkpt lat="44.1410800" lon="-73.7934800">
    <ele>437.6</ele>
    <time>2022-10-02T12:50:54Z</time>
   </trkpt>
   <trkpt lat="44.1410600" lon="-73.7935300">
    <ele>437.6</ele>
    <time>2022-10-02T12:50:57Z</time>
   </trkpt>
   <trkpt lat="44.1410400" lon="-73.7935600">
    <ele>437.5</ele>
    <time>2022-10-02T12:51:00Z</time>
   </trkpt>
   <trkpt lat="44.1410100" lon="-73.7935900">
    <ele>437.5</ele>
    <time>2022-10-02T12:51:03Z</time>
   </trkpt>
   <trkpt lat="44.1409900" lon="-73.7936200">
    <ele>437.5</ele>
    <time>2022-10-02T12:51:05Z</time>
   </trkpt>
   <trkpt lat="44.1409700" lon="-73.7936600">
    <ele>437.4</ele>
    <time>2022-10-02T12:51:08Z</time>
   </trkpt>
   <trkpt lat="44.1409400" lon="-73.7936900">
    <ele>437.4</ele>
    <time>2022-10-02T12:51:10Z</time>
   </trkpt>
   <trkpt lat="44.1409100" lon="-73.7937100">
    <ele>437.4</ele>
    <time>2022-10-02T12:51:13Z</time>
   </trkpt>
   <trkpt lat="44.1408900" lon="-73.7937400">
    <ele>437.4</ele>
    <time>2022-10-02T12:51:16Z</time>
   </trkpt>
   <trkpt lat="44.1408700" lon="-73.7937700">
    <ele>437.4</ele>
    <time>2022-10-02T12:51:19Z</time>
   </trkpt>
   <trkpt lat="44.1408500" lon="-73.7938100">
    <ele>437.4</ele>
    <time>2022-10-02T12:51:22Z</time>
   </trkpt>
   <trkpt lat="44.1408300" lon="-73.7938400">
    <ele>437.4</ele>
    <time>2022-10-02T12:51:24Z</time>
   </trkpt>
   <trkpt lat="44.1408200" lon="-73.7939100">
    <ele>437.4</ele>
    <time>2022-10-02T12:51:27Z</time>
   </trkpt>
   <trkpt lat="44.1408000" lon="-73.7939700">
    <ele>437.3</ele>
    <time>2022-10-02T12:51:30Z</time>
   </trkpt>
   <trkpt lat="44.1407800" lon="-73.7940100">
    <ele>437.3</ele>
    <time>2022-10-02T12:51:33Z</time>
   </trkpt>
   <trkpt lat="44.1407500" lon="-73.7940500">
    <ele>437.2</ele>
    <time>2022-10-02T12:51:36Z</time>
   </trkpt>
   <trkpt lat="44.1407400" lon="-73.7940800">
    <ele>437.2</ele>
    <time>2022-10-02T12:51:40Z</time>
   </trkpt>
   <trkpt lat="44.1407600" lon="-73.7940900">
    <ele>437.2</ele>
    <time>2022-10-02T12:51:44Z</time>
   </trkpt>
   <trkpt lat="44.1407800" lon="-73.7941200">
    <ele>437.2</ele>
    <time>2022-10-02T12:51:59Z</time>
   </trkpt>
   <trkpt lat="44.1407900" lon="-73.7941600">
    <ele>437.2</ele>
    <time>2022-10-02T12:52:08Z</time>
   </trkpt>
   <trkpt lat="44.1407600" lon="-73.7941300">
    <ele>437.2</ele>
    <time>2022-10-02T12:52:18Z</time>
   </trkpt>
   <trkpt lat="44.1407300" lon="-73.7941100">
    <ele>437.3</ele>
    <time>2022-10-02T12:52:21Z</time>
   </trkpt>
   <trkpt lat="44.1407000" lon="-73.7941200">
    <ele>437.4</ele>
    <time>2022-10-02T12:52:24Z</time>
   </trkpt>
   <trkpt lat="44.1406800" lon="-73.7941500">
    <ele>437.5</ele>
    <time>2022-10-02T12:52:27Z</time>
   </trkpt>
   <trkpt lat="44.1406500" lon="-73.7941800">
    <ele>437.6</ele>
    <time>2022-10-02T12:52:30Z</time>
   </trkpt>
   <trkpt lat="44.1406200" lon="-73.7942100">
    <ele>437.7</ele>
    <time>2022-10-02T12:52:33Z</time>
   </trkpt>
   <trkpt lat="44.1406000" lon="-73.7942500">
    <ele>437.9</ele>
    <time>2022-10-02T12:52:35Z</time>
   </trkpt>
   <trkpt lat="44.1405800" lon="-73.7942700">
    <ele>438.0</ele>
    <time>2022-10-02T12:52:37Z</time>
   </trkpt>
   <trkpt lat="44.1405600" lon="-73.7943100">
    <ele>438.2</ele>
    <time>2022-10-02T12:52:39Z</time>
   </trkpt>
   <trkpt lat="44.1405400" lon="-73.7943300">
    <ele>438.3</ele>
    <time>2022-10-02T12:52:41Z</time>
   </trkpt>
   <trkpt lat="44.1405200" lon="-73.7943600">
    <ele>438.5</ele>
    <time>2022-10-02T12:52:43Z</time>
   </trkpt>
   <trkpt lat="44.1404900" lon="-73.7944000">
    <ele>438.7</ele>
    <time>2022-10-02T12:52:46Z</time>
   </trkpt>
   <trkpt lat="44.1404700" lon="-73.7944300">
    <ele>438.9</ele>
    <time>2022-10-02T12:52:48Z</time>
   </trkpt>
   <trkpt lat="44.1404300" lon="-73.7944500">
    <ele>439.1</ele>
    <time>2022-10-02T12:52:51Z</time>
   </trkpt>
   <trkpt lat="44.1404100" lon="-73.7944800">
    <ele>439.2</ele>
    <time>2022-10-02T12:52:53Z</time>
   </trkpt>
   <trkpt lat="44.1403900" lon="-73.7945000">
    <ele>439.4</ele>
    <time>2022-10-02T12:52:55Z</time>
   </trkpt>
   <trkpt lat="44.1403700" lon="-73.7945300">
    <ele>439.5</ele>
    <time>2022-10-02T12:52:57Z</time>
   </trkpt>
   <trkpt lat="44.1403500" lon="-73.7945700">
    <ele>439.7</ele>
    <time>2022-10-02T12:53:00Z</time>
   </trkpt>
   <trkpt lat="44.1403300" lon="-73.7946000">
    <ele>439.8</ele>
    <time>2022-10-02T12:53:02Z</time>
   </trkpt>
   <trkpt lat="44.1403100" lon="-73.7946400">
    <ele>439.9</ele>
    <time>2022-10-02T12:53:04Z</time>
   </trkpt>
   <trkpt lat="44.1402900" lon="-73.7946900">
    <ele>440.1</ele>
    <time>2022-10-02T12:53:07Z</time>
   </trkpt>
   <trkpt lat="44.1402800" lon="-73.7947300">
    <ele>440.2</ele>
    <time>2022-10-02T12:53:10Z</time>
   </trkpt>
   <trkpt lat="44.1402700" lon="-73.7947700">
    <ele>440.2</ele>
    <time>2022-10-02T12:53:13Z</time>
   </trkpt>
   <trkpt lat="44.1402500" lon="-73.7948100">
    <ele>440.3</ele>
    <time>2022-10-02T12:53:16Z</time>
   </trkpt>
   <trkpt lat="44.1402300" lon="-73.7948500">
    <ele>440.4</ele>
    <time>2022-10-02T12:53:19Z</time>
   </trkpt>
   <trkpt lat="44.1402100" lon="-73.7948900">
    <ele>440.5</ele>
    <time>2022-10-02T12:53:22Z</time>
   </trkpt>
   <trkpt lat="44.1401800" lon="-73.7949400">
    <ele>440.7</ele>
    <time>2022-10-02T12:53:25Z</time>
   </trkpt>
   <trkpt lat="44.1401600" lon="-73.7949700">
    <ele>440.8</ele>
    <time>2022-10-02T12:53:28Z</time>
   </trkpt>
   <trkpt lat="44.1401300" lon="-73.7950000">
    <ele>441.0</ele>
    <time>2022-10-02T12:53:31Z</time>
   </trkpt>
   <trkpt lat="44.1401000" lon="-73.7950300">
    <ele>441.2</ele>
    <time>2022-10-02T12:53:34Z</time>
   </trkpt>
   <trkpt lat="44.1400800" lon="-73.7950700">
    <ele>441.5</ele>
    <time>2022-10-02T12:53:37Z</time>
   </trkpt>
   <trkpt lat="44.1400500" lon="-73.7951000">
    <ele>441.7</ele>
    <time>2022-10-02T12:53:40Z</time>
   </trkpt>
   <trkpt lat="44.1400300" lon="-73.7951300">
    <ele>441.9</ele>
    <time>2022-10-02T12:53:43Z</time>
   </trkpt>
   <trkpt lat="44.1400000" lon="-73.7951500">
    <ele>442.2</ele>
    <time>2022-10-02T12:53:46Z</time>
   </trkpt>
   <trkpt lat="44.1399800" lon="-73.7951700">
    <ele>442.4</ele>
    <time>2022-10-02T12:53:49Z</time>
   </trkpt>
   <trkpt lat="44.1399500" lon="-73.7951900">
    <ele>442.7</ele>
    <time>2022-10-02T12:53:52Z</time>
   </trkpt>
   <trkpt lat="44.1399200" lon="-73.7952100">
    <ele>443.0</ele>
    <time>2022-10-02T12:53:55Z</time>
   </trkpt>
   <trkpt lat="44.1399000" lon="-73.7952400">
    <ele>443.2</ele>
    <time>2022-10-02T12:53:58Z</time>
   </trkpt>
   <trkpt lat="44.1398700" lon="-73.7952600">
    <ele>443.5</ele>
    <time>2022-10-02T12:54:01Z</time>
   </trkpt>
   <trkpt lat="44.1398400" lon="-73.7952800">
    <ele>443.7</ele>
    <time>2022-10-02T12:54:04Z</time>
   </trkpt>
   <trkpt lat="44.1398200" lon="-73.7953100">
    <ele>443.8</ele>
    <time>2022-10-02T12:54:07Z</time>
   </trkpt>
   <trkpt lat="44.1397900" lon="-73.7953400">
    <ele>444.0</ele>
    <time>2022-10-02T12:54:10Z</time>
   </trkpt>
   <trkpt lat="44.1397600" lon="-73.7953800">
    <ele>444.2</ele>
    <time>2022-10-02T12:54:13Z</time>
   </trkpt>
   <trkpt lat="44.1397400" lon="-73.7954200">
    <ele>444.4</ele>
    <time>2022-10-02T12:54:16Z</time>
   </trkpt>
   <trkpt lat="44.1397200" lon="-73.7954600">
    <ele>444.5</ele>
    <time>2022-10-02T12:54:19Z</time>
   </trkpt>
   <trkpt lat="44.1397000" lon="-73.7954900">
    <ele>444.6</ele>
    <time>2022-10-02T12:54:22Z</time>
   </trkpt>
   <trkpt lat="44.1396800" lon="-73.7955300">
    <ele>444.8</ele>
    <time>2022-10-02T12:54:25Z</time>
   </trkpt>
   <trkpt lat="44.1396600" lon="-73.7955700">
    <ele>444.9</ele>
    <time>2022-10-02T12:54:28Z</time>
   </trkpt>
   <trkpt lat="44.1396300" lon="-73.7956100">
    <ele>445.0</ele>
    <time>2022-10-02T12:54:31Z</time>
   </trkpt>
   <trkpt lat="44.1396100" lon="-73.7956400">
    <ele>445.1</ele>
    <time>2022-10-02T12:54:33Z</time>
   </trkpt>
   <trkpt lat="44.1395900" lon="-73.7956600">
    <ele>445.2</ele>
    <time>2022-10-02T12:54:36Z</time>
   </trkpt>
   <trkpt lat="44.1395800" lon="-73.7957000">
    <ele>445.3</ele>
    <time>2022-10-02T12:54:40Z</time>
   </trkpt>
   <trkpt lat="44.1395600" lon="-73.7957200">
    <ele>445.3</ele>
    <time>2022-10-02T12:54:44Z</time>
   </trkpt>
   <trkpt lat="44.1395300" lon="-73.7957300">
    <ele>445.4</ele>
    <time>2022-10-02T12:54:50Z</time>
   </trkpt>
   <trkpt lat="44.1395000" lon="-73.7957600">
    <ele>445.5</ele>
    <time>2022-10-02T12:54:53Z</time>
   </trkpt>
   <trkpt lat="44.1394700" lon="-73.7957700">
    <ele>445.5</ele>
    <time>2022-10-02T12:54:55Z</time>
   </trkpt>
   <trkpt lat="44.1394500" lon="-73.7958000">
    <ele>445.6</ele>
    <time>2022-10-02T12:54:58Z</time>
   </trkpt>
   <trkpt lat="44.1394300" lon="-73.7958400">
    <ele>445.6</ele>
    <time>2022-10-02T12:55:01Z</time>
   </trkpt>
   <trkpt lat="44.1394000" lon="-73.7958700">
    <ele>445.7</ele>
    <time>2022-10-02T12:55:03Z</time>
   </trkpt>
   <trkpt lat="44.1393700" lon="-73.7958800">
    <ele>445.8</ele>
    <time>2022-10-02T12:55:05Z</time>
   </trkpt>
   <trkpt lat="44.1393500" lon="-73.7959100">
    <ele>445.8</ele>
    <time>2022-10-02T12:55:08Z</time>
   </trkpt>
   <trkpt lat="44.1393300" lon="-73.7959400">
    <ele>445.9</ele>
    <time>2022-10-02T12:55:11Z</time>
   </trkpt>
   <trkpt lat="44.1393000" lon="-73.7959700">
    <ele>446.0</ele>
    <time>2022-10-02T12:55:14Z</time>
   </trkpt>
   <trkpt lat="44.1392800" lon="-73.7960100">
    <ele>446.0</ele>
    <time>2022-10-02T12:55:17Z</time>
   </trkpt>
   <trkpt lat="44.1392500" lon="-73.7960300">
    <ele>446.1</ele>
    <time>2022-10-02T12:55:20Z</time>
   </trkpt>
   <trkpt lat="44.1392200" lon="-73.7960700">
    <ele>446.2</ele>
    <time>2022-10-02T12:55:24Z</time>
   </trkpt>
   <trkpt lat="44.1392100" lon="-73.7961100">
    <ele>446.3</ele>
    <time>2022-10-02T12:55:27Z</time>
   </trkpt>
   <trkpt lat="44.1391900" lon="-73.7961500">
    <ele>446.5</ele>
    <time>2022-10-02T12:55:29Z</time>
   </trkpt>
   <trkpt lat="44.1391700" lon="-73.7962000">
    <ele>446.6</ele>
    <time>2022-10-02T12:55:32Z</time>
   </trkpt>
   <trkpt lat="44.1391500" lon="-73.7962300">
    <ele>446.7</ele>
    <time>2022-10-02T12:55:34Z</time>
   </trkpt>
   <trkpt lat="44.1391300" lon="-73.7962900">
    <ele>446.9</ele>
    <time>2022-10-02T12:55:36Z</time>
   </trkpt>
   <trkpt lat="44.1391200" lon="-73.7963300">
    <ele>447.0</ele>
    <time>2022-10-02T12:55:38Z</time>
   </trkpt>
   <trkpt lat="44.1391100" lon="-73.7963700">
    <ele>447.1</ele>
    <time>2022-10-02T12:55:40Z</time>
   </trkpt>
   <trkpt lat="44.1390800" lon="-73.7963900">
    <ele>447.2</ele>
    <time>2022-10-02T12:55:44Z</time>
   </trkpt>
   <trkpt lat="44.1390600" lon="-73.7964300">
    <ele>447.3</ele>
    <time>2022-10-02T12:55:47Z</time>
   </trkpt>
   <trkpt lat="44.1390300" lon="-73.7964600">
    <ele>447.5</ele>
    <time>2022-10-02T12:55:50Z</time>
   </trkpt>
   <trkpt lat="44.1390000" lon="-73.7964800">
    <ele>447.6</ele>
    <time>2022-10-02T12:55:53Z</time>
   </trkpt>
   <trkpt lat="44.1389800" lon="-73.7965100">
    <ele>447.6</ele>
    <time>2022-10-02T12:55:55Z</time>
   </trkpt>
   <trkpt lat="44.1389600" lon="-73.7965400">
    <ele>447.7</ele>
    <time>2022-10-02T12:55:57Z</time>
   </trkpt>
   <trkpt lat="44.1389500" lon="-73.7965700">
    <ele>447.7</ele>
    <time>2022-10-02T12:55:59Z</time>
   </trkpt>
   <trkpt lat="44.1389400" lon="-73.7966100">
    <ele>447.8</ele>
    <time>2022-10-02T12:56:01Z</time>
   </trkpt>
   <trkpt lat="44.1389200" lon="-73.7966500">
    <ele>447.9</ele>
    <time>2022-10-02T12:56:04Z</time>
   </trkpt>
   <trkpt lat="44.1389100" lon="-73.7966900">
    <ele>447.9</ele>
    <time>2022-10-02T12:56:07Z</time>
   </trkpt>
   <trkpt lat="44.1388900" lon="-73.7967300">
    <ele>448.0</ele>
    <time>2022-10-02T12:56:10Z</time>
   </trkpt>
   <trkpt lat="44.1388700" lon="-73.7967600">
    <ele>448.0</ele>
    <time>2022-10-02T12:56:13Z</time>
   </trkpt>
   <trkpt lat="44.1388600" lon="-73.7968000">
    <ele>448.1</ele>
    <time>2022-10-02T12:56:16Z</time>
   </trkpt>
   <trkpt lat="44.1388400" lon="-73.7968300">
    <ele>448.1</ele>
    <time>2022-10-02T12:56:19Z</time>
   </trkpt>
   <trkpt lat="44.1388300" lon="-73.7968800">
    <ele>448.2</ele>
    <time>2022-10-02T12:56:22Z</time>
   </trkpt>
   <trkpt lat="44.1388100" lon="-73.7969200">
    <ele>448.2</ele>
    <time>2022-10-02T12:56:25Z</time>
   </trkpt>
   <trkpt lat="44.1388000" lon="-73.7969700">
    <ele>448.3</ele>
    <time>2022-10-02T12:56:29Z</time>
   </trkpt>
   <trkpt lat="44.1388000" lon="-73.7970100">
    <ele>448.3</ele>
    <time>2022-10-02T12:56:32Z</time>
   </trkpt>
   <trkpt lat="44.1388000" lon="-73.7970600">
    <ele>448.4</ele>
    <time>2022-10-02T12:56:35Z</time>
   </trkpt>
   <trkpt lat="44.1388000" lon="-73.7971100">
    <ele>448.5</ele>
    <time>2022-10-02T12:56:38Z</time>
   </trkpt>
   <trkpt lat="44.1388000" lon="-73.7971600">
    <ele>448.5</ele>
    <time>2022-10-02T12:56:40Z</time>
   </trkpt>
   <trkpt lat="44.1387900" lon="-73.7972000">
    <ele>448.6</ele>
    <time>2022-10-02T12:56:43Z</time>
   </trkpt>
   <trkpt lat="44.1387700" lon="-73.7972500">
    <ele>448.7</ele>
    <time>2022-10-02T12:56:46Z</time>
   </trkpt>
   <trkpt lat="44.1387500" lon="-73.7972900">
    <ele>448.8</ele>
    <time>2022-10-02T12:56:49Z</time>
   </trkpt>
   <trkpt lat="44.1387400" lon="-73.7973300">
    <ele>448.8</ele>
    <time>2022-10-02T12:56:51Z</time>
   </trkpt>
   <trkpt lat="44.1387300" lon="-73.7974000">
    <ele>449.0</ele>
    <time>2022-10-02T12:56:54Z</time>
   </trkpt>
   <trkpt lat="44.1387200" lon="-73.7974300">
    <ele>449.1</ele>
    <time>2022-10-02T12:56:56Z</time>
   </trkpt>
   <trkpt lat="44.1386900" lon="-73.7974600">
    <ele>449.3</ele>
    <time>2022-10-02T12:57:00Z</time>
   </trkpt>
   <trkpt lat="44.1386600" lon="-73.7974900">
    <ele>449.5</ele>
    <time>2022-10-02T12:57:03Z</time>
   </trkpt>
   <trkpt lat="44.1386300" lon="-73.7975100">
    <ele>449.7</ele>
    <time>2022-10-02T12:57:06Z</time>
   </trkpt>
   <trkpt lat="44.1386000" lon="-73.7975200">
    <ele>449.9</ele>
    <time>2022-10-02T12:57:09Z</time>
   </trkpt>
   <trkpt lat="44.1385600" lon="-73.7975200">
    <ele>450.2</ele>
    <time>2022-10-02T12:57:13Z</time>
   </trkpt>
   <trkpt lat="44.1385500" lon="-73.7975600">
    <ele>450.4</ele>
    <time>2022-10-02T12:57:16Z</time>
   </trkpt>
   <trkpt lat="44.1385300" lon="-73.7976000">
    <ele>450.7</ele>
    <time>2022-10-02T12:57:18Z</time>
   </trkpt>
   <trkpt lat="44.1385000" lon="-73.7976200">
    <ele>451.0</ele>
    <time>2022-10-02T12:57:20Z</time>
   </trkpt>
   <trkpt lat="44.1384800" lon="-73.7976500">
    <ele>451.3</ele>
    <time>2022-10-02T12:57:23Z</time>
   </trkpt>
   <trkpt lat="44.1384700" lon="-73.7976900">
    <ele>451.5</ele>
    <time>2022-10-02T12:57:25Z</time>
   </trkpt>
   <trkpt lat="44.1384500" lon="-73.7977400">
    <ele>451.9</ele>
    <time>2022-10-02T12:57:28Z</time>
   </trkpt>
   <trkpt lat="44.1384400" lon="-73.7977800">
    <ele>452.1</ele>
    <time>2022-10-02T12:57:30Z</time>
   </trkpt>
   <trkpt lat="44.1384400" lon="-73.7978200">
    <ele>452.1</ele>
    <time>2022-10-02T12:57:32Z</time>
   </trkpt>
   <trkpt lat="44.1384500" lon="-73.7978600">
    <ele>452.1</ele>
    <time>2022-10-02T12:57:36Z</time>
   </trkpt>
   <trkpt lat="44.1384800" lon="-73.7978700">
    <ele>452.1</ele>
    <time>2022-10-02T12:57:54Z</time>
   </trkpt>
   <trkpt lat="44.1384500" lon="-73.7979000">
    <ele>452.2</ele>
    <time>2022-10-02T12:58:11Z</time>
   </trkpt>
   <trkpt lat="44.1384400" lon="-73.7979400">
    <ele>452.3</ele>
    <time>2022-10-02T12:58:13Z</time>
   </trkpt>
   <trkpt lat="44.1384300" lon="-73.7979900">
    <ele>452.6</ele>
    <time>2022-10-02T12:58:15Z</time>
   </trkpt>
   <trkpt lat="44.1384200" lon="-73.7980400">
    <ele>452.8</ele>
    <time>2022-10-02T12:58:17Z</time>
   </trkpt>
   <trkpt lat="44.1384100" lon="-73.7980800">
    <ele>453.0</ele>
    <time>2022-10-02T12:58:19Z</time>
   </trkpt>
   <trkpt lat="44.1384000" lon="-73.7981200">
    <ele>453.3</ele>
    <time>2022-10-02T12:58:21Z</time>
   </trkpt>
   <trkpt lat="44.1383800" lon="-73.7981600">
    <ele>453.5</ele>
    <time>2022-10-02T12:58:24Z</time>
   </trkpt>
   <trkpt lat="44.1383600" lon="-73.7982100">
    <ele>453.9</ele>
    <time>2022-10-02T12:58:26Z</time>
   </trkpt>
   <trkpt lat="44.1383400" lon="-73.7982500">
    <ele>454.2</ele>
    <time>2022-10-02T12:58:28Z</time>
   </trkpt>
   <trkpt lat="44.1383200" lon="-73.7982800">
    <ele>454.6</ele>
    <time>2022-10-02T12:58:30Z</time>
   </trkpt>
   <trkpt lat="44.1383100" lon="-73.7983100">
    <ele>454.8</ele>
    <time>2022-10-02T12:58:32Z</time>
   </trkpt>
   <trkpt lat="44.1382800" lon="-73.7983400">
    <ele>455.3</ele>
    <time>2022-10-02T12:58:35Z</time>
   </trkpt>
   <trkpt lat="44.1382500" lon="-73.7983400">
    <ele>455.6</ele>
    <time>2022-10-02T12:58:38Z</time>
   </trkpt>
   <trkpt lat="44.1382200" lon="-73.7983500">
    <ele>456.0</ele>
    <time>2022-10-02T12:58:42Z</time>
   </trkpt>
   <trkpt lat="44.1381800" lon="-73.7983600">
    <ele>456.6</ele>
    <time>2022-10-02T12:58:45Z</time>
   </trkpt>
   <trkpt lat="44.1381600" lon="-73.7983800">
    <ele>457.0</ele>
    <time>2022-10-02T12:58:47Z</time>
   </trkpt>
   <trkpt lat="44.1381300" lon="-73.7983900">
    <ele>457.4</ele>
    <time>2022-10-02T12:58:49Z</time>
   </trkpt>
   <trkpt lat="44.1381000" lon="-73.7984100">
    <ele>457.9</ele>
    <time>2022-10-02T12:58:54Z</time>
   </trkpt>
   <trkpt lat="44.1380700" lon="-73.7984100">
    <ele>458.3</ele>
    <time>2022-10-02T12:58:57Z</time>
   </trkpt>
   <trkpt lat="44.1380200" lon="-73.7984100">
    <ele>459.0</ele>
    <time>2022-10-02T12:59:00Z</time>
   </trkpt>
   <trkpt lat="44.1379800" lon="-73.7984100">
    <ele>459.5</ele>
    <time>2022-10-02T12:59:02Z</time>
   </trkpt>
   <trkpt lat="44.1379600" lon="-73.7984400">
    <ele>459.9</ele>
    <time>2022-10-02T12:59:05Z</time>
   </trkpt>
   <trkpt lat="44.1379400" lon="-73.7984600">
    <ele>460.2</ele>
    <time>2022-10-02T12:59:08Z</time>
   </trkpt>
   <trkpt lat="44.1379100" lon="-73.7984800">
    <ele>460.6</ele>
    <time>2022-10-02T12:59:10Z</time>
   </trkpt>
   <trkpt lat="44.1378800" lon="-73.7985000">
    <ele>460.9</ele>
    <time>2022-10-02T12:59:12Z</time>
   </trkpt>
   <trkpt lat="44.1378500" lon="-73.7985200">
    <ele>461.3</ele>
    <time>2022-10-02T12:59:15Z</time>
   </trkpt>
   <trkpt lat="44.1378200" lon="-73.7985100">
    <ele>461.6</ele>
    <time>2022-10-02T12:59:18Z</time>
   </trkpt>
   <trkpt lat="44.1377900" lon="-73.7984900">
    <ele>461.9</ele>
    <time>2022-10-02T12:59:21Z</time>
   </trkpt>
   <trkpt lat="44.1377600" lon="-73.7985100">
    <ele>462.3</ele>
    <time>2022-10-02T12:59:24Z</time>
   </trkpt>
   <trkpt lat="44.1377400" lon="-73.7985400">
    <ele>462.6</ele>
    <time>2022-10-02T12:59:26Z</time>
   </trkpt>
   <trkpt lat="44.1377200" lon="-73.7985700">
    <ele>463.0</ele>
    <time>2022-10-02T12:59:28Z</time>
   </trkpt>
   <trkpt lat="44.1377000" lon="-73.7985900">
    <ele>463.3</ele>
    <time>2022-10-02T12:59:31Z</time>
   </trkpt>
   <trkpt lat="44.1376800" lon="-73.7986300">
    <ele>463.7</ele>
    <time>2022-10-02T12:59:34Z</time>
   </trkpt>
   <trkpt lat="44.1376500" lon="-73.7986600">
    <ele>464.1</ele>
    <time>2022-10-02T12:59:37Z</time>
   </trkpt>
   <trkpt lat="44.1376300" lon="-73.7987100">
    <ele>464.7</ele>
    <time>2022-10-02T12:59:40Z</time>
   </trkpt>
   <trkpt lat="44.1376100" lon="-73.7987300">
    <ele>465.0</ele>
    <time>2022-10-02T12:59:43Z</time>
   </trkpt>
   <trkpt lat="44.1375800" lon="-73.7987600">
    <ele>465.5</ele>
    <time>2022-10-02T12:59:46Z</time>
   </trkpt>
   <trkpt lat="44.1375600" lon="-73.7987700">
    <ele>465.8</ele>
    <time>2022-10-02T12:59:49Z</time>
   </trkpt>
   <trkpt lat="44.1375300" lon="-73.7987900">
    <ele>466.2</ele>
    <time>2022-10-02T12:59:52Z</time>
   </trkpt>
   <trkpt lat="44.1375000" lon="-73.7988100">
    <ele>466.7</ele>
    <time>2022-10-02T12:59:55Z</time>
   </trkpt>
   <trkpt lat="44.1374700" lon="-73.7988300">
    <ele>467.2</ele>
    <time>2022-10-02T12:59:58Z</time>
   </trkpt>
   <trkpt lat="44.1374500" lon="-73.7988600">
    <ele>467.6</ele>
    <time>2022-10-02T13:00:01Z</time>
   </trkpt>
   <trkpt lat="44.1374300" lon="-73.7988900">
    <ele>468.0</ele>
    <time>2022-10-02T13:00:03Z</time>
   </trkpt>
   <trkpt lat="44.1374100" lon="-73.7989200">
    <ele>468.5</ele>
    <time>2022-10-02T13:00:06Z</time>
   </trkpt>
   <trkpt lat="44.1373800" lon="-73.7989500">
    <ele>469.0</ele>
    <time>2022-10-02T13:00:09Z</time>
   </trkpt>
   <trkpt lat="44.1373600" lon="-73.7989600">
    <ele>469.3</ele>
    <time>2022-10-02T13:00:12Z</time>
   </trkpt>
   <trkpt lat="44.1373200" lon="-73.7989800">
    <ele>469.9</ele>
    <time>2022-10-02T13:00:16Z</time>
   </trkpt>
   <trkpt lat="44.1372900" lon="-73.7990100">
    <ele>470.4</ele>
    <time>2022-10-02T13:00:19Z</time>
   </trkpt>
   <trkpt lat="44.1372700" lon="-73.7990300">
    <ele>470.7</ele>
    <time>2022-10-02T13:00:22Z</time>
   </trkpt>
   <trkpt lat="44.1372400" lon="-73.7990500">
    <ele>471.1</ele>
    <time>2022-10-02T13:00:25Z</time>
   </trkpt>
   <trkpt lat="44.1372100" lon="-73.7990600">
    <ele>471.4</ele>
    <time>2022-10-02T13:00:30Z</time>
   </trkpt>
   <trkpt lat="44.1371700" lon="-73.7990600">
    <ele>471.9</ele>
    <time>2022-10-02T13:00:32Z</time>
   </trkpt>
   <trkpt lat="44.1371400" lon="-73.7990800">
    <ele>472.3</ele>
    <time>2022-10-02T13:00:35Z</time>
   </trkpt>
   <trkpt lat="44.1371100" lon="-73.7991000">
    <ele>472.6</ele>
    <time>2022-10-02T13:00:39Z</time>
   </trkpt>
   <trkpt lat="44.1370800" lon="-73.7991100">
    <ele>473.0</ele>
    <time>2022-10-02T13:00:42Z</time>
   </trkpt>
   <trkpt lat="44.1370500" lon="-73.7991300">
    <ele>473.4</ele>
    <time>2022-10-02T13:00:45Z</time>
   </trkpt>
   <trkpt lat="44.1370300" lon="-73.7991500">
    <ele>473.7</ele>
    <time>2022-10-02T13:00:48Z</time>
   </trkpt>
   <trkpt lat="44.1369900" lon="-73.7991800">
    <ele>474.2</ele>
    <time>2022-10-02T13:00:52Z</time>
   </trkpt>
   <trkpt lat="44.1369600" lon="-73.7991900">
    <ele>474.6</ele>
    <time>2022-10-02T13:00:54Z</time>
   </trkpt>
   <trkpt lat="44.1369200" lon="-73.7992100">
    <ele>475.1</ele>
    <time>2022-10-02T13:00:57Z</time>
   </trkpt>
   <trkpt lat="44.1369000" lon="-73.7992200">
    <ele>475.4</ele>
    <time>2022-10-02T13:01:00Z</time>
   </trkpt>
   <trkpt lat="44.1368600" lon="-73.7992300">
    <ele>475.9</ele>
    <time>2022-10-02T13:01:04Z</time>
   </trkpt>
   <trkpt lat="44.1368300" lon="-73.7992400">
    <ele>476.2</ele>
    <time>2022-10-02T13:01:07Z</time>
   </trkpt>
   <trkpt lat="44.1368100" lon="-73.7992800">
    <ele>476.5</ele>
    <time>2022-10-02T13:01:10Z</time>
   </trkpt>
   <trkpt lat="44.1368000" lon="-73.7993300">
    <ele>476.8</ele>
    <time>2022-10-02T13:01:12Z</time>
   </trkpt>
   <trkpt lat="44.1367800" lon="-73.7993600">
    <ele>477.0</ele>
    <time>2022-10-02T13:01:15Z</time>
   </trkpt>
   <trkpt lat="44.1367600" lon="-73.7993900">
    <ele>477.2</ele>
    <time>2022-10-02T13:01:17Z</time>
   </trkpt>
   <trkpt lat="44.1367200" lon="-73.7994100">
    <ele>477.4</ele>
    <time>2022-10-02T13:01:20Z</time>
   </trkpt>
   <trkpt lat="44.1367000" lon="-73.7994400">
    <ele>477.5</ele>
    <time>2022-10-02T13:01:23Z</time>
   </trkpt>
   <trkpt lat="44.1366600" lon="-73.7994600">
    <ele>477.7</ele>
    <time>2022-10-02T13:01:27Z</time>
   </trkpt>
   <trkpt lat="44.1366400" lon="-73.7994800">
    <ele>477.8</ele>
    <time>2022-10-02T13:01:29Z</time>
   </trkpt>
   <trkpt lat="44.1366100" lon="-73.7995100">
    <ele>478.0</ele>
    <time>2022-10-02T13:01:31Z</time>
   </trkpt>
   <trkpt lat="44.1365900" lon="-73.7995500">
    <ele>478.1</ele>
    <time>2022-10-02T13:01:34Z</time>
   </trkpt>
   <trkpt lat="44.1365600" lon="-73.7995800">
    <ele>478.2</ele>
    <time>2022-10-02T13:01:38Z</time>
   </trkpt>
   <trkpt lat="44.1365400" lon="-73.7996100">
    <ele>478.3</ele>
    <time>2022-10-02T13:01:40Z</time>
   </trkpt>
   <trkpt lat="44.1365100" lon="-73.7996200">
    <ele>478.4</ele>
    <time>2022-10-02T13:01:42Z</time>
   </trkpt>
   <trkpt lat="44.1364800" lon="-73.7996300">
    <ele>478.5</ele>
    <time>2022-10-02T13:01:44Z</time>
   </trkpt>
   <trkpt lat="44.1364500" lon="-73.7996400">
    <ele>478.6</ele>
    <time>2022-10-02T13:01:47Z</time>
   </trkpt>
   <trkpt lat="44.1364200" lon="-73.7996600">
    <ele>478.7</ele>
    <time>2022-10-02T13:01:50Z</time>
   </trkpt>
   <trkpt lat="44.1363900" lon="-73.7996600">
    <ele>478.8</ele>
    <time>2022-10-02T13:01:53Z</time>
   </trkpt>
   <trkpt lat="44.1363500" lon="-73.7996800">
    <ele>478.8</ele>
    <time>2022-10-02T13:01:56Z</time>
   </trkpt>
   <trkpt lat="44.1363200" lon="-73.7996900">
    <ele>478.9</ele>
    <time>2022-10-02T13:01:59Z</time>
   </trkpt>
   <trkpt lat="44.1362800" lon="-73.7997000">
    <ele>479.0</ele>
    <time>2022-10-02T13:02:02Z</time>
   </trkpt>
   <trkpt lat="44.1362500" lon="-73.7997000">
    <ele>479.1</ele>
    <time>2022-10-02T13:02:04Z</time>
   </trkpt>
   <trkpt lat="44.1362300" lon="-73.7997300">
    <ele>479.2</ele>
    <time>2022-10-02T13:02:08Z</time>
   </trkpt>
   <trkpt lat="44.1362200" lon="-73.7997700">
    <ele>479.3</ele>
    <time>2022-10-02T13:02:10Z</time>
   </trkpt>
   <trkpt lat="44.1362100" lon="-73.7998100">
    <ele>479.4</ele>
    <time>2022-10-02T13:02:14Z</time>
   </trkpt>
   <trkpt lat="44.1362000" lon="-73.7998500">
    <ele>479.6</ele>
    <time>2022-10-02T13:02:18Z</time>
   </trkpt>
   <trkpt lat="44.1361800" lon="-73.7998800">
    <ele>479.7</ele>
    <time>2022-10-02T13:02:23Z</time>
   </trkpt>
   <trkpt lat="44.1361600" lon="-73.7999000">
    <ele>479.9</ele>
    <time>2022-10-02T13:02:27Z</time>
   </trkpt>
   <trkpt lat="44.1361500" lon="-73.7999400">
    <ele>480.1</ele>
    <time>2022-10-02T13:02:33Z</time>
   </trkpt>
   <trkpt lat="44.1361300" lon="-73.7999800">
    <ele>480.3</ele>
    <time>2022-10-02T13:02:38Z</time>
   </trkpt>
   <trkpt lat="44.1361100" lon="-73.8000200">
    <ele>480.6</ele>
    <time>2022-10-02T13:02:42Z</time>
   </trkpt>
   <trkpt lat="44.1361100" lon="-73.8000600">
    <ele>480.8</ele>
    <time>2022-10-02T13:02:45Z</time>
   </trkpt>
   <trkpt lat="44.1361000" lon="-73.8001000">
    <ele>481.1</ele>
    <time>2022-10-02T13:02:47Z</time>
   </trkpt>
   <trkpt lat="44.1360800" lon="-73.8001400">
    <ele>481.4</ele>
    <time>2022-10-02T13:02:50Z</time>
   </trkpt>
   <trkpt lat="44.1360700" lon="-73.8001800">
    <ele>481.6</ele>
    <time>2022-10-02T13:02:53Z</time>
   </trkpt>
   <trkpt lat="44.1360600" lon="-73.8002300">
    <ele>481.9</ele>
    <time>2022-10-02T13:02:57Z</time>
   </trkpt>
   <trkpt lat="44.1360400" lon="-73.8002700">
    <ele>482.2</ele>
    <time>2022-10-02T13:03:01Z</time>
   </trkpt>
   <trkpt lat="44.1360200" lon="-73.8003100">
    <ele>482.4</ele>
    <time>2022-10-02T13:03:04Z</time>
   </trkpt>
   <trkpt lat="44.1360000" lon="-73.8003600">
    <ele>482.7</ele>
    <time>2022-10-02T13:03:07Z</time>
   </trkpt>
   <trkpt lat="44.1359900" lon="-73.8003900">
    <ele>482.8</ele>
    <time>2022-10-02T13:03:10Z</time>
   </trkpt>
   <trkpt lat="44.1359600" lon="-73.8004300">
    <ele>483.0</ele>
    <time>2022-10-02T13:03:13Z</time>
   </trkpt>
   <trkpt lat="44.1359300" lon="-73.8004500">
    <ele>483.1</ele>
    <time>2022-10-02T13:03:15Z</time>
   </trkpt>
   <trkpt lat="44.1359000" lon="-73.8004900">
    <ele>483.2</ele>
    <time>2022-10-02T13:03:18Z</time>
   </trkpt>
   <trkpt lat="44.1358700" lon="-73.8005200">
    <ele>483.3</ele>
    <time>2022-10-02T13:03:21Z</time>
   </trkpt>
   <trkpt lat="44.1358500" lon="-73.8005400">
    <ele>483.3</ele>
    <time>2022-10-02T13:03:23Z</time>
   </trkpt>
   <trkpt lat="44.1358200" lon="-73.8005600">
    <ele>483.4</ele>
    <time>2022-10-02T13:03:26Z</time>
   </trkpt>
   <trkpt lat="44.1357900" lon="-73.8005800">
    <ele>483.4</ele>
    <time>2022-10-02T13:03:28Z</time>
   </trkpt>
   <trkpt lat="44.1357700" lon="-73.8005900">
    <ele>483.4</ele>
    <time>2022-10-02T13:03:30Z</time>
   </trkpt>
   <trkpt lat="44.1357400" lon="-73.8006200">
    <ele>483.4</ele>
    <time>2022-10-02T13:03:33Z</time>
   </trkpt>
   <trkpt lat="44.1357100" lon="-73.8006300">
    <ele>483.4</ele>
    <time>2022-10-02T13:03:35Z</time>
   </trkpt>
   <trkpt lat="44.1356700" lon="-73.8006500">
    <ele>483.4</ele>
    <time>2022-10-02T13:03:38Z</time>
   </trkpt>
   <trkpt lat="44.1356400" lon="-73.8006700">
    <ele>483.4</ele>
    <time>2022-10-02T13:03:41Z</time>
   </trkpt>
   <trkpt lat="44.1356100" lon="-73.8006800">
    <ele>483.4</ele>
    <time>2022-10-02T13:03:44Z</time>
   </trkpt>
   <trkpt lat="44.1355800" lon="-73.8007000">
    <ele>483.4</ele>
    <time>2022-10-02T13:03:47Z</time>
   </trkpt>
   <trkpt lat="44.1355500" lon="-73.8007100">
    <ele>483.4</ele>
    <time>2022-10-02T13:03:49Z</time>
   </trkpt>
   <trkpt lat="44.1355300" lon="-73.8007200">
    <ele>483.4</ele>
    <time>2022-10-02T13:03:51Z</time>
   </trkpt>
   <trkpt lat="44.1355000" lon="-73.8007400">
    <ele>483.4</ele>
    <time>2022-10-02T13:03:53Z</time>
   </trkpt>
   <trkpt lat="44.1354800" lon="-73.8007600">
    <ele>483.4</ele>
    <time>2022-10-02T13:03:55Z</time>
   </trkpt>
   <trkpt lat="44.1354400" lon="-73.8007800">
    <ele>483.4</ele>
    <time>2022-10-02T13:03:58Z</time>
   </trkpt>
   <trkpt lat="44.1354100" lon="-73.8008000">
    <ele>483.5</ele>
    <time>2022-10-02T13:04:01Z</time>
   </trkpt>
   <trkpt lat="44.1353900" lon="-73.8008300">
    <ele>483.5</ele>
    <time>2022-10-02T13:04:04Z</time>
   </trkpt>
   <trkpt lat="44.1353700" lon="-73.8008600">
    <ele>483.5</ele>
    <time>2022-10-02T13:04:08Z</time>
   </trkpt>
   <trkpt lat="44.1353400" lon="-73.8008800">
    <ele>483.6</ele>
    <time>2022-10-02T13:04:11Z</time>
   </trkpt>
   <trkpt lat="44.1353000" lon="-73.8009000">
    <ele>483.7</ele>
    <time>2022-10-02T13:04:14Z</time>
   </trkpt>
   <trkpt lat="44.1352700" lon="-73.8009200">
    <ele>483.8</ele>
    <time>2022-10-02T13:04:17Z</time>
   </trkpt>
   <trkpt lat="44.1352500" lon="-73.8009600">
    <ele>483.9</ele>
    <time>2022-10-02T13:04:21Z</time>
   </trkpt>
   <trkpt lat="44.1352300" lon="-73.8009900">
    <ele>483.9</ele>
    <time>2022-10-02T13:04:24Z</time>
   </trkpt>
   <trkpt lat="44.1352100" lon="-73.8010200">
    <ele>484.0</ele>
    <time>2022-10-02T13:04:27Z</time>
   </trkpt>
   <trkpt lat="44.1352100" lon="-73.8010600">
    <ele>484.1</ele>
    <time>2022-10-02T13:04:31Z</time>
   </trkpt>
   <trkpt lat="44.1351800" lon="-73.8011100">
    <ele>484.2</ele>
    <time>2022-10-02T13:04:34Z</time>
   </trkpt>
   <trkpt lat="44.1351600" lon="-73.8011400">
    <ele>484.2</ele>
    <time>2022-10-02T13:04:36Z</time>
   </trkpt>
   <trkpt lat="44.1351400" lon="-73.8011700">
    <ele>484.3</ele>
    <time>2022-10-02T13:04:38Z</time>
   </trkpt>
   <trkpt lat="44.1351300" lon="-73.8012100">
    <ele>484.4</ele>
    <time>2022-10-02T13:04:41Z</time>
   </trkpt>
   <trkpt lat="44.1351000" lon="-73.8012400">
    <ele>484.5</ele>
    <time>2022-10-02T13:04:44Z</time>
   </trkpt>
   <trkpt lat="44.1350800" lon="-73.8012700">
    <ele>484.5</ele>
    <time>2022-10-02T13:04:47Z</time>
   </trkpt>
   <trkpt lat="44.1350600" lon="-73.8012900">
    <ele>484.6</ele>
    <time>2022-10-02T13:04:49Z</time>
   </trkpt>
   <trkpt lat="44.1350300" lon="-73.8013100">
    <ele>484.7</ele>
    <time>2022-10-02T13:04:52Z</time>
   </trkpt>
   <trkpt lat="44.1350100" lon="-73.8013500">
    <ele>484.8</ele>
    <time>2022-10-02T13:04:55Z</time>
   </trkpt>
   <trkpt lat="44.1349900" lon="-73.8013800">
    <ele>484.8</ele>
    <time>2022-10-02T13:04:58Z</time>
   </trkpt>
   <trkpt lat="44.1349600" lon="-73.8014000">
    <ele>484.9</ele>
    <time>2022-10-02T13:05:01Z</time>
   </trkpt>
   <trkpt lat="44.1349300" lon="-73.8014300">
    <ele>485.0</ele>
    <time>2022-10-02T13:05:04Z</time>
   </trkpt>
   <trkpt lat="44.1349100" lon="-73.8014600">
    <ele>485.1</ele>
    <time>2022-10-02T13:05:07Z</time>
   </trkpt>
   <trkpt lat="44.1348900" lon="-73.8014800">
    <ele>485.2</ele>
    <time>2022-10-02T13:05:10Z</time>
   </trkpt>
   <trkpt lat="44.1348600" lon="-73.8015100">
    <ele>485.3</ele>
    <time>2022-10-02T13:05:13Z</time>
   </trkpt>
   <trkpt lat="44.1348200" lon="-73.8015400">
    <ele>485.5</ele>
    <time>2022-10-02T13:05:16Z</time>
   </trkpt>
   <trkpt lat="44.1348000" lon="-73.8015600">
    <ele>485.6</ele>
    <time>2022-10-02T13:05:18Z</time>
   </trkpt>
   <trkpt lat="44.1347700" lon="-73.8015900">
    <ele>485.7</ele>
    <time>2022-10-02T13:05:20Z</time>
   </trkpt>
   <trkpt lat="44.1347400" lon="-73.8016000">
    <ele>485.8</ele>
    <time>2022-10-02T13:05:22Z</time>
   </trkpt>
   <trkpt lat="44.1347100" lon="-73.8016200">
    <ele>486.0</ele>
    <time>2022-10-02T13:05:25Z</time>
   </trkpt>
   <trkpt lat="44.1346800" lon="-73.8016400">
    <ele>486.1</ele>
    <time>2022-10-02T13:05:28Z</time>
   </trkpt>
   <trkpt lat="44.1346500" lon="-73.8016600">
    <ele>486.3</ele>
    <time>2022-10-02T13:05:30Z</time>
   </trkpt>
   <trkpt lat="44.1346200" lon="-73.8016900">
    <ele>486.4</ele>
    <time>2022-10-02T13:05:33Z</time>
   </trkpt>
   <trkpt lat="44.1345900" lon="-73.8017100">
    <ele>486.5</ele>
    <time>2022-10-02T13:05:36Z</time>
   </trkpt>
   <trkpt lat="44.1345500" lon="-73.8017400">
    <ele>486.7</ele>
    <time>2022-10-02T13:05:39Z</time>
   </trkpt>
   <trkpt lat="44.1345200" lon="-73.8017600">
    <ele>486.8</ele>
    <time>2022-10-02T13:05:42Z</time>
   </trkpt>
   <trkpt lat="44.1344900" lon="-73.8017800">
    <ele>486.9</ele>
    <time>2022-10-02T13:05:45Z</time>
   </trkpt>
   <trkpt lat="44.1344600" lon="-73.8018200">
    <ele>487.0</ele>
    <time>2022-10-02T13:05:48Z</time>
   </trkpt>
   <trkpt lat="44.1344400" lon="-73.8018600">
    <ele>487.1</ele>
    <time>2022-10-02T13:05:51Z</time>
   </trkpt>
   <trkpt lat="44.1344200" lon="-73.8018900">
    <ele>487.1</ele>
    <time>2022-10-02T13:05:54Z</time>
   </trkpt>
   <trkpt lat="44.1344100" lon="-73.8019300">
    <ele>487.2</ele>
    <time>2022-10-02T13:05:58Z</time>
   </trkpt>
   <trkpt lat="44.1343800" lon="-73.8019500">
    <ele>487.3</ele>
    <time>2022-10-02T13:06:00Z</time>
   </trkpt>
   <trkpt lat="44.1343600" lon="-73.8019700">
    <ele>487.4</ele>
    <time>2022-10-02T13:06:02Z</time>
   </trkpt>
   <trkpt lat="44.1343300" lon="-73.8020000">
    <ele>487.5</ele>
    <time>2022-10-02T13:06:04Z</time>
   </trkpt>
   <trkpt lat="44.1343000" lon="-73.8020200">
    <ele>487.5</ele>
    <time>2022-10-02T13:06:06Z</time>
   </trkpt>
   <trkpt lat="44.1342800" lon="-73.8020500">
    <ele>487.6</ele>
    <time>2022-10-02T13:06:09Z</time>
   </trkpt>
   <trkpt lat="44.1342700" lon="-73.8020900">
    <ele>487.7</ele>
    <time>2022-10-02T13:06:13Z</time>
   </trkpt>
   <trkpt lat="44.1342500" lon="-73.8021300">
    <ele>487.8</ele>
    <time>2022-10-02T13:06:17Z</time>
   </trkpt>
   <trkpt lat="44.1342300" lon="-73.8021600">
    <ele>487.9</ele>
    <time>2022-10-02T13:06:21Z</time>
   </trkpt>
   <trkpt lat="44.1342100" lon="-73.8022000">
    <ele>488.0</ele>
    <time>2022-10-02T13:06:25Z</time>
   </trkpt>
   <trkpt lat="44.1341800" lon="-73.8022400">
    <ele>488.2</ele>
    <time>2022-10-02T13:06:28Z</time>
   </trkpt>
   <trkpt lat="44.1341600" lon="-73.8022800">
    <ele>488.3</ele>
    <time>2022-10-02T13:06:31Z</time>
   </trkpt>
   <trkpt lat="44.1341400" lon="-73.8023100">
    <ele>488.4</ele>
    <time>2022-10-02T13:06:34Z</time>
   </trkpt>
   <trkpt lat="44.1341100" lon="-73.8023200">
    <ele>488.6</ele>
    <time>2022-10-02T13:06:37Z</time>
   </trkpt>
   <trkpt lat="44.1340800" lon="-73.8023200">
    <ele>488.7</ele>
    <time>2022-10-02T13:06:40Z</time>
   </trkpt>
   <trkpt lat="44.1340500" lon="-73.8023400">
    <ele>488.8</ele>
    <time>2022-10-02T13:06:42Z</time>
   </trkpt>
   <trkpt lat="44.1340300" lon="-73.8023600">
    <ele>489.0</ele>
    <time>2022-10-02T13:06:44Z</time>
   </trkpt>
   <trkpt lat="44.1340100" lon="-73.8024000">
    <ele>489.1</ele>
    <time>2022-10-02T13:06:47Z</time>
   </trkpt>
   <trkpt lat="44.1339900" lon="-73.8024400">
    <ele>489.3</ele>
    <time>2022-10-02T13:06:49Z</time>
   </trkpt>
   <trkpt lat="44.1339700" lon="-73.8024800">
    <ele>489.4</ele>
    <time>2022-10-02T13:06:52Z</time>
   </trkpt>
   <trkpt lat="44.1339600" lon="-73.8025300">
    <ele>489.6</ele>
    <time>2022-10-02T13:06:54Z</time>
   </trkpt>
   <trkpt lat="44.1339400" lon="-73.8025800">
    <ele>489.8</ele>
    <time>2022-10-02T13:06:56Z</time>
   </trkpt>
   <trkpt lat="44.1339200" lon="-73.8026100">
    <ele>489.9</ele>
    <time>2022-10-02T13:06:58Z</time>
   </trkpt>
   <trkpt lat="44.1339100" lon="-73.8026500">
    <ele>490.1</ele>
    <time>2022-10-02T13:07:00Z</time>
   </trkpt>
   <trkpt lat="44.1339000" lon="-73.8027000">
    <ele>490.2</ele>
    <time>2022-10-02T13:07:02Z</time>
   </trkpt>
   <trkpt lat="44.1338800" lon="-73.8027400">
    <ele>490.4</ele>
    <time>2022-10-02T13:07:05Z</time>
   </trkpt>
   <trkpt lat="44.1338700" lon="-73.8027900">
    <ele>490.6</ele>
    <time>2022-10-02T13:07:08Z</time>
   </trkpt>
   <trkpt lat="44.1338500" lon="-73.8028500">
    <ele>490.8</ele>
    <time>2022-10-02T13:07:11Z</time>
   </trkpt>
   <trkpt lat="44.1338400" lon="-73.8028800">
    <ele>490.9</ele>
    <time>2022-10-02T13:07:13Z</time>
   </trkpt>
   <trkpt lat="44.1338300" lon="-73.8029200">
    <ele>491.0</ele>
    <time>2022-10-02T13:07:15Z</time>
   </trkpt>
   <trkpt lat="44.1338100" lon="-73.8029700">
    <ele>491.2</ele>
    <time>2022-10-02T13:07:18Z</time>
   </trkpt>
   <trkpt lat="44.1338000" lon="-73.8030100">
    <ele>491.4</ele>
    <time>2022-10-02T13:07:21Z</time>
   </trkpt>
   <trkpt lat="44.1337900" lon="-73.8030600">
    <ele>491.6</ele>
    <time>2022-10-02T13:07:24Z</time>
   </trkpt>
   <trkpt lat="44.1337800" lon="-73.8031000">
    <ele>491.8</ele>
    <time>2022-10-02T13:07:27Z</time>
   </trkpt>
   <trkpt lat="44.1337600" lon="-73.8031400">
    <ele>492.0</ele>
    <time>2022-10-02T13:07:30Z</time>
   </trkpt>
   <trkpt lat="44.1337400" lon="-73.8031900">
    <ele>492.3</ele>
    <time>2022-10-02T13:07:34Z</time>
   </trkpt>
   <trkpt lat="44.1337300" lon="-73.8032300">
    <ele>492.5</ele>
    <time>2022-10-02T13:07:37Z</time>
   </trkpt>
   <trkpt lat="44.1337200" lon="-73.8032800">
    <ele>492.7</ele>
    <time>2022-10-02T13:07:40Z</time>
   </trkpt>
   <trkpt lat="44.1337100" lon="-73.8033300">
    <ele>492.9</ele>
    <time>2022-10-02T13:07:43Z</time>
   </trkpt>
   <trkpt lat="44.1337000" lon="-73.8033700">
    <ele>493.0</ele>
    <time>2022-10-02T13:07:45Z</time>
   </trkpt>
   <trkpt lat="44.1336800" lon="-73.8034100">
    <ele>493.1</ele>
    <time>2022-10-02T13:07:48Z</time>
   </trkpt>
   <trkpt lat="44.1336700" lon="-73.8034400">
    <ele>493.1</ele>
    <time>2022-10-02T13:07:51Z</time>
   </trkpt>
   <trkpt lat="44.1336500" lon="-73.8034800">
    <ele>493.2</ele>
    <time>2022-10-02T13:07:54Z</time>
   </trkpt>
   <trkpt lat="44.1336200" lon="-73.8035200">
    <ele>493.2</ele>
    <time>2022-10-02T13:07:57Z</time>
   </trkpt>
   <trkpt lat="44.1336000" lon="-73.8035600">
    <ele>493.2</ele>
    <time>2022-10-02T13:08:00Z</time>
   </trkpt>
   <trkpt lat="44.1335900" lon="-73.8036000">
    <ele>493.3</ele>
    <time>2022-10-02T13:08:03Z</time>
   </trkpt>
   <trkpt lat="44.1335800" lon="-73.8036400">
    <ele>493.3</ele>
    <time>2022-10-02T13:08:06Z</time>
   </trkpt>
   <trkpt lat="44.1335600" lon="-73.8036900">
    <ele>493.3</ele>
    <time>2022-10-02T13:08:09Z</time>
   </trkpt>
   <trkpt lat="44.1335500" lon="-73.8037200">
    <ele>493.3</ele>
    <time>2022-10-02T13:08:11Z</time>
   </trkpt>
   <trkpt lat="44.1335300" lon="-73.8037600">
    <ele>493.4</ele>
    <time>2022-10-02T13:08:14Z</time>
   </trkpt>
   <trkpt lat="44.1335100" lon="-73.8038000">
    <ele>493.4</ele>
    <time>2022-10-02T13:08:17Z</time>
   </trkpt>
   <trkpt lat="44.1334800" lon="-73.8038400">
    <ele>493.5</ele>
    <time>2022-10-02T13:08:20Z</time>
   </trkpt>
   <trkpt lat="44.1334600" lon="-73.8038900">
    <ele>493.6</ele>
    <time>2022-10-02T13:08:23Z</time>
   </trkpt>
   <trkpt lat="44.1334500" lon="-73.8039300">
    <ele>493.6</ele>
    <time>2022-10-02T13:08:26Z</time>
   </trkpt>
   <trkpt lat="44.1334300" lon="-73.8039700">
    <ele>493.7</ele>
    <time>2022-10-02T13:08:29Z</time>
   </trkpt>
   <trkpt lat="44.1334100" lon="-73.8040000">
    <ele>493.7</ele>
    <time>2022-10-02T13:08:32Z</time>
   </trkpt>
   <trkpt lat="44.1333900" lon="-73.8040500">
    <ele>493.8</ele>
    <time>2022-10-02T13:08:35Z</time>
   </trkpt>
   <trkpt lat="44.1333800" lon="-73.8040900">
    <ele>493.9</ele>
    <time>2022-10-02T13:08:38Z</time>
   </trkpt>
   <trkpt lat="44.1333600" lon="-73.8041100">
    <ele>493.9</ele>
    <time>2022-10-02T13:08:41Z</time>
   </trkpt>
   <trkpt lat="44.1333300" lon="-73.8041400">
    <ele>494.0</ele>
    <time>2022-10-02T13:08:44Z</time>
   </trkpt>
   <trkpt lat="44.1333100" lon="-73.8041800">
    <ele>494.1</ele>
    <time>2022-10-02T13:08:47Z</time>
   </trkpt>
   <trkpt lat="44.1333000" lon="-73.8042200">
    <ele>494.2</ele>
    <time>2022-10-02T13:08:50Z</time>
   </trkpt>
   <trkpt lat="44.1332800" lon="-73.8042500">
    <ele>494.3</ele>
    <time>2022-10-02T13:08:53Z</time>
   </trkpt>
   <trkpt lat="44.1332600" lon="-73.8042800">
    <ele>494.4</ele>
    <time>2022-10-02T13:08:56Z</time>
   </trkpt>
   <trkpt lat="44.1332400" lon="-73.8043200">
    <ele>494.5</ele>
    <time>2022-10-02T13:08:59Z</time>
   </trkpt>
   <trkpt lat="44.1332200" lon="-73.8043500">
    <ele>494.7</ele>
    <time>2022-10-02T13:09:01Z</time>
   </trkpt>
   <trkpt lat="44.1331900" lon="-73.8043800">
    <ele>494.8</ele>
    <time>2022-10-02T13:09:04Z</time>
   </trkpt>
   <trkpt lat="44.1331700" lon="-73.8044100">
    <ele>494.9</ele>
    <time>2022-10-02T13:09:07Z</time>
   </trkpt>
   <trkpt lat="44.1331400" lon="-73.8044400">
    <ele>495.1</ele>
    <time>2022-10-02T13:09:10Z</time>
   </trkpt>
   <trkpt lat="44.1331100" lon="-73.8044700">
    <ele>495.3</ele>
    <time>2022-10-02T13:09:13Z</time>
   </trkpt>
   <trkpt lat="44.1330800" lon="-73.8045000">
    <ele>495.5</ele>
    <time>2022-10-02T13:09:16Z</time>
   </trkpt>
   <trkpt lat="44.1330600" lon="-73.8045200">
    <ele>495.6</ele>
    <time>2022-10-02T13:09:19Z</time>
   </trkpt>
   <trkpt lat="44.1330300" lon="-73.8045600">
    <ele>495.9</ele>
    <time>2022-10-02T13:09:22Z</time>
   </trkpt>
   <trkpt lat="44.1330100" lon="-73.8045800">
    <ele>496.0</ele>
    <time>2022-10-02T13:09:25Z</time>
   </trkpt>
   <trkpt lat="44.1329800" lon="-73.8046100">
    <ele>496.2</ele>
    <time>2022-10-02T13:09:28Z</time>
   </trkpt>
   <trkpt lat="44.1329600" lon="-73.8046300">
    <ele>496.4</ele>
    <time>2022-10-02T13:09:30Z</time>
   </trkpt>
   <trkpt lat="44.1329300" lon="-73.8046500">
    <ele>496.6</ele>
    <time>2022-10-02T13:09:33Z</time>
   </trkpt>
   <trkpt lat="44.1329100" lon="-73.8046800">
    <ele>496.7</ele>
    <time>2022-10-02T13:09:36Z</time>
   </trkpt>
   <trkpt lat="44.1328900" lon="-73.8047100">
    <ele>496.9</ele>
    <time>2022-10-02T13:09:38Z</time>
   </trkpt>
   <trkpt lat="44.1328700" lon="-73.8047400">
    <ele>497.1</ele>
    <time>2022-10-02T13:09:41Z</time>
   </trkpt>
   <trkpt lat="44.1328500" lon="-73.8047700">
    <ele>497.2</ele>
    <time>2022-10-02T13:09:43Z</time>
   </trkpt>
   <trkpt lat="44.1328400" lon="-73.8048100">
    <ele>497.4</ele>
    <time>2022-10-02T13:09:45Z</time>
   </trkpt>
   <trkpt lat="44.1328200" lon="-73.8048400">
    <ele>497.5</ele>
    <time>2022-10-02T13:09:47Z</time>
   </trkpt>
   <trkpt lat="44.1328100" lon="-73.8048800">
    <ele>497.6</ele>
    <time>2022-10-02T13:09:50Z</time>
   </trkpt>
   <trkpt lat="44.1327900" lon="-73.8049200">
    <ele>497.8</ele>
    <time>2022-10-02T13:09:53Z</time>
   </trkpt>
   <trkpt lat="44.1327800" lon="-73.8049700">
    <ele>497.9</ele>
    <time>2022-10-02T13:09:56Z</time>
   </trkpt>
   <trkpt lat="44.1327700" lon="-73.8050100">
    <ele>498.0</ele>
    <time>2022-10-02T13:09:58Z</time>
   </trkpt>
   <trkpt lat="44.1327700" lon="-73.8050500">
    <ele>498.1</ele>
    <time>2022-10-02T13:10:00Z</time>
   </trkpt>
   <trkpt lat="44.1327600" lon="-73.8051000">
    <ele>498.3</ele>
    <time>2022-10-02T13:10:03Z</time>
   </trkpt>
   <trkpt lat="44.1327400" lon="-73.8051500">
    <ele>498.4</ele>
    <time>2022-10-02T13:10:06Z</time>
   </trkpt>
   <trkpt lat="44.1327300" lon="-73.8052000">
    <ele>498.6</ele>
    <time>2022-10-02T13:10:09Z</time>
   </trkpt>
   <trkpt lat="44.1327300" lon="-73.8052500">
    <ele>498.7</ele>
    <time>2022-10-02T13:10:12Z</time>
   </trkpt>
   <trkpt lat="44.1327200" lon="-73.8052900">
    <ele>498.9</ele>
    <time>2022-10-02T13:10:15Z</time>
   </trkpt>
   <trkpt lat="44.1327000" lon="-73.8053300">
    <ele>499.0</ele>
    <time>2022-10-02T13:10:18Z</time>
   </trkpt>
   <trkpt lat="44.1326900" lon="-73.8053600">
    <ele>499.1</ele>
    <time>2022-10-02T13:10:21Z</time>
   </trkpt>
   <trkpt lat="44.1326700" lon="-73.8054000">
    <ele>499.3</ele>
    <time>2022-10-02T13:10:24Z</time>
   </trkpt>
   <trkpt lat="44.1326500" lon="-73.8054400">
    <ele>499.5</ele>
    <time>2022-10-02T13:10:27Z</time>
   </trkpt>
   <trkpt lat="44.1326300" lon="-73.8054700">
    <ele>499.6</ele>
    <time>2022-10-02T13:10:30Z</time>
   </trkpt>
   <trkpt lat="44.1326000" lon="-73.8055100">
    <ele>499.8</ele>
    <time>2022-10-02T13:10:33Z</time>
   </trkpt>
   <trkpt lat="44.1325800" lon="-73.8055300">
    <ele>500.0</ele>
    <time>2022-10-02T13:10:36Z</time>
   </trkpt>
   <trkpt lat="44.1325500" lon="-73.8055700">
    <ele>500.2</ele>
    <time>2022-10-02T13:10:39Z</time>
   </trkpt>
   <trkpt lat="44.1325300" lon="-73.8056000">
    <ele>500.3</ele>
    <time>2022-10-02T13:10:42Z</time>
   </trkpt>
   <trkpt lat="44.1325000" lon="-73.8056300">
    <ele>500.5</ele>
    <time>2022-10-02T13:10:45Z</time>
   </trkpt>
   <trkpt lat="44.1324800" lon="-73.8056600">
    <ele>500.7</ele>
    <time>2022-10-02T13:10:48Z</time>
   </trkpt>
   <trkpt lat="44.1324500" lon="-73.8056900">
    <ele>500.8</ele>
    <time>2022-10-02T13:10:51Z</time>
   </trkpt>
   <trkpt lat="44.1324100" lon="-73.8057000">
    <ele>501.0</ele>
    <time>2022-10-02T13:10:54Z</time>
   </trkpt>
   <trkpt lat="44.1323800" lon="-73.8057200">
    <ele>501.2</ele>
    <time>2022-10-02T13:10:57Z</time>
   </trkpt>
   <trkpt lat="44.1323400" lon="-73.8057400">
    <ele>501.4</ele>
    <time>2022-10-02T13:11:00Z</time>
   </trkpt>
   <trkpt lat="44.1323100" lon="-73.8057500">
    <ele>501.6</ele>
    <time>2022-10-02T13:11:03Z</time>
   </trkpt>
   <trkpt lat="44.1322800" lon="-73.8057500">
    <ele>501.8</ele>
    <time>2022-10-02T13:11:06Z</time>
   </trkpt>
   <trkpt lat="44.1322500" lon="-73.8057600">
    <ele>502.0</ele>
    <time>2022-10-02T13:11:09Z</time>
   </trkpt>
   <trkpt lat="44.1322100" lon="-73.8057700">
    <ele>502.2</ele>
    <time>2022-10-02T13:11:12Z</time>
   </trkpt>
   <trkpt lat="44.1321900" lon="-73.8057900">
    <ele>502.4</ele>
    <time>2022-10-02T13:11:15Z</time>
   </trkpt>
   <trkpt lat="44.1321600" lon="-73.8058000">
    <ele>502.5</ele>
    <time>2022-10-02T13:11:18Z</time>
   </trkpt>
   <trkpt lat="44.1321300" lon="-73.8058300">
    <ele>502.8</ele>
    <time>2022-10-02T13:11:21Z</time>
   </trkpt>
   <trkpt lat="44.1321000" lon="-73.8058600">
    <ele>503.0</ele>
    <time>2022-10-02T13:11:24Z</time>
   </trkpt>
   <trkpt lat="44.1320600" lon="-73.8058800">
    <ele>503.3</ele>
    <time>2022-10-02T13:11:27Z</time>
   </trkpt>
   <trkpt lat="44.1320400" lon="-73.8059100">
    <ele>503.5</ele>
    <time>2022-10-02T13:11:30Z</time>
   </trkpt>
   <trkpt lat="44.1320100" lon="-73.8059300">
    <ele>503.7</ele>
    <time>2022-10-02T13:11:34Z</time>
   </trkpt>
   <trkpt lat="44.1319800" lon="-73.8059700">
    <ele>503.9</ele>
    <time>2022-10-02T13:11:38Z</time>
   </trkpt>
   <trkpt lat="44.1319600" lon="-73.8060000">
    <ele>504.1</ele>
    <time>2022-10-02T13:11:40Z</time>
   </trkpt>
   <trkpt lat="44.1319400" lon="-73.8060300">
    <ele>504.2</ele>
    <time>2022-10-02T13:11:42Z</time>
   </trkpt>
   <trkpt lat="44.1319200" lon="-73.8060600">
    <ele>504.4</ele>
    <time>2022-10-02T13:11:44Z</time>
   </trkpt>
   <trkpt lat="44.1319000" lon="-73.8061000">
    <ele>504.6</ele>
    <time>2022-10-02T13:11:46Z</time>
   </trkpt>
   <trkpt lat="44.1318800" lon="-73.8061400">
    <ele>504.8</ele>
    <time>2022-10-02T13:11:48Z</time>
   </trkpt>
   <trkpt lat="44.1318600" lon="-73.8061700">
    <ele>505.0</ele>
    <time>2022-10-02T13:11:51Z</time>
   </trkpt>
   <trkpt lat="44.1318400" lon="-73.8062100">
    <ele>505.2</ele>
    <time>2022-10-02T13:11:54Z</time>
   </trkpt>
   <trkpt lat="44.1318300" lon="-73.8062400">
    <ele>505.4</ele>
    <time>2022-10-02T13:11:56Z</time>
   </trkpt>
   <trkpt lat="44.1318000" lon="-73.8062900">
    <ele>505.7</ele>
    <time>2022-10-02T13:11:59Z</time>
   </trkpt>
   <trkpt lat="44.1317900" lon="-73.8063300">
    <ele>505.9</ele>
    <time>2022-10-02T13:12:02Z</time>
   </trkpt>
   <trkpt lat="44.1317700" lon="-73.8063700">
    <ele>506.1</ele>
    <time>2022-10-02T13:12:05Z</time>
   </trkpt>
   <trkpt lat="44.1317500" lon="-73.8064100">
    <ele>506.3</ele>
    <time>2022-10-02T13:12:08Z</time>
   </trkpt>
   <trkpt lat="44.1317300" lon="-73.8064400">
    <ele>506.4</ele>
    <time>2022-10-02T13:12:11Z</time>
   </trkpt>
   <trkpt lat="44.1317100" lon="-73.8064800">
    <ele>506.6</ele>
    <time>2022-10-02T13:12:14Z</time>
   </trkpt>
   <trkpt lat="44.1316900" lon="-73.8065200">
    <ele>506.7</ele>
    <time>2022-10-02T13:12:17Z</time>
   </trkpt>
   <trkpt lat="44.1316600" lon="-73.8065500">
    <ele>506.9</ele>
    <time>2022-10-02T13:12:20Z</time>
   </trkpt>
   <trkpt lat="44.1316300" lon="-73.8065800">
    <ele>507.0</ele>
    <time>2022-10-02T13:12:23Z</time>
   </trkpt>
   <trkpt lat="44.1316000" lon="-73.8066000">
    <ele>507.2</ele>
    <time>2022-10-02T13:12:26Z</time>
   </trkpt>
   <trkpt lat="44.1315700" lon="-73.8066200">
    <ele>507.3</ele>
    <time>2022-10-02T13:12:29Z</time>
   </trkpt>
   <trkpt lat="44.1315400" lon="-73.8066400">
    <ele>507.5</ele>
    <time>2022-10-02T13:12:32Z</time>
   </trkpt>
   <trkpt lat="44.1315100" lon="-73.8066600">
    <ele>507.6</ele>
    <time>2022-10-02T13:12:35Z</time>
   </trkpt>
   <trkpt lat="44.1314800" lon="-73.8066700">
    <ele>507.8</ele>
    <time>2022-10-02T13:12:38Z</time>
   </trkpt>
   <trkpt lat="44.1314400" lon="-73.8066900">
    <ele>508.0</ele>
    <time>2022-10-02T13:12:41Z</time>
   </trkpt>
   <trkpt lat="44.1314200" lon="-73.8067000">
    <ele>508.1</ele>
    <time>2022-10-02T13:12:44Z</time>
   </trkpt>
   <trkpt lat="44.1313800" lon="-73.8067100">
    <ele>508.3</ele>
    <time>2022-10-02T13:12:47Z</time>
   </trkpt>
   <trkpt lat="44.1313500" lon="-73.8067200">
    <ele>508.5</ele>
    <time>2022-10-02T13:12:51Z</time>
   </trkpt>
   <trkpt lat="44.1313200" lon="-73.8067400">
    <ele>508.7</ele>
    <time>2022-10-02T13:12:55Z</time>
   </trkpt>
   <trkpt lat="44.1312900" lon="-73.8067600">
    <ele>508.8</ele>
    <time>2022-10-02T13:12:58Z</time>
   </trkpt>
   <trkpt lat="44.1312500" lon="-73.8067700">
    <ele>509.0</ele>
    <time>2022-10-02T13:13:01Z</time>
   </trkpt>
   <trkpt lat="44.1312200" lon="-73.8067800">
    <ele>509.1</ele>
    <time>2022-10-02T13:13:04Z</time>
   </trkpt>
   <trkpt lat="44.1311900" lon="-73.8067900">
    <ele>509.3</ele>
    <time>2022-10-02T13:13:07Z</time>
   </trkpt>
   <trkpt lat="44.1311600" lon="-73.8068000">
    <ele>509.3</ele>
    <time>2022-10-02T13:13:10Z</time>
   </trkpt>
   <trkpt lat="44.1311300" lon="-73.8067900">
    <ele>509.3</ele>
    <time>2022-10-02T13:13:28Z</time>
   </trkpt>
   <trkpt lat="44.1311000" lon="-73.8067600">
    <ele>509.4</ele>
    <time>2022-10-02T13:13:30Z</time>
   </trkpt>
   <trkpt lat="44.1310700" lon="-73.8067700">
    <ele>509.4</ele>
    <time>2022-10-02T13:13:33Z</time>
   </trkpt>
   <trkpt lat="44.1310300" lon="-73.8067800">
    <ele>509.4</ele>
    <time>2022-10-02T13:13:36Z</time>
   </trkpt>
   <trkpt lat="44.1310000" lon="-73.8067900">
    <ele>509.5</ele>
    <time>2022-10-02T13:13:39Z</time>
   </trkpt>
   <trkpt lat="44.1309700" lon="-73.8068100">
    <ele>509.6</ele>
    <time>2022-10-02T13:13:42Z</time>
   </trkpt>
   <trkpt lat="44.1309300" lon="-73.8068200">
    <ele>509.7</ele>
    <time>2022-10-02T13:13:45Z</time>
   </trkpt>
   <trkpt lat="44.1308900" lon="-73.8068300">
    <ele>509.9</ele>
    <time>2022-10-02T13:13:48Z</time>
   </trkpt>
   <trkpt lat="44.1308600" lon="-73.8068500">
    <ele>510.1</ele>
    <time>2022-10-02T13:13:52Z</time>
   </trkpt>
   <trkpt lat="44.1308300" lon="-73.8068500">
    <ele>510.3</ele>
    <time>2022-10-02T13:13:57Z</time>
   </trkpt>
   <trkpt lat="44.1308000" lon="-73.8068400">
    <ele>510.5</ele>
    <time>2022-10-02T13:14:01Z</time>
   </trkpt>
   <trkpt lat="44.1307700" lon="-73.8068400">
    <ele>510.7</ele>
    <time>2022-10-02T13:14:04Z</time>
   </trkpt>
   <trkpt lat="44.1307400" lon="-73.8068500">
    <ele>510.9</ele>
    <time>2022-10-02T13:14:07Z</time>
   </trkpt>
   <trkpt lat="44.1307000" lon="-73.8068500">
    <ele>511.3</ele>
    <time>2022-10-02T13:14:10Z</time>
   </trkpt>
   <trkpt lat="44.1306800" lon="-73.8068600">
    <ele>511.4</ele>
    <time>2022-10-02T13:14:12Z</time>
   </trkpt>
   <trkpt lat="44.1306400" lon="-73.8068600">
    <ele>511.7</ele>
    <time>2022-10-02T13:14:15Z</time>
   </trkpt>
   <trkpt lat="44.1306100" lon="-73.8068700">
    <ele>512.0</ele>
    <time>2022-10-02T13:14:18Z</time>
   </trkpt>
   <trkpt lat="44.1305700" lon="-73.8068700">
    <ele>512.3</ele>
    <time>2022-10-02T13:14:22Z</time>
   </trkpt>
   <trkpt lat="44.1305600" lon="-73.8069100">
    <ele>513.3</ele>
    <time>2022-10-02T13:15:15Z</time>
   </trkpt>
   <trkpt lat="44.1305500" lon="-73.8068600">
    <ele>513.7</ele>
    <time>2022-10-02T13:15:26Z</time>
   </trkpt>
   <trkpt lat="44.1305400" lon="-73.8068200">
    <ele>514.0</ele>
    <time>2022-10-02T13:15:31Z</time>
   </trkpt>
   <trkpt lat="44.1305100" lon="-73.8068100">
    <ele>514.3</ele>
    <time>2022-10-02T13:15:38Z</time>
   </trkpt>
   <trkpt lat="44.1304800" lon="-73.8068200">
    <ele>514.6</ele>
    <time>2022-10-02T13:15:43Z</time>
   </trkpt>
   <trkpt lat="44.1304600" lon="-73.8068600">
    <ele>514.9</ele>
    <time>2022-10-02T13:15:45Z</time>
   </trkpt>
   <trkpt lat="44.1304300" lon="-73.8068500">
    <ele>515.1</ele>
    <time>2022-10-02T13:15:49Z</time>
   </trkpt>
   <trkpt lat="44.1304100" lon="-73.8068200">
    <ele>515.3</ele>
    <time>2022-10-02T13:15:53Z</time>
   </trkpt>
   <trkpt lat="44.1303800" lon="-73.8067700">
    <ele>515.6</ele>
    <time>2022-10-02T13:15:56Z</time>
   </trkpt>
   <trkpt lat="44.1303600" lon="-73.8067400">
    <ele>515.7</ele>
    <time>2022-10-02T13:15:59Z</time>
   </trkpt>
   <trkpt lat="44.1303400" lon="-73.8067100">
    <ele>515.8</ele>
    <time>2022-10-02T13:16:02Z</time>
   </trkpt>
   <trkpt lat="44.1303200" lon="-73.8066800">
    <ele>515.9</ele>
    <time>2022-10-02T13:16:04Z</time>
   </trkpt>
   <trkpt lat="44.1302900" lon="-73.8066600">
    <ele>515.9</ele>
    <time>2022-10-02T13:16:06Z</time>
   </trkpt>
   <trkpt lat="44.1302500" lon="-73.8066500">
    <ele>516.0</ele>
    <time>2022-10-02T13:16:10Z</time>
   </trkpt>
   <trkpt lat="44.1302400" lon="-73.8066200">
    <ele>516.0</ele>
    <time>2022-10-02T13:16:15Z</time>
   </trkpt>
   <trkpt lat="44.1302400" lon="-73.8065800">
    <ele>516.1</ele>
    <time>2022-10-02T13:16:19Z</time>
   </trkpt>
   <trkpt lat="44.1302300" lon="-73.8065400">
    <ele>516.1</ele>
    <time>2022-10-02T13:16:21Z</time>
   </trkpt>
   <trkpt lat="44.1302200" lon="-73.8065000">
    <ele>516.2</ele>
    <time>2022-10-02T13:16:24Z</time>
   </trkpt>
   <trkpt lat="44.1302100" lon="-73.8064600">
    <ele>516.3</ele>
    <time>2022-10-02T13:16:27Z</time>
   </trkpt>
   <trkpt lat="44.1301800" lon="-73.8064300">
    <ele>516.4</ele>
    <time>2022-10-02T13:16:30Z</time>
   </trkpt>
   <trkpt lat="44.1301600" lon="-73.8064200">
    <ele>516.5</ele>
    <time>2022-10-02T13:16:33Z</time>
   </trkpt>
   <trkpt lat="44.1301300" lon="-73.8064100">
    <ele>516.6</ele>
    <time>2022-10-02T13:16:36Z</time>
   </trkpt>
   <trkpt lat="44.1300900" lon="-73.8064000">
    <ele>516.8</ele>
    <time>2022-10-02T13:16:39Z</time>
   </trkpt>
   <trkpt lat="44.1300700" lon="-73.8063800">
    <ele>516.9</ele>
    <time>2022-10-02T13:16:42Z</time>
   </trkpt>
   <trkpt lat="44.1300400" lon="-73.8063700">
    <ele>517.1</ele>
    <time>2022-10-02T13:16:46Z</time>
   </trkpt>
   <trkpt lat="44.1300100" lon="-73.8063900">
    <ele>517.2</ele>
    <time>2022-10-02T13:16:50Z</time>
   </trkpt>
   <trkpt lat="44.1299800" lon="-73.8064000">
    <ele>517.4</ele>
    <time>2022-10-02T13:16:53Z</time>
   </trkpt>
   <trkpt lat="44.1299500" lon="-73.8064200">
    <ele>517.5</ele>
    <time>2022-10-02T13:16:56Z</time>
   </trkpt>
   <trkpt lat="44.1299300" lon="-73.8064400">
    <ele>517.6</ele>
    <time>2022-10-02T13:16:59Z</time>
   </trkpt>
   <trkpt lat="44.1299000" lon="-73.8064600">
    <ele>517.7</ele>
    <time>2022-10-02T13:17:02Z</time>
   </trkpt>
   <trkpt lat="44.1298900" lon="-73.8064900">
    <ele>517.8</ele>
    <time>2022-10-02T13:17:05Z</time>
   </trkpt>
   <trkpt lat="44.1298700" lon="-73.8065300">
    <ele>518.0</ele>
    <time>2022-10-02T13:17:10Z</time>
   </trkpt>
   <trkpt lat="44.1298600" lon="-73.8065700">
    <ele>518.1</ele>
    <time>2022-10-02T13:17:14Z</time>
   </trkpt>
   <trkpt lat="44.1298300" lon="-73.8065900">
    <ele>518.2</ele>
    <time>2022-10-02T13:17:22Z</time>
   </trkpt>
   <trkpt lat="44.1298000" lon="-73.8066000">
    <ele>518.3</ele>
    <time>2022-10-02T13:17:24Z</time>
   </trkpt>
   <trkpt lat="44.1297700" lon="-73.8066100">
    <ele>518.4</ele>
    <time>2022-10-02T13:17:27Z</time>
   </trkpt>
   <trkpt lat="44.1297400" lon="-73.8066300">
    <ele>518.5</ele>
    <time>2022-10-02T13:17:32Z</time>
   </trkpt>
   <trkpt lat="44.1297100" lon="-73.8066400">
    <ele>518.6</ele>
    <time>2022-10-02T13:17:35Z</time>
   </trkpt>
   <trkpt lat="44.1296800" lon="-73.8066600">
    <ele>518.8</ele>
    <time>2022-10-02T13:17:38Z</time>
   </trkpt>
   <trkpt lat="44.1296500" lon="-73.8066800">
    <ele>518.9</ele>
    <time>2022-10-02T13:17:41Z</time>
   </trkpt>
   <trkpt lat="44.1296200" lon="-73.8067000">
    <ele>519.0</ele>
    <time>2022-10-02T13:17:45Z</time>
   </trkpt>
   <trkpt lat="44.1295900" lon="-73.8067100">
    <ele>519.1</ele>
    <time>2022-10-02T13:17:48Z</time>
   </trkpt>
   <trkpt lat="44.1295600" lon="-73.8067200">
    <ele>519.3</ele>
    <time>2022-10-02T13:17:51Z</time>
   </trkpt>
   <trkpt lat="44.1295300" lon="-73.8067400">
    <ele>519.4</ele>
    <time>2022-10-02T13:17:53Z</time>
   </trkpt>
   <trkpt lat="44.1295000" lon="-73.8067500">
    <ele>519.5</ele>
    <time>2022-10-02T13:17:57Z</time>
   </trkpt>
   <trkpt lat="44.1294800" lon="-73.8067500">
    <ele>519.6</ele>
    <time>2022-10-02T13:18:02Z</time>
   </trkpt>
   <trkpt lat="44.1294500" lon="-73.8067800">
    <ele>519.7</ele>
    <time>2022-10-02T13:18:20Z</time>
   </trkpt>
   <trkpt lat="44.1294200" lon="-73.8067900">
    <ele>519.8</ele>
    <time>2022-10-02T13:18:22Z</time>
   </trkpt>
   <trkpt lat="44.1293900" lon="-73.8068000">
    <ele>520.0</ele>
    <time>2022-10-02T13:18:24Z</time>
   </trkpt>
   <trkpt lat="44.1293600" lon="-73.8068000">
    <ele>520.1</ele>
    <time>2022-10-02T13:18:27Z</time>
   </trkpt>
   <trkpt lat="44.1293300" lon="-73.8068000">
    <ele>520.2</ele>
    <time>2022-10-02T13:18:31Z</time>
   </trkpt>
   <trkpt lat="44.1293000" lon="-73.8068100">
    <ele>520.3</ele>
    <time>2022-10-02T13:18:34Z</time>
   </trkpt>
   <trkpt lat="44.1292600" lon="-73.8068100">
    <ele>520.5</ele>
    <time>2022-10-02T13:18:38Z</time>
   </trkpt>
   <trkpt lat="44.1292300" lon="-73.8068200">
    <ele>520.6</ele>
    <time>2022-10-02T13:18:42Z</time>
   </trkpt>
   <trkpt lat="44.1291900" lon="-73.8068300">
    <ele>520.8</ele>
    <time>2022-10-02T13:18:45Z</time>
   </trkpt>
   <trkpt lat="44.1291600" lon="-73.8068100">
    <ele>520.9</ele>
    <time>2022-10-02T13:18:50Z</time>
   </trkpt>
   <trkpt lat="44.1291300" lon="-73.8068000">
    <ele>521.0</ele>
    <time>2022-10-02T13:18:54Z</time>
   </trkpt>
   <trkpt lat="44.1291000" lon="-73.8067900">
    <ele>521.1</ele>
    <time>2022-10-02T13:18:58Z</time>
   </trkpt>
   <trkpt lat="44.1290800" lon="-73.8068000">
    <ele>521.2</ele>
    <time>2022-10-02T13:19:02Z</time>
   </trkpt>
   <trkpt lat="44.1290600" lon="-73.8068400">
    <ele>521.4</ele>
    <time>2022-10-02T13:19:08Z</time>
   </trkpt>
   <trkpt lat="44.1290600" lon="-73.8068800">
    <ele>521.5</ele>
    <time>2022-10-02T13:19:10Z</time>
   </trkpt>
   <trkpt lat="44.1290400" lon="-73.8069200">
    <ele>521.7</ele>
    <time>2022-10-02T13:19:12Z</time>
   </trkpt>
   <trkpt lat="44.1290200" lon="-73.8069600">
    <ele>521.9</ele>
    <time>2022-10-02T13:19:14Z</time>
   </trkpt>
   <trkpt lat="44.1290100" lon="-73.8069900">
    <ele>522.0</ele>
    <time>2022-10-02T13:19:16Z</time>
   </trkpt>
   <trkpt lat="44.1289900" lon="-73.8070300">
    <ele>522.2</ele>
    <time>2022-10-02T13:19:19Z</time>
   </trkpt>
   <trkpt lat="44.1289700" lon="-73.8070700">
    <ele>522.4</ele>
    <time>2022-10-02T13:19:23Z</time>
   </trkpt>
   <trkpt lat="44.1289500" lon="-73.8071000">
    <ele>522.5</ele>
    <time>2022-10-02T13:19:26Z</time>
   </trkpt>
   <trkpt lat="44.1289500" lon="-73.8071400">
    <ele>522.7</ele>
    <time>2022-10-02T13:19:31Z</time>
   </trkpt>
   <trkpt lat="44.1289400" lon="-73.8071800">
    <ele>522.8</ele>
    <time>2022-10-02T13:19:34Z</time>
   </trkpt>
   <trkpt lat="44.1289200" lon="-73.8072200">
    <ele>523.0</ele>
    <time>2022-10-02T13:19:37Z</time>
   </trkpt>
   <trkpt lat="44.1289100" lon="-73.8072500">
    <ele>523.1</ele>
    <time>2022-10-02T13:19:41Z</time>
   </trkpt>
   <trkpt lat="44.1288800" lon="-73.8072700">
    <ele>523.3</ele>
    <time>2022-10-02T13:19:44Z</time>
   </trkpt>
   <trkpt lat="44.1288600" lon="-73.8073000">
    <ele>523.4</ele>
    <time>2022-10-02T13:19:48Z</time>
   </trkpt>
   <trkpt lat="44.1288300" lon="-73.8073100">
    <ele>523.6</ele>
    <time>2022-10-02T13:19:51Z</time>
   </trkpt>
   <trkpt lat="44.1287900" lon="-73.8073200">
    <ele>523.8</ele>
    <time>2022-10-02T13:19:54Z</time>
   </trkpt>
   <trkpt lat="44.1287600" lon="-73.8073300">
    <ele>523.9</ele>
    <time>2022-10-02T13:19:58Z</time>
   </trkpt>
   <trkpt lat="44.1287300" lon="-73.8073300">
    <ele>524.0</ele>
    <time>2022-10-02T13:20:04Z</time>
   </trkpt>
   <trkpt lat="44.1287000" lon="-73.8073500">
    <ele>524.2</ele>
    <time>2022-10-02T13:20:12Z</time>
   </trkpt>
   <trkpt lat="44.1286800" lon="-73.8073800">
    <ele>524.4</ele>
    <time>2022-10-02T13:20:14Z</time>
   </trkpt>
   <trkpt lat="44.1286400" lon="-73.8074000">
    <ele>524.6</ele>
    <time>2022-10-02T13:20:17Z</time>
   </trkpt>
   <trkpt lat="44.1286200" lon="-73.8074100">
    <ele>524.7</ele>
    <time>2022-10-02T13:20:21Z</time>
   </trkpt>
   <trkpt lat="44.1285900" lon="-73.8074300">
    <ele>524.8</ele>
    <time>2022-10-02T13:20:24Z</time>
   </trkpt>
   <trkpt lat="44.1285800" lon="-73.8074600">
    <ele>524.9</ele>
    <time>2022-10-02T13:20:28Z</time>
   </trkpt>
   <trkpt lat="44.1285600" lon="-73.8075200">
    <ele>525.1</ele>
    <time>2022-10-02T13:20:31Z</time>
   </trkpt>
   <trkpt lat="44.1285500" lon="-73.8075700">
    <ele>525.3</ele>
    <time>2022-10-02T13:20:34Z</time>
   </trkpt>
   <trkpt lat="44.1285400" lon="-73.8076200">
    <ele>525.5</ele>
    <time>2022-10-02T13:20:38Z</time>
   </trkpt>
   <trkpt lat="44.1285300" lon="-73.8076800">
    <ele>525.6</ele>
    <time>2022-10-02T13:20:45Z</time>
   </trkpt>
   <trkpt lat="44.1285600" lon="-73.8077100">
    <ele>525.8</ele>
    <time>2022-10-02T13:20:49Z</time>
   </trkpt>
   <trkpt lat="44.1285700" lon="-73.8077500">
    <ele>525.9</ele>
    <time>2022-10-02T13:20:58Z</time>
   </trkpt>
   <trkpt lat="44.1285700" lon="-73.8077900">
    <ele>526.0</ele>
    <time>2022-10-02T13:21:07Z</time>
   </trkpt>
   <trkpt lat="44.1285500" lon="-73.8077600">
    <ele>526.1</ele>
    <time>2022-10-02T13:21:14Z</time>
   </trkpt>
   <trkpt lat="44.1285300" lon="-73.8078000">
    <ele>526.2</ele>
    <time>2022-10-02T13:21:44Z</time>
   </trkpt>
   <trkpt lat="44.1285500" lon="-73.8078500">
    <ele>526.4</ele>
    <time>2022-10-02T13:21:47Z</time>
   </trkpt>
   <trkpt lat="44.1285400" lon="-73.8078900">
    <ele>526.5</ele>
    <time>2022-10-02T13:21:52Z</time>
   </trkpt>
   <trkpt lat="44.1285100" lon="-73.8079100">
    <ele>526.7</ele>
    <time>2022-10-02T13:21:55Z</time>
   </trkpt>
   <trkpt lat="44.1284800" lon="-73.8079300">
    <ele>526.8</ele>
    <time>2022-10-02T13:21:59Z</time>
   </trkpt>
   <trkpt lat="44.1284500" lon="-73.8079500">
    <ele>527.0</ele>
    <time>2022-10-02T13:22:02Z</time>
   </trkpt>
   <trkpt lat="44.1284200" lon="-73.8079600">
    <ele>527.2</ele>
    <time>2022-10-02T13:22:06Z</time>
   </trkpt>
   <trkpt lat="44.1284000" lon="-73.8079700">
    <ele>527.3</ele>
    <time>2022-10-02T13:22:09Z</time>
   </trkpt>
   <trkpt lat="44.1283600" lon="-73.8080000">
    <ele>527.6</ele>
    <time>2022-10-02T13:22:12Z</time>
   </trkpt>
   <trkpt lat="44.1283300" lon="-73.8079700">
    <ele>527.9</ele>
    <time>2022-10-02T13:22:21Z</time>
   </trkpt>
   <trkpt lat="44.1283000" lon="-73.8079600">
    <ele>528.1</ele>
    <time>2022-10-02T13:22:23Z</time>
   </trkpt>
   <trkpt lat="44.1282700" lon="-73.8079600">
    <ele>528.3</ele>
    <time>2022-10-02T13:22:26Z</time>
   </trkpt>
   <trkpt lat="44.1282400" lon="-73.8079600">
    <ele>528.6</ele>
    <time>2022-10-02T13:22:29Z</time>
   </trkpt>
   <trkpt lat="44.1282100" lon="-73.8079600">
    <ele>528.8</ele>
    <time>2022-10-02T13:22:31Z</time>
   </trkpt>
   <trkpt lat="44.1281800" lon="-73.8079800">
    <ele>529.0</ele>
    <time>2022-10-02T13:22:35Z</time>
   </trkpt>
   <trkpt lat="44.1281500" lon="-73.8080100">
    <ele>529.2</ele>
    <time>2022-10-02T13:22:39Z</time>
   </trkpt>
   <trkpt lat="44.1281200" lon="-73.8080300">
    <ele>529.4</ele>
    <time>2022-10-02T13:22:43Z</time>
   </trkpt>
   <trkpt lat="44.1281000" lon="-73.8080700">
    <ele>529.5</ele>
    <time>2022-10-02T13:22:46Z</time>
   </trkpt>
   <trkpt lat="44.1280900" lon="-73.8081100">
    <ele>529.6</ele>
    <time>2022-10-02T13:22:49Z</time>
   </trkpt>
   <trkpt lat="44.1280700" lon="-73.8081600">
    <ele>529.7</ele>
    <time>2022-10-02T13:22:52Z</time>
   </trkpt>
   <trkpt lat="44.1280500" lon="-73.8081900">
    <ele>529.8</ele>
    <time>2022-10-02T13:22:54Z</time>
   </trkpt>
   <trkpt lat="44.1280300" lon="-73.8082200">
    <ele>529.8</ele>
    <time>2022-10-02T13:22:57Z</time>
   </trkpt>
   <trkpt lat="44.1280100" lon="-73.8082600">
    <ele>529.9</ele>
    <time>2022-10-02T13:23:00Z</time>
   </trkpt>
   <trkpt lat="44.1280000" lon="-73.8082900">
    <ele>529.9</ele>
    <time>2022-10-02T13:23:05Z</time>
   </trkpt>
   <trkpt lat="44.1279900" lon="-73.8083300">
    <ele>530.0</ele>
    <time>2022-10-02T13:23:09Z</time>
   </trkpt>
   <trkpt lat="44.1279600" lon="-73.8083100">
    <ele>530.0</ele>
    <time>2022-10-02T13:23:13Z</time>
   </trkpt>
   <trkpt lat="44.1279300" lon="-73.8083200">
    <ele>530.1</ele>
    <time>2022-10-02T13:23:20Z</time>
   </trkpt>
   <trkpt lat="44.1279000" lon="-73.8083500">
    <ele>530.3</ele>
    <time>2022-10-02T13:23:24Z</time>
   </trkpt>
   <trkpt lat="44.1278800" lon="-73.8083700">
    <ele>530.4</ele>
    <time>2022-10-02T13:23:27Z</time>
   </trkpt>
   <trkpt lat="44.1278700" lon="-73.8084100">
    <ele>530.6</ele>
    <time>2022-10-02T13:23:31Z</time>
   </trkpt>
   <trkpt lat="44.1278600" lon="-73.8084500">
    <ele>530.8</ele>
    <time>2022-10-02T13:23:35Z</time>
   </trkpt>
   <trkpt lat="44.1278600" lon="-73.8085200">
    <ele>531.1</ele>
    <time>2022-10-02T13:23:38Z</time>
   </trkpt>
   <trkpt lat="44.1278600" lon="-73.8085700">
    <ele>531.4</ele>
    <time>2022-10-02T13:23:40Z</time>
   </trkpt>
   <trkpt lat="44.1278600" lon="-73.8086100">
    <ele>531.6</ele>
    <time>2022-10-02T13:23:43Z</time>
   </trkpt>
   <trkpt lat="44.1278700" lon="-73.8086500">
    <ele>531.8</ele>
    <time>2022-10-02T13:23:54Z</time>
   </trkpt>
   <trkpt lat="44.1279000" lon="-73.8086700">
    <ele>532.0</ele>
    <time>2022-10-02T13:23:58Z</time>
   </trkpt>
   <trkpt lat="44.1279300" lon="-73.8086900">
    <ele>532.2</ele>
    <time>2022-10-02T13:24:04Z</time>
   </trkpt>
   <trkpt lat="44.1279400" lon="-73.8087300">
    <ele>532.4</ele>
    <time>2022-10-02T13:24:08Z</time>
   </trkpt>
   <trkpt lat="44.1279200" lon="-73.8087600">
    <ele>532.6</ele>
    <time>2022-10-02T13:24:14Z</time>
   </trkpt>
   <trkpt lat="44.1279000" lon="-73.8087900">
    <ele>532.7</ele>
    <time>2022-10-02T13:24:17Z</time>
   </trkpt>
   <trkpt lat="44.1278800" lon="-73.8088300">
    <ele>532.9</ele>
    <time>2022-10-02T13:24:20Z</time>
   </trkpt>
   <trkpt lat="44.1278500" lon="-73.8088500">
    <ele>533.0</ele>
    <time>2022-10-02T13:24:24Z</time>
   </trkpt>
   <trkpt lat="44.1278300" lon="-73.8088800">
    <ele>533.2</ele>
    <time>2022-10-02T13:24:28Z</time>
   </trkpt>
   <trkpt lat="44.1278200" lon="-73.8089200">
    <ele>533.3</ele>
    <time>2022-10-02T13:24:31Z</time>
   </trkpt>
   <trkpt lat="44.1278000" lon="-73.8089500">
    <ele>533.5</ele>
    <time>2022-10-02T13:24:35Z</time>
   </trkpt>
   <trkpt lat="44.1277800" lon="-73.8089900">
    <ele>533.6</ele>
    <time>2022-10-02T13:24:42Z</time>
   </trkpt>
   <trkpt lat="44.1277600" lon="-73.8090400">
    <ele>533.8</ele>
    <time>2022-10-02T13:24:45Z</time>
   </trkpt>
   <trkpt lat="44.1277400" lon="-73.8090700">
    <ele>534.0</ele>
    <time>2022-10-02T13:24:49Z</time>
   </trkpt>
   <trkpt lat="44.1277200" lon="-73.8090900">
    <ele>534.1</ele>
    <time>2022-10-02T13:24:52Z</time>
   </trkpt>
   <trkpt lat="44.1277000" lon="-73.8091200">
    <ele>534.3</ele>
    <time>2022-10-02T13:24:59Z</time>
   </trkpt>
   <trkpt lat="44.1276800" lon="-73.8091500">
    <ele>534.5</ele>
    <time>2022-10-02T13:25:05Z</time>
   </trkpt>
   <trkpt lat="44.1276800" lon="-73.8092000">
    <ele>534.7</ele>
    <time>2022-10-02T13:25:12Z</time>
   </trkpt>
   <trkpt lat="44.1276500" lon="-73.8092000">
    <ele>535.0</ele>
    <time>2022-10-02T13:25:19Z</time>
   </trkpt>
   <trkpt lat="44.1276300" lon="-73.8092000">
    <ele>535.1</ele>
    <time>2022-10-02T13:25:22Z</time>
   </trkpt>
   <trkpt lat="44.1276000" lon="-73.8092100">
    <ele>535.4</ele>
    <time>2022-10-02T13:25:25Z</time>
   </trkpt>
   <trkpt lat="44.1276100" lon="-73.8092400">
    <ele>535.6</ele>
    <time>2022-10-02T13:25:34Z</time>
   </trkpt>
   <trkpt lat="44.1275900" lon="-73.8092700">
    <ele>535.8</ele>
    <time>2022-10-02T13:25:41Z</time>
   </trkpt>
   <trkpt lat="44.1275600" lon="-73.8092900">
    <ele>536.1</ele>
    <time>2022-10-02T13:25:45Z</time>
   </trkpt>
   <trkpt lat="44.1275500" lon="-73.8093300">
    <ele>536.4</ele>
    <time>2022-10-02T13:26:01Z</time>
   </trkpt>
   <trkpt lat="44.1275200" lon="-73.8093300">
    <ele>536.6</ele>
    <time>2022-10-02T13:26:05Z</time>
   </trkpt>
   <trkpt lat="44.1274800" lon="-73.8093200">
    <ele>537.0</ele>
    <time>2022-10-02T13:26:14Z</time>
   </trkpt>
   <trkpt lat="44.1274500" lon="-73.8093400">
    <ele>537.3</ele>
    <time>2022-10-02T13:26:21Z</time>
   </trkpt>
   <trkpt lat="44.1274200" lon="-73.8093600">
    <ele>537.5</ele>
    <time>2022-10-02T13:26:36Z</time>
   </trkpt>
   <trkpt lat="44.1274000" lon="-73.8093700">
    <ele>537.7</ele>
    <time>2022-10-02T13:26:41Z</time>
   </trkpt>
   <trkpt lat="44.1273600" lon="-73.8093800">
    <ele>538.0</ele>
    <time>2022-10-02T13:26:46Z</time>
   </trkpt>
   <trkpt lat="44.1273500" lon="-73.8093400">
    <ele>538.2</ele>
    <time>2022-10-02T13:27:04Z</time>
   </trkpt>
   <trkpt lat="44.1273300" lon="-73.8093900">
    <ele>538.4</ele>
    <time>2022-10-02T13:27:12Z</time>
   </trkpt>
   <trkpt lat="44.1273100" lon="-73.8094200">
    <ele>538.5</ele>
    <time>2022-10-02T13:27:15Z</time>
   </trkpt>
   <trkpt lat="44.1272800" lon="-73.8094500">
    <ele>538.7</ele>
    <time>2022-10-02T13:27:21Z</time>
   </trkpt>
   <trkpt lat="44.1272600" lon="-73.8094600">
    <ele>538.8</ele>
    <time>2022-10-02T13:27:24Z</time>
   </trkpt>
   <trkpt lat="44.1272200" lon="-73.8094700">
    <ele>538.9</ele>
    <time>2022-10-02T13:27:28Z</time>
   </trkpt>
   <trkpt lat="44.1271900" lon="-73.8094600">
    <ele>539.0</ele>
    <time>2022-10-02T13:27:31Z</time>
   </trkpt>
   <trkpt lat="44.1271600" lon="-73.8094500">
    <ele>539.1</ele>
    <time>2022-10-02T13:27:35Z</time>
   </trkpt>
   <trkpt lat="44.1271400" lon="-73.8094100">
    <ele>539.1</ele>
    <time>2022-10-02T13:27:39Z</time>
   </trkpt>
   <trkpt lat="44.1271300" lon="-73.8093800">
    <ele>539.1</ele>
    <time>2022-10-02T13:27:42Z</time>
   </trkpt>
   <trkpt lat="44.1271000" lon="-73.8093700">
    <ele>539.1</ele>
    <time>2022-10-02T13:27:47Z</time>
   </trkpt>
   <trkpt lat="44.1270800" lon="-73.8093400">
    <ele>539.1</ele>
    <time>2022-10-02T13:27:51Z</time>
   </trkpt>
   <trkpt lat="44.1270600" lon="-73.8093200">
    <ele>539.1</ele>
    <time>2022-10-02T13:28:00Z</time>
   </trkpt>
   <trkpt lat="44.1270300" lon="-73.8093100">
    <ele>539.0</ele>
    <time>2022-10-02T13:28:04Z</time>
   </trkpt>
   <trkpt lat="44.1270000" lon="-73.8093000">
    <ele>539.0</ele>
    <time>2022-10-02T13:28:08Z</time>
   </trkpt>
   <trkpt lat="44.1269700" lon="-73.8092700">
    <ele>538.9</ele>
    <time>2022-10-02T13:28:12Z</time>
   </trkpt>
   <trkpt lat="44.1269500" lon="-73.8092400">
    <ele>538.8</ele>
    <time>2022-10-02T13:28:17Z</time>
   </trkpt>
   <trkpt lat="44.1269100" lon="-73.8092300">
    <ele>538.8</ele>
    <time>2022-10-02T13:28:20Z</time>
   </trkpt>
   <trkpt lat="44.1268800" lon="-73.8092100">
    <ele>538.8</ele>
    <time>2022-10-02T13:28:23Z</time>
   </trkpt>
   <trkpt lat="44.1268500" lon="-73.8092000">
    <ele>538.8</ele>
    <time>2022-10-02T13:28:26Z</time>
   </trkpt>
   <trkpt lat="44.1268300" lon="-73.8092100">
    <ele>538.8</ele>
    <time>2022-10-02T13:28:29Z</time>
   </trkpt>
   <trkpt lat="44.1267900" lon="-73.8092100">
    <ele>538.9</ele>
    <time>2022-10-02T13:28:32Z</time>
   </trkpt>
   <trkpt lat="44.1267600" lon="-73.8092200">
    <ele>538.9</ele>
    <time>2022-10-02T13:28:35Z</time>
   </trkpt>
   <trkpt lat="44.1267400" lon="-73.8092000">
    <ele>539.0</ele>
    <time>2022-10-02T13:28:39Z</time>
   </trkpt>
   <trkpt lat="44.1267100" lon="-73.8091800">
    <ele>539.2</ele>
    <time>2022-10-02T13:28:43Z</time>
   </trkpt>
   <trkpt lat="44.1266800" lon="-73.8091700">
    <ele>539.4</ele>
    <time>2022-10-02T13:28:47Z</time>
   </trkpt>
   <trkpt lat="44.1266500" lon="-73.8091600">
    <ele>539.5</ele>
    <time>2022-10-02T13:28:59Z</time>
   </trkpt>
   <trkpt lat="44.1266300" lon="-73.8091800">
    <ele>539.7</ele>
    <time>2022-10-02T13:29:07Z</time>
   </trkpt>
   <trkpt lat="44.1266200" lon="-73.8092200">
    <ele>539.9</ele>
    <time>2022-10-02T13:29:11Z</time>
   </trkpt>
   <trkpt lat="44.1266000" lon="-73.8092500">
    <ele>540.2</ele>
    <time>2022-10-02T13:29:16Z</time>
   </trkpt>
   <trkpt lat="44.1265700" lon="-73.8092700">
    <ele>540.4</ele>
    <time>2022-10-02T13:29:18Z</time>
   </trkpt>
   <trkpt lat="44.1265400" lon="-73.8092800">
    <ele>540.7</ele>
    <time>2022-10-02T13:29:20Z</time>
   </trkpt>
   <trkpt lat="44.1265200" lon="-73.8093000">
    <ele>540.9</ele>
    <time>2022-10-02T13:29:22Z</time>
   </trkpt>
   <trkpt lat="44.1264800" lon="-73.8093200">
    <ele>541.3</ele>
    <time>2022-10-02T13:29:25Z</time>
   </trkpt>
   <trkpt lat="44.1264500" lon="-73.8093400">
    <ele>541.7</ele>
    <time>2022-10-02T13:29:28Z</time>
   </trkpt>
   <trkpt lat="44.1264100" lon="-73.8093500">
    <ele>542.0</ele>
    <time>2022-10-02T13:29:31Z</time>
   </trkpt>
   <trkpt lat="44.1263800" lon="-73.8093600">
    <ele>542.3</ele>
    <time>2022-10-02T13:29:34Z</time>
   </trkpt>
   <trkpt lat="44.1263500" lon="-73.8093700">
    <ele>542.6</ele>
    <time>2022-10-02T13:29:37Z</time>
   </trkpt>
   <trkpt lat="44.1263200" lon="-73.8093800">
    <ele>542.9</ele>
    <time>2022-10-02T13:29:43Z</time>
   </trkpt>
   <trkpt lat="44.1262900" lon="-73.8093900">
    <ele>543.2</ele>
    <time>2022-10-02T13:29:47Z</time>
   </trkpt>
   <trkpt lat="44.1262500" lon="-73.8094000">
    <ele>543.6</ele>
    <time>2022-10-02T13:29:50Z</time>
   </trkpt>
   <trkpt lat="44.1262200" lon="-73.8094000">
    <ele>543.9</ele>
    <time>2022-10-02T13:29:53Z</time>
   </trkpt>
   <trkpt lat="44.1261800" lon="-73.8094000">
    <ele>544.2</ele>
    <time>2022-10-02T13:29:56Z</time>
   </trkpt>
   <trkpt lat="44.1261500" lon="-73.8094200">
    <ele>544.5</ele>
    <time>2022-10-02T13:29:59Z</time>
   </trkpt>
   <trkpt lat="44.1261300" lon="-73.8094500">
    <ele>544.8</ele>
    <time>2022-10-02T13:30:02Z</time>
   </trkpt>
   <trkpt lat="44.1260900" lon="-73.8094400">
    <ele>545.2</ele>
    <time>2022-10-02T13:30:05Z</time>
   </trkpt>
   <trkpt lat="44.1260600" lon="-73.8094400">
    <ele>545.5</ele>
    <time>2022-10-02T13:30:07Z</time>
   </trkpt>
   <trkpt lat="44.1260300" lon="-73.8094400">
    <ele>545.8</ele>
    <time>2022-10-02T13:30:10Z</time>
   </trkpt>
   <trkpt lat="44.1260000" lon="-73.8094400">
    <ele>546.0</ele>
    <time>2022-10-02T13:30:13Z</time>
   </trkpt>
   <trkpt lat="44.1259700" lon="-73.8094400">
    <ele>546.3</ele>
    <time>2022-10-02T13:30:15Z</time>
   </trkpt>
   <trkpt lat="44.1259400" lon="-73.8094300">
    <ele>546.6</ele>
    <time>2022-10-02T13:30:17Z</time>
   </trkpt>
   <trkpt lat="44.1259100" lon="-73.8094300">
    <ele>546.9</ele>
    <time>2022-10-02T13:30:20Z</time>
   </trkpt>
   <trkpt lat="44.1258800" lon="-73.8094100">
    <ele>547.2</ele>
    <time>2022-10-02T13:30:23Z</time>
   </trkpt>
   <trkpt lat="44.1258500" lon="-73.8093900">
    <ele>547.6</ele>
    <time>2022-10-02T13:30:26Z</time>
   </trkpt>
   <trkpt lat="44.1258200" lon="-73.8093900">
    <ele>547.8</ele>
    <time>2022-10-02T13:30:30Z</time>
   </trkpt>
   <trkpt lat="44.1258000" lon="-73.8093600">
    <ele>548.1</ele>
    <time>2022-10-02T13:30:35Z</time>
   </trkpt>
   <trkpt lat="44.1257630" lon="-73.8093330">
    <ele>548.4</ele>
    <time>2022-10-02T13:30:38Z</time>
   </trkpt>
   <trkpt lat="44.1257560" lon="-73.8093160">
    <ele>548.5</ele>
    <time>2022-10-02T13:30:41Z</time>
   </trkpt>
   <trkpt lat="44.1257490" lon="-73.8092990">
    <ele>548.7</ele>
    <time>2022-10-02T13:30:44Z</time>
   </trkpt>
   <trkpt lat="44.1257430" lon="-73.8092830">
    <ele>548.8</ele>
    <time>2022-10-02T13:30:49Z</time>
   </trkpt>
   <trkpt lat="44.1257360" lon="-73.8092660">
    <ele>548.9</ele>
    <time>2022-10-02T13:30:53Z</time>
   </trkpt>
   <trkpt lat="44.1257290" lon="-73.8092490">
    <ele>549.0</ele>
    <time>2022-10-02T13:31:00Z</time>
   </trkpt>
   <trkpt lat="44.1257220" lon="-73.8092320">
    <ele>549.1</ele>
    <time>2022-10-02T13:31:03Z</time>
   </trkpt>
   <trkpt lat="44.1257150" lon="-73.8092150">
    <ele>549.2</ele>
    <time>2022-10-02T13:31:06Z</time>
   </trkpt>
   <trkpt lat="44.1257080" lon="-73.8091980">
    <ele>549.2</ele>
    <time>2022-10-02T13:31:10Z</time>
   </trkpt>
   <trkpt lat="44.1257020" lon="-73.8091820">
    <ele>549.3</ele>
    <time>2022-10-02T13:31:13Z</time>
   </trkpt>
   <trkpt lat="44.1256950" lon="-73.8091650">
    <ele>549.4</ele>
    <time>2022-10-02T13:31:17Z</time>
   </trkpt>
   <trkpt lat="44.1256880" lon="-73.8091480">
    <ele>549.5</ele>
    <time>2022-10-02T13:31:21Z</time>
   </trkpt>
   <trkpt lat="44.1256810" lon="-73.8091310">
    <ele>549.6</ele>
    <time>2022-10-02T13:31:31Z</time>
   </trkpt>
   <trkpt lat="44.1256740" lon="-73.8091140">
    <ele>549.6</ele>
    <time>2022-10-02T13:31:45Z</time>
   </trkpt>
   <trkpt lat="44.1256670" lon="-73.8090970">
    <ele>549.7</ele>
    <time>2022-10-02T13:32:01Z</time>
   </trkpt>
   <trkpt lat="44.1256610" lon="-73.8090810">
    <ele>549.8</ele>
    <time>2022-10-02T13:32:18Z</time>
   </trkpt>
   <trkpt lat="44.1256540" lon="-73.8090640">
    <ele>549.9</ele>
    <time>2022-10-02T13:32:23Z</time>
   </trkpt>
   <trkpt lat="44.1256470" lon="-73.8090470">
    <ele>549.9</ele>
    <time>2022-10-02T13:32:44Z</time>
   </trkpt>
   <trkpt lat="44.1256400" lon="-73.8090300">
    <ele>550.0</ele>
    <time>2022-10-02T13:32:45Z</time>
   </trkpt>
   <trkpt lat="44.1256300" lon="-73.8090700">
    <ele>550.2</ele>
    <time>2022-10-02T13:32:56Z</time>
   </trkpt>
   <trkpt lat="44.1256000" lon="-73.8090700">
    <ele>550.4</ele>
    <time>2022-10-02T13:33:02Z</time>
   </trkpt>
   <trkpt lat="44.1255700" lon="-73.8090700">
    <ele>550.5</ele>
    <time>2022-10-02T13:33:05Z</time>
   </trkpt>
   <trkpt lat="44.1255500" lon="-73.8090300">
    <ele>550.7</ele>
    <time>2022-10-02T13:33:16Z</time>
   </trkpt>
   <trkpt lat="44.1255300" lon="-73.8090700">
    <ele>551.0</ele>
    <time>2022-10-02T13:33:28Z</time>
   </trkpt>
   <trkpt lat="44.1255100" lon="-73.8090900">
    <ele>551.1</ele>
    <time>2022-10-02T13:33:33Z</time>
   </trkpt>
   <trkpt lat="44.1255400" lon="-73.8090700">
    <ele>551.4</ele>
    <time>2022-10-02T13:33:40Z</time>
   </trkpt>
   <trkpt lat="44.1255600" lon="-73.8090600">
    <ele>551.5</ele>
    <time>2022-10-02T13:33:45Z</time>
   </trkpt>
   <trkpt lat="44.1255600" lon="-73.8091000">
    <ele>551.7</ele>
    <time>2022-10-02T13:33:53Z</time>
   </trkpt>
   <trkpt lat="44.1255900" lon="-73.8090700">
    <ele>551.9</ele>
    <time>2022-10-02T13:34:07Z</time>
   </trkpt>
   <trkpt lat="44.1256000" lon="-73.8090400">
    <ele>552.1</ele>
    <time>2022-10-02T13:34:18Z</time>
   </trkpt>
   <trkpt lat="44.1255900" lon="-73.8090000">
    <ele>552.3</ele>
    <time>2022-10-02T13:34:29Z</time>
   </trkpt>
   <trkpt lat="44.1255500" lon="-73.8090200">
    <ele>552.6</ele>
    <time>2022-10-02T13:34:45Z</time>
   </trkpt>
   <trkpt lat="44.1255300" lon="-73.8090500">
    <ele>552.8</ele>
    <time>2022-10-02T13:35:31Z</time>
   </trkpt>
   <trkpt lat="44.1255100" lon="-73.8090700">
    <ele>553.0</ele>
    <time>2022-10-02T13:35:37Z</time>
   </trkpt>
   <trkpt lat="44.1254800" lon="-73.8090800">
    <ele>553.2</ele>
    <time>2022-10-02T13:35:44Z</time>
   </trkpt>
   <trkpt lat="44.1255000" lon="-73.8090500">
    <ele>553.4</ele>
    <time>2022-10-02T13:35:58Z</time>
   </trkpt>
   <trkpt lat="44.1255200" lon="-73.8090800">
    <ele>553.6</ele>
    <time>2022-10-02T13:36:30Z</time>
   </trkpt>
   <trkpt lat="44.1255400" lon="-73.8091500">
    <ele>553.9</ele>
    <time>2022-10-02T13:36:32Z</time>
   </trkpt>
   <trkpt lat="44.1255700" lon="-73.8091500">
    <ele>554.1</ele>
    <time>2022-10-02T13:36:36Z</time>
   </trkpt>
   <trkpt lat="44.1255600" lon="-73.8091900">
    <ele>554.3</ele>
    <time>2022-10-02T13:37:10Z</time>
   </trkpt>
   <trkpt lat="44.1255300" lon="-73.8092300">
    <ele>554.6</ele>
    <time>2022-10-02T13:37:20Z</time>
   </trkpt>
   <trkpt lat="44.1255600" lon="-73.8092000">
    <ele>554.8</ele>
    <time>2022-10-02T13:37:25Z</time>
   </trkpt>
   <trkpt lat="44.1255900" lon="-73.8091700">
    <ele>555.1</ele>
    <time>2022-10-02T13:37:27Z</time>
   </trkpt>
   <trkpt lat="44.1256100" lon="-73.8091500">
    <ele>555.2</ele>
    <time>2022-10-02T13:37:31Z</time>
   </trkpt>
   <trkpt lat="44.1256500" lon="-73.8091600">
    <ele>555.4</ele>
    <time>2022-10-02T13:37:52Z</time>
   </trkpt>
   <trkpt lat="44.1256800" lon="-73.8091600">
    <ele>555.6</ele>
    <time>2022-10-02T13:38:05Z</time>
   </trkpt>
   <trkpt lat="44.1256900" lon="-73.8091200">
    <ele>555.8</ele>
    <time>2022-10-02T13:38:34Z</time>
   </trkpt>
   <trkpt lat="44.1256700" lon="-73.8091400">
    <ele>555.9</ele>
    <time>2022-10-02T13:39:08Z</time>
   </trkpt>
   <trkpt lat="44.1256400" lon="-73.8092100">
    <ele>556.2</ele>
    <time>2022-10-02T13:39:11Z</time>
   </trkpt>
   <trkpt lat="44.1256300" lon="-73.8092500">
    <ele>556.3</ele>
    <time>2022-10-02T13:39:14Z</time>
   </trkpt>
   <trkpt lat="44.1256700" lon="-73.8092400">
    <ele>556.5</ele>
    <time>2022-10-02T13:39:40Z</time>
   </trkpt>
   <trkpt lat="44.1257100" lon="-73.8091800">
    <ele>556.8</ele>
    <time>2022-10-02T13:39:45Z</time>
   </trkpt>
   <trkpt lat="44.1255500" lon="-73.8092600">
    <ele>557.6</ele>
    <time>2022-10-02T13:40:16Z</time>
   </trkpt>
   <trkpt lat="44.1256000" lon="-73.8092600">
    <ele>557.9</ele>
    <time>2022-10-02T13:40:18Z</time>
   </trkpt>
   <trkpt lat="44.1256200" lon="-73.8092400">
    <ele>558.1</ele>
    <time>2022-10-02T13:40:22Z</time>
   </trkpt>
   <trkpt lat="44.1256000" lon="-73.8092400">
    <ele>558.2</ele>
    <time>2022-10-02T13:40:26Z</time>
   </trkpt>
   <trkpt lat="44.1255700" lon="-73.8092300">
    <ele>558.4</ele>
    <time>2022-10-02T13:40:29Z</time>
   </trkpt>
   <trkpt lat="44.1255400" lon="-73.8092200">
    <ele>558.6</ele>
    <time>2022-10-02T13:40:33Z</time>
   </trkpt>
   <trkpt lat="44.1255100" lon="-73.8092200">
    <ele>558.9</ele>
    <time>2022-10-02T13:40:38Z</time>
   </trkpt>
   <trkpt lat="44.1254800" lon="-73.8092100">
    <ele>559.1</ele>
    <time>2022-10-02T13:40:43Z</time>
   </trkpt>
   <trkpt lat="44.1254500" lon="-73.8092300">
    <ele>559.5</ele>
    <time>2022-10-02T13:40:46Z</time>
   </trkpt>
   <trkpt lat="44.1254200" lon="-73.8092300">
    <ele>559.7</ele>
    <time>2022-10-02T13:40:49Z</time>
   </trkpt>
   <trkpt lat="44.1253900" lon="-73.8092200">
    <ele>560.1</ele>
    <time>2022-10-02T13:40:52Z</time>
   </trkpt>
   <trkpt lat="44.1253500" lon="-73.8092200">
    <ele>560.5</ele>
    <time>2022-10-02T13:40:57Z</time>
   </trkpt>
   <trkpt lat="44.1253200" lon="-73.8092200">
    <ele>560.8</ele>
    <time>2022-10-02T13:40:59Z</time>
   </trkpt>
   <trkpt lat="44.1252900" lon="-73.8092200">
    <ele>561.1</ele>
    <time>2022-10-02T13:41:01Z</time>
   </trkpt>
   <trkpt lat="44.1252600" lon="-73.8092200">
    <ele>561.5</ele>
    <time>2022-10-02T13:41:05Z</time>
   </trkpt>
   <trkpt lat="44.1252500" lon="-73.8091900">
    <ele>561.7</ele>
    <time>2022-10-02T13:41:08Z</time>
   </trkpt>
   <trkpt lat="44.1252200" lon="-73.8092100">
    <ele>562.1</ele>
    <time>2022-10-02T13:41:20Z</time>
   </trkpt>
   <trkpt lat="44.1251900" lon="-73.8092200">
    <ele>562.4</ele>
    <time>2022-10-02T13:41:25Z</time>
   </trkpt>
   <trkpt lat="44.1251600" lon="-73.8092300">
    <ele>562.7</ele>
    <time>2022-10-02T13:41:29Z</time>
   </trkpt>
   <trkpt lat="44.1251400" lon="-73.8092300">
    <ele>563.0</ele>
    <time>2022-10-02T13:41:37Z</time>
   </trkpt>
   <trkpt lat="44.1251200" lon="-73.8092700">
    <ele>563.3</ele>
    <time>2022-10-02T13:41:44Z</time>
   </trkpt>
   <trkpt lat="44.1250900" lon="-73.8092700">
    <ele>563.6</ele>
    <time>2022-10-02T13:41:49Z</time>
   </trkpt>
   <trkpt lat="44.1250600" lon="-73.8092700">
    <ele>564.0</ele>
    <time>2022-10-02T13:41:52Z</time>
   </trkpt>
   <trkpt lat="44.1250400" lon="-73.8092300">
    <ele>564.3</ele>
    <time>2022-10-02T13:42:04Z</time>
   </trkpt>
   <trkpt lat="44.1250200" lon="-73.8092700">
    <ele>564.7</ele>
    <time>2022-10-02T13:42:12Z</time>
   </trkpt>
   <trkpt lat="44.1250100" lon="-73.8093000">
    <ele>565.0</ele>
    <time>2022-10-02T13:42:21Z</time>
   </trkpt>
   <trkpt lat="44.1249900" lon="-73.8093700">
    <ele>565.5</ele>
    <time>2022-10-02T13:42:35Z</time>
   </trkpt>
   <trkpt lat="44.1249600" lon="-73.8094100">
    <ele>566.0</ele>
    <time>2022-10-02T13:42:49Z</time>
   </trkpt>
   <trkpt lat="44.1249900" lon="-73.8093700">
    <ele>566.4</ele>
    <time>2022-10-02T13:42:53Z</time>
   </trkpt>
   <trkpt lat="44.1250300" lon="-73.8093500">
    <ele>566.8</ele>
    <time>2022-10-02T13:42:55Z</time>
   </trkpt>
   <trkpt lat="44.1250400" lon="-73.8093760">
    <ele>567.0</ele>
    <time>2022-10-02T13:42:57Z</time>
   </trkpt>
   <trkpt lat="44.1250300" lon="-73.8094120">
    <ele>567.2</ele>
    <time>2022-10-02T13:43:05Z</time>
   </trkpt>
   <trkpt lat="44.1250200" lon="-73.8094480">
    <ele>567.5</ele>
    <time>2022-10-02T13:43:10Z</time>
   </trkpt>
   <trkpt lat="44.1250100" lon="-73.8094840">
    <ele>567.7</ele>
    <time>2022-10-02T13:43:37Z</time>
   </trkpt>
   <trkpt lat="44.1250000" lon="-73.8095200">
    <ele>567.9</ele>
    <time>2022-10-02T13:43:38Z</time>
   </trkpt>
   <trkpt lat="44.1250000" lon="-73.8094600">
    <ele>568.3</ele>
    <time>2022-10-02T13:43:43Z</time>
   </trkpt>
   <trkpt lat="44.1250000" lon="-73.8094100">
    <ele>568.5</ele>
    <time>2022-10-02T13:43:44Z</time>
   </trkpt>
   <trkpt lat="44.1250000" lon="-73.8093500">
    <ele>568.8</ele>
    <time>2022-10-02T13:43:46Z</time>
   </trkpt>
   <trkpt lat="44.1250000" lon="-73.8093100">
    <ele>569.0</ele>
    <time>2022-10-02T13:43:49Z</time>
   </trkpt>
   <trkpt lat="44.1249700" lon="-73.8093100">
    <ele>569.3</ele>
    <time>2022-10-02T13:43:53Z</time>
   </trkpt>
   <trkpt lat="44.1249400" lon="-73.8093300">
    <ele>569.5</ele>
    <time>2022-10-02T13:43:57Z</time>
   </trkpt>
   <trkpt lat="44.1249100" lon="-73.8093600">
    <ele>569.8</ele>
    <time>2022-10-02T13:44:02Z</time>
   </trkpt>
   <trkpt lat="44.1248400" lon="-73.8093900">
    <ele>570.3</ele>
    <time>2022-10-02T13:44:05Z</time>
   </trkpt>
   <trkpt lat="44.1248100" lon="-73.8093900">
    <ele>570.6</ele>
    <time>2022-10-02T13:44:07Z</time>
   </trkpt>
   <trkpt lat="44.1248100" lon="-73.8094300">
    <ele>570.8</ele>
    <time>2022-10-02T13:44:12Z</time>
   </trkpt>
   <trkpt lat="44.1248100" lon="-73.8093800">
    <ele>571.1</ele>
    <time>2022-10-02T13:44:31Z</time>
   </trkpt>
   <trkpt lat="44.1247800" lon="-73.8093900">
    <ele>571.4</ele>
    <time>2022-10-02T13:44:42Z</time>
   </trkpt>
   <trkpt lat="44.1247700" lon="-73.8094200">
    <ele>571.6</ele>
    <time>2022-10-02T13:44:44Z</time>
   </trkpt>
   <trkpt lat="44.1248000" lon="-73.8094500">
    <ele>571.9</ele>
    <time>2022-10-02T13:44:51Z</time>
   </trkpt>
   <trkpt lat="44.1247800" lon="-73.8094200">
    <ele>572.1</ele>
    <time>2022-10-02T13:45:13Z</time>
   </trkpt>
   <trkpt lat="44.1247600" lon="-73.8093900">
    <ele>572.4</ele>
    <time>2022-10-02T13:45:19Z</time>
   </trkpt>
   <trkpt lat="44.1247400" lon="-73.8094100">
    <ele>572.6</ele>
    <time>2022-10-02T13:45:27Z</time>
   </trkpt>
   <trkpt lat="44.1247500" lon="-73.8094500">
    <ele>572.9</ele>
    <time>2022-10-02T13:45:31Z</time>
   </trkpt>
   <trkpt lat="44.1247600" lon="-73.8095000">
    <ele>573.2</ele>
    <time>2022-10-02T13:45:35Z</time>
   </trkpt>
   <trkpt lat="44.1247700" lon="-73.8094600">
    <ele>573.5</ele>
    <time>2022-10-02T13:45:52Z</time>
   </trkpt>
   <trkpt lat="44.1247700" lon="-73.8095000">
    <ele>573.8</ele>
    <time>2022-10-02T13:45:59Z</time>
   </trkpt>
   <trkpt lat="44.1247600" lon="-73.8095400">
    <ele>574.2</ele>
    <time>2022-10-02T13:46:04Z</time>
   </trkpt>
   <trkpt lat="44.1247400" lon="-73.8095500">
    <ele>574.5</ele>
    <time>2022-10-02T13:46:33Z</time>
   </trkpt>
   <trkpt lat="44.1247100" lon="-73.8095600">
    <ele>575.0</ele>
    <time>2022-10-02T13:46:36Z</time>
   </trkpt>
   <trkpt lat="44.1247300" lon="-73.8095900">
    <ele>575.4</ele>
    <time>2022-10-02T13:46:58Z</time>
   </trkpt>
   <trkpt lat="44.1247200" lon="-73.8096300">
    <ele>576.0</ele>
    <time>2022-10-02T13:47:01Z</time>
   </trkpt>
   <trkpt lat="44.1247000" lon="-73.8096500">
    <ele>576.4</ele>
    <time>2022-10-02T13:47:07Z</time>
   </trkpt>
   <trkpt lat="44.1246600" lon="-73.8096500">
    <ele>577.1</ele>
    <time>2022-10-02T13:47:12Z</time>
   </trkpt>
   <trkpt lat="44.1246300" lon="-73.8096500">
    <ele>577.6</ele>
    <time>2022-10-02T13:47:16Z</time>
   </trkpt>
   <trkpt lat="44.1246100" lon="-73.8096600">
    <ele>578.0</ele>
    <time>2022-10-02T13:47:21Z</time>
   </trkpt>
   <trkpt lat="44.1245800" lon="-73.8096700">
    <ele>578.5</ele>
    <time>2022-10-02T13:47:54Z</time>
   </trkpt>
   <trkpt lat="44.1246000" lon="-73.8096900">
    <ele>578.9</ele>
    <time>2022-10-02T13:48:03Z</time>
   </trkpt>
   <trkpt lat="44.1246300" lon="-73.8097100">
    <ele>579.5</ele>
    <time>2022-10-02T13:48:20Z</time>
   </trkpt>
   <trkpt lat="44.1246100" lon="-73.8097500">
    <ele>580.1</ele>
    <time>2022-10-02T13:48:38Z</time>
   </trkpt>
   <trkpt lat="44.1245800" lon="-73.8097800">
    <ele>580.7</ele>
    <time>2022-10-02T13:48:41Z</time>
   </trkpt>
   <trkpt lat="44.1245500" lon="-73.8098000">
    <ele>581.2</ele>
    <time>2022-10-02T13:48:43Z</time>
   </trkpt>
   <trkpt lat="44.1245600" lon="-73.8097600">
    <ele>581.7</ele>
    <time>2022-10-02T13:49:04Z</time>
   </trkpt>
   <trkpt lat="44.1246000" lon="-73.8097800">
    <ele>582.4</ele>
    <time>2022-10-02T13:49:08Z</time>
   </trkpt>
   <trkpt lat="44.1246100" lon="-73.8097300">
    <ele>582.9</ele>
    <time>2022-10-02T13:49:17Z</time>
   </trkpt>
   <trkpt lat="44.1246000" lon="-73.8097700">
    <ele>583.4</ele>
    <time>2022-10-02T13:49:25Z</time>
   </trkpt>
   <trkpt lat="44.1245800" lon="-73.8098000">
    <ele>583.8</ele>
    <time>2022-10-02T13:49:27Z</time>
   </trkpt>
   <trkpt lat="44.1245400" lon="-73.8098400">
    <ele>584.4</ele>
    <time>2022-10-02T13:49:29Z</time>
   </trkpt>
   <trkpt lat="44.1245200" lon="-73.8098700">
    <ele>584.7</ele>
    <time>2022-10-02T13:49:31Z</time>
   </trkpt>
   <trkpt lat="44.1244900" lon="-73.8099000">
    <ele>585.1</ele>
    <time>2022-10-02T13:49:34Z</time>
   </trkpt>
   <trkpt lat="44.1244600" lon="-73.8099400">
    <ele>585.5</ele>
    <time>2022-10-02T13:49:37Z</time>
   </trkpt>
   <trkpt lat="44.1244400" lon="-73.8099600">
    <ele>585.7</ele>
    <time>2022-10-02T13:49:41Z</time>
   </trkpt>
   <trkpt lat="44.1244100" lon="-73.8099700">
    <ele>586.0</ele>
    <time>2022-10-02T13:49:45Z</time>
   </trkpt>
   <trkpt lat="44.1243700" lon="-73.8099700">
    <ele>586.3</ele>
    <time>2022-10-02T13:49:50Z</time>
   </trkpt>
   <trkpt lat="44.1243500" lon="-73.8099900">
    <ele>586.5</ele>
    <time>2022-10-02T13:49:54Z</time>
   </trkpt>
   <trkpt lat="44.1243300" lon="-73.8100200">
    <ele>586.7</ele>
    <time>2022-10-02T13:49:58Z</time>
   </trkpt>
   <trkpt lat="44.1242900" lon="-73.8100500">
    <ele>587.1</ele>
    <time>2022-10-02T13:50:02Z</time>
   </trkpt>
   <trkpt lat="44.1242600" lon="-73.8100500">
    <ele>587.3</ele>
    <time>2022-10-02T13:50:05Z</time>
   </trkpt>
   <trkpt lat="44.1242300" lon="-73.8100700">
    <ele>587.6</ele>
    <time>2022-10-02T13:50:09Z</time>
   </trkpt>
   <trkpt lat="44.1241900" lon="-73.8100700">
    <ele>587.9</ele>
    <time>2022-10-02T13:50:13Z</time>
   </trkpt>
   <trkpt lat="44.1241600" lon="-73.8100700">
    <ele>588.1</ele>
    <time>2022-10-02T13:50:18Z</time>
   </trkpt>
   <trkpt lat="44.1241500" lon="-73.8100400">
    <ele>588.3</ele>
    <time>2022-10-02T13:50:29Z</time>
   </trkpt>
   <trkpt lat="44.1241200" lon="-73.8100300">
    <ele>588.6</ele>
    <time>2022-10-02T13:50:34Z</time>
   </trkpt>
   <trkpt lat="44.1241000" lon="-73.8100700">
    <ele>589.0</ele>
    <time>2022-10-02T13:51:05Z</time>
   </trkpt>
   <trkpt lat="44.1240700" lon="-73.8100800">
    <ele>589.3</ele>
    <time>2022-10-02T13:51:10Z</time>
   </trkpt>
   <trkpt lat="44.1240400" lon="-73.8100800">
    <ele>589.6</ele>
    <time>2022-10-02T13:51:14Z</time>
   </trkpt>
   <trkpt lat="44.1239900" lon="-73.8100900">
    <ele>590.1</ele>
    <time>2022-10-02T13:51:19Z</time>
   </trkpt>
   <trkpt lat="44.1239700" lon="-73.8100700">
    <ele>590.3</ele>
    <time>2022-10-02T13:51:23Z</time>
   </trkpt>
   <trkpt lat="44.1239400" lon="-73.8100900">
    <ele>590.6</ele>
    <time>2022-10-02T13:51:44Z</time>
   </trkpt>
   <trkpt lat="44.1239200" lon="-73.8101300">
    <ele>591.0</ele>
    <time>2022-10-02T13:51:47Z</time>
   </trkpt>
   <trkpt lat="44.1239000" lon="-73.8101700">
    <ele>591.3</ele>
    <time>2022-10-02T13:51:50Z</time>
   </trkpt>
   <trkpt lat="44.1239000" lon="-73.8102100">
    <ele>591.6</ele>
    <time>2022-10-02T13:51:51Z</time>
   </trkpt>
   <trkpt lat="44.1238800" lon="-73.8102400">
    <ele>591.9</ele>
    <time>2022-10-02T13:51:53Z</time>
   </trkpt>
   <trkpt lat="44.1238600" lon="-73.8102800">
    <ele>592.2</ele>
    <time>2022-10-02T13:51:56Z</time>
   </trkpt>
   <trkpt lat="44.1238300" lon="-73.8102800">
    <ele>592.5</ele>
    <time>2022-10-02T13:52:01Z</time>
   </trkpt>
   <trkpt lat="44.1237900" lon="-73.8102700">
    <ele>592.9</ele>
    <time>2022-10-02T13:52:05Z</time>
   </trkpt>
   <trkpt lat="44.1237600" lon="-73.8102800">
    <ele>593.2</ele>
    <time>2022-10-02T13:52:08Z</time>
   </trkpt>
   <trkpt lat="44.1237400" lon="-73.8103000">
    <ele>593.5</ele>
    <time>2022-10-02T13:52:11Z</time>
   </trkpt>
   <trkpt lat="44.1237000" lon="-73.8103100">
    <ele>593.9</ele>
    <time>2022-10-02T13:52:15Z</time>
   </trkpt>
   <trkpt lat="44.1236800" lon="-73.8102800">
    <ele>594.2</ele>
    <time>2022-10-02T13:52:20Z</time>
   </trkpt>
   <trkpt lat="44.1236700" lon="-73.8102500">
    <ele>594.4</ele>
    <time>2022-10-02T13:52:23Z</time>
   </trkpt>
   <trkpt lat="44.1236400" lon="-73.8102200">
    <ele>594.8</ele>
    <time>2022-10-02T13:52:27Z</time>
   </trkpt>
   <trkpt lat="44.1236100" lon="-73.8102100">
    <ele>595.2</ele>
    <time>2022-10-02T13:52:30Z</time>
   </trkpt>
   <trkpt lat="44.1235800" lon="-73.8102100">
    <ele>595.5</ele>
    <time>2022-10-02T13:52:34Z</time>
   </trkpt>
   <trkpt lat="44.1235700" lon="-73.8102500">
    <ele>595.9</ele>
    <time>2022-10-02T13:52:37Z</time>
   </trkpt>
   <trkpt lat="44.1235500" lon="-73.8102800">
    <ele>596.3</ele>
    <time>2022-10-02T13:52:41Z</time>
   </trkpt>
   <trkpt lat="44.1235400" lon="-73.8103300">
    <ele>596.7</ele>
    <time>2022-10-02T13:52:46Z</time>
   </trkpt>
   <trkpt lat="44.1235400" lon="-73.8103600">
    <ele>597.0</ele>
    <time>2022-10-02T13:52:50Z</time>
   </trkpt>
   <trkpt lat="44.1235300" lon="-73.8104000">
    <ele>597.4</ele>
    <time>2022-10-02T13:52:53Z</time>
   </trkpt>
   <trkpt lat="44.1235200" lon="-73.8104400">
    <ele>597.8</ele>
    <time>2022-10-02T13:52:56Z</time>
   </trkpt>
   <trkpt lat="44.1235300" lon="-73.8104800">
    <ele>598.2</ele>
    <time>2022-10-02T13:53:00Z</time>
   </trkpt>
   <trkpt lat="44.1235200" lon="-73.8105300">
    <ele>598.8</ele>
    <time>2022-10-02T13:53:03Z</time>
   </trkpt>
   <trkpt lat="44.1235000" lon="-73.8105500">
    <ele>599.1</ele>
    <time>2022-10-02T13:53:06Z</time>
   </trkpt>
   <trkpt lat="44.1234700" lon="-73.8105700">
    <ele>599.7</ele>
    <time>2022-10-02T13:53:10Z</time>
   </trkpt>
   <trkpt lat="44.1234400" lon="-73.8105800">
    <ele>600.2</ele>
    <time>2022-10-02T13:53:13Z</time>
   </trkpt>
   <trkpt lat="44.1234100" lon="-73.8105900">
    <ele>600.7</ele>
    <time>2022-10-02T13:53:17Z</time>
   </trkpt>
   <trkpt lat="44.1233800" lon="-73.8105900">
    <ele>601.1</ele>
    <time>2022-10-02T13:53:21Z</time>
   </trkpt>
   <trkpt lat="44.1233500" lon="-73.8105900">
    <ele>601.6</ele>
    <time>2022-10-02T13:53:24Z</time>
   </trkpt>
   <trkpt lat="44.1233200" lon="-73.8105900">
    <ele>602.1</ele>
    <time>2022-10-02T13:53:28Z</time>
   </trkpt>
   <trkpt lat="44.1232900" lon="-73.8106000">
    <ele>602.6</ele>
    <time>2022-10-02T13:53:32Z</time>
   </trkpt>
   <trkpt lat="44.1232600" lon="-73.8106000">
    <ele>603.0</ele>
    <time>2022-10-02T13:53:36Z</time>
   </trkpt>
   <trkpt lat="44.1232300" lon="-73.8106000">
    <ele>603.2</ele>
    <time>2022-10-02T13:53:39Z</time>
   </trkpt>
   <trkpt lat="44.1232000" lon="-73.8106100">
    <ele>603.2</ele>
    <time>2022-10-02T13:53:41Z</time>
   </trkpt>
   <trkpt lat="44.1231700" lon="-73.8106200">
    <ele>603.3</ele>
    <time>2022-10-02T13:53:44Z</time>
   </trkpt>
   <trkpt lat="44.1231300" lon="-73.8106200">
    <ele>603.2</ele>
    <time>2022-10-02T13:53:49Z</time>
   </trkpt>
   <trkpt lat="44.1231000" lon="-73.8106200">
    <ele>603.1</ele>
    <time>2022-10-02T13:53:52Z</time>
   </trkpt>
   <trkpt lat="44.1230700" lon="-73.8106000">
    <ele>603.0</ele>
    <time>2022-10-02T13:53:56Z</time>
   </trkpt>
   <trkpt lat="44.1230500" lon="-73.8105900">
    <ele>602.9</ele>
    <time>2022-10-02T13:53:58Z</time>
   </trkpt>
   <trkpt lat="44.1230200" lon="-73.8105800">
    <ele>602.7</ele>
    <time>2022-10-02T13:54:01Z</time>
   </trkpt>
   <trkpt lat="44.1229800" lon="-73.8105700">
    <ele>602.5</ele>
    <time>2022-10-02T13:54:05Z</time>
   </trkpt>
   <trkpt lat="44.1229500" lon="-73.8105600">
    <ele>602.4</ele>
    <time>2022-10-02T13:54:08Z</time>
   </trkpt>
   <trkpt lat="44.1229300" lon="-73.8105400">
    <ele>602.4</ele>
    <time>2022-10-02T13:54:11Z</time>
   </trkpt>
   <trkpt lat="44.1229000" lon="-73.8105400">
    <ele>602.4</ele>
    <time>2022-10-02T13:54:14Z</time>
   </trkpt>
   <trkpt lat="44.1228600" lon="-73.8105300">
    <ele>602.6</ele>
    <time>2022-10-02T13:54:17Z</time>
   </trkpt>
   <trkpt lat="44.1228300" lon="-73.8105200">
    <ele>602.8</ele>
    <time>2022-10-02T13:54:20Z</time>
   </trkpt>
   <trkpt lat="44.1228000" lon="-73.8105200">
    <ele>603.0</ele>
    <time>2022-10-02T13:54:23Z</time>
   </trkpt>
   <trkpt lat="44.1227700" lon="-73.8105400">
    <ele>603.3</ele>
    <time>2022-10-02T13:54:28Z</time>
   </trkpt>
   <trkpt lat="44.1227400" lon="-73.8105600">
    <ele>603.7</ele>
    <time>2022-10-02T13:54:31Z</time>
   </trkpt>
   <trkpt lat="44.1227100" lon="-73.8105900">
    <ele>604.0</ele>
    <time>2022-10-02T13:54:34Z</time>
   </trkpt>
   <trkpt lat="44.1226800" lon="-73.8106000">
    <ele>604.4</ele>
    <time>2022-10-02T13:54:37Z</time>
   </trkpt>
   <trkpt lat="44.1226500" lon="-73.8106100">
    <ele>604.7</ele>
    <time>2022-10-02T13:54:44Z</time>
   </trkpt>
   <trkpt lat="44.1226200" lon="-73.8106000">
    <ele>604.9</ele>
    <time>2022-10-02T13:54:50Z</time>
   </trkpt>
   <trkpt lat="44.1225900" lon="-73.8106000">
    <ele>605.2</ele>
    <time>2022-10-02T13:54:56Z</time>
   </trkpt>
   <trkpt lat="44.1225600" lon="-73.8106000">
    <ele>605.5</ele>
    <time>2022-10-02T13:55:00Z</time>
   </trkpt>
   <trkpt lat="44.1225300" lon="-73.8106000">
    <ele>605.7</ele>
    <time>2022-10-02T13:55:05Z</time>
   </trkpt>
   <trkpt lat="44.1225000" lon="-73.8106000">
    <ele>606.0</ele>
    <time>2022-10-02T13:55:08Z</time>
   </trkpt>
   <trkpt lat="44.1224700" lon="-73.8106300">
    <ele>606.4</ele>
    <time>2022-10-02T13:55:13Z</time>
   </trkpt>
   <trkpt lat="44.1224400" lon="-73.8106300">
    <ele>606.8</ele>
    <time>2022-10-02T13:55:17Z</time>
   </trkpt>
   <trkpt lat="44.1224100" lon="-73.8106400">
    <ele>607.2</ele>
    <time>2022-10-02T13:55:20Z</time>
   </trkpt>
   <trkpt lat="44.1223800" lon="-73.8106600">
    <ele>607.6</ele>
    <time>2022-10-02T13:55:23Z</time>
   </trkpt>
   <trkpt lat="44.1223500" lon="-73.8106600">
    <ele>608.0</ele>
    <time>2022-10-02T13:55:27Z</time>
   </trkpt>
   <trkpt lat="44.1223200" lon="-73.8106500">
    <ele>608.5</ele>
    <time>2022-10-02T13:55:31Z</time>
   </trkpt>
   <trkpt lat="44.1222900" lon="-73.8106400">
    <ele>608.9</ele>
    <time>2022-10-02T13:55:34Z</time>
   </trkpt>
   <trkpt lat="44.1222600" lon="-73.8106400">
    <ele>609.3</ele>
    <time>2022-10-02T13:55:37Z</time>
   </trkpt>
   <trkpt lat="44.1222300" lon="-73.8106600">
    <ele>609.7</ele>
    <time>2022-10-02T13:55:41Z</time>
   </trkpt>
   <trkpt lat="44.1222000" lon="-73.8106700">
    <ele>610.2</ele>
    <time>2022-10-02T13:55:44Z</time>
   </trkpt>
   <trkpt lat="44.1221700" lon="-73.8106800">
    <ele>610.6</ele>
    <time>2022-10-02T13:55:47Z</time>
   </trkpt>
   <trkpt lat="44.1221400" lon="-73.8107000">
    <ele>611.2</ele>
    <time>2022-10-02T13:55:50Z</time>
   </trkpt>
   <trkpt lat="44.1221100" lon="-73.8107100">
    <ele>611.7</ele>
    <time>2022-10-02T13:55:53Z</time>
   </trkpt>
   <trkpt lat="44.1220900" lon="-73.8107200">
    <ele>612.1</ele>
    <time>2022-10-02T13:55:57Z</time>
   </trkpt>
   <trkpt lat="44.1220800" lon="-73.8107600">
    <ele>612.7</ele>
    <time>2022-10-02T13:56:01Z</time>
   </trkpt>
   <trkpt lat="44.1221100" lon="-73.8107900">
    <ele>613.4</ele>
    <time>2022-10-02T13:56:05Z</time>
   </trkpt>
   <trkpt lat="44.1221400" lon="-73.8108000">
    <ele>614.1</ele>
    <time>2022-10-02T13:56:09Z</time>
   </trkpt>
   <trkpt lat="44.1221700" lon="-73.8108200">
    <ele>614.7</ele>
    <time>2022-10-02T13:56:12Z</time>
   </trkpt>
   <trkpt lat="44.1221500" lon="-73.8108600">
    <ele>615.4</ele>
    <time>2022-10-02T13:56:17Z</time>
   </trkpt>
   <trkpt lat="44.1221200" lon="-73.8108700">
    <ele>615.9</ele>
    <time>2022-10-02T13:56:20Z</time>
   </trkpt>
   <trkpt lat="44.1220900" lon="-73.8108700">
    <ele>616.4</ele>
    <time>2022-10-02T13:56:23Z</time>
   </trkpt>
   <trkpt lat="44.1220600" lon="-73.8108700">
    <ele>616.8</ele>
    <time>2022-10-02T13:56:26Z</time>
   </trkpt>
   <trkpt lat="44.1220300" lon="-73.8108900">
    <ele>617.3</ele>
    <time>2022-10-02T13:56:31Z</time>
   </trkpt>
   <trkpt lat="44.1220000" lon="-73.8108800">
    <ele>617.7</ele>
    <time>2022-10-02T13:56:37Z</time>
   </trkpt>
   <trkpt lat="44.1219700" lon="-73.8108500">
    <ele>618.2</ele>
    <time>2022-10-02T13:56:40Z</time>
   </trkpt>
   <trkpt lat="44.1219500" lon="-73.8108400">
    <ele>618.5</ele>
    <time>2022-10-02T13:56:43Z</time>
   </trkpt>
   <trkpt lat="44.1219200" lon="-73.8108400">
    <ele>618.8</ele>
    <time>2022-10-02T13:56:47Z</time>
   </trkpt>
   <trkpt lat="44.1219000" lon="-73.8108700">
    <ele>619.2</ele>
    <time>2022-10-02T13:56:51Z</time>
   </trkpt>
   <trkpt lat="44.1218600" lon="-73.8108800">
    <ele>619.7</ele>
    <time>2022-10-02T13:56:54Z</time>
   </trkpt>
   <trkpt lat="44.1218300" lon="-73.8108900">
    <ele>620.1</ele>
    <time>2022-10-02T13:56:57Z</time>
   </trkpt>
   <trkpt lat="44.1218100" lon="-73.8109100">
    <ele>620.4</ele>
    <time>2022-10-02T13:57:00Z</time>
   </trkpt>
   <trkpt lat="44.1217800" lon="-73.8109200">
    <ele>620.8</ele>
    <time>2022-10-02T13:57:04Z</time>
   </trkpt>
   <trkpt lat="44.1217500" lon="-73.8109500">
    <ele>621.3</ele>
    <time>2022-10-02T13:57:09Z</time>
   </trkpt>
   <trkpt lat="44.1217200" lon="-73.8109600">
    <ele>621.7</ele>
    <time>2022-10-02T13:57:13Z</time>
   </trkpt>
   <trkpt lat="44.1216900" lon="-73.8109600">
    <ele>622.1</ele>
    <time>2022-10-02T13:57:16Z</time>
   </trkpt>
   <trkpt lat="44.1216600" lon="-73.8109600">
    <ele>622.4</ele>
    <time>2022-10-02T13:57:20Z</time>
   </trkpt>
   <trkpt lat="44.1216300" lon="-73.8109700">
    <ele>622.7</ele>
    <time>2022-10-02T13:57:24Z</time>
   </trkpt>
   <trkpt lat="44.1216000" lon="-73.8110100">
    <ele>623.0</ele>
    <time>2022-10-02T13:57:28Z</time>
   </trkpt>
   <trkpt lat="44.1215800" lon="-73.8110200">
    <ele>623.1</ele>
    <time>2022-10-02T13:57:31Z</time>
   </trkpt>
   <trkpt lat="44.1215500" lon="-73.8110200">
    <ele>623.2</ele>
    <time>2022-10-02T13:57:35Z</time>
   </trkpt>
   <trkpt lat="44.1215200" lon="-73.8109900">
    <ele>623.3</ele>
    <time>2022-10-02T13:57:40Z</time>
   </trkpt>
   <trkpt lat="44.1215000" lon="-73.8109700">
    <ele>623.3</ele>
    <time>2022-10-02T13:57:43Z</time>
   </trkpt>
   <trkpt lat="44.1214700" lon="-73.8109400">
    <ele>623.4</ele>
    <time>2022-10-02T13:57:48Z</time>
   </trkpt>
   <trkpt lat="44.1214400" lon="-73.8109400">
    <ele>623.5</ele>
    <time>2022-10-02T13:57:51Z</time>
   </trkpt>
   <trkpt lat="44.1214100" lon="-73.8109500">
    <ele>623.7</ele>
    <time>2022-10-02T13:57:54Z</time>
   </trkpt>
   <trkpt lat="44.1213900" lon="-73.8109800">
    <ele>623.9</ele>
    <time>2022-10-02T13:57:58Z</time>
   </trkpt>
   <trkpt lat="44.1213700" lon="-73.8110100">
    <ele>624.1</ele>
    <time>2022-10-02T13:58:02Z</time>
   </trkpt>
   <trkpt lat="44.1213400" lon="-73.8110300">
    <ele>624.5</ele>
    <time>2022-10-02T13:58:06Z</time>
   </trkpt>
   <trkpt lat="44.1213100" lon="-73.8110500">
    <ele>625.0</ele>
    <time>2022-10-02T13:58:09Z</time>
   </trkpt>
   <trkpt lat="44.1212900" lon="-73.8110900">
    <ele>625.6</ele>
    <time>2022-10-02T13:58:12Z</time>
   </trkpt>
   <trkpt lat="44.1212600" lon="-73.8111100">
    <ele>626.2</ele>
    <time>2022-10-02T13:58:15Z</time>
   </trkpt>
   <trkpt lat="44.1212400" lon="-73.8111300">
    <ele>626.7</ele>
    <time>2022-10-02T13:58:20Z</time>
   </trkpt>
   <trkpt lat="44.1212100" lon="-73.8111500">
    <ele>627.3</ele>
    <time>2022-10-02T13:58:25Z</time>
   </trkpt>
   <trkpt lat="44.1211800" lon="-73.8111700">
    <ele>627.9</ele>
    <time>2022-10-02T13:58:29Z</time>
   </trkpt>
   <trkpt lat="44.1211600" lon="-73.8112000">
    <ele>628.4</ele>
    <time>2022-10-02T13:58:32Z</time>
   </trkpt>
   <trkpt lat="44.1211600" lon="-73.8112400">
    <ele>628.9</ele>
    <time>2022-10-02T13:58:36Z</time>
   </trkpt>
   <trkpt lat="44.1211500" lon="-73.8112800">
    <ele>629.4</ele>
    <time>2022-10-02T13:58:39Z</time>
   </trkpt>
   <trkpt lat="44.1211300" lon="-73.8113100">
    <ele>629.8</ele>
    <time>2022-10-02T13:58:43Z</time>
   </trkpt>
   <trkpt lat="44.1211000" lon="-73.8113400">
    <ele>630.3</ele>
    <time>2022-10-02T13:58:47Z</time>
   </trkpt>
   <trkpt lat="44.1210800" lon="-73.8113700">
    <ele>630.7</ele>
    <time>2022-10-02T13:58:50Z</time>
   </trkpt>
   <trkpt lat="44.1210500" lon="-73.8113700">
    <ele>631.0</ele>
    <time>2022-10-02T13:58:53Z</time>
   </trkpt>
   <trkpt lat="44.1210100" lon="-73.8113800">
    <ele>631.5</ele>
    <time>2022-10-02T13:58:56Z</time>
   </trkpt>
   <trkpt lat="44.1209800" lon="-73.8113900">
    <ele>631.8</ele>
    <time>2022-10-02T13:58:59Z</time>
   </trkpt>
   <trkpt lat="44.1209600" lon="-73.8114100">
    <ele>632.0</ele>
    <time>2022-10-02T13:59:03Z</time>
   </trkpt>
   <trkpt lat="44.1209300" lon="-73.8114300">
    <ele>632.3</ele>
    <time>2022-10-02T13:59:07Z</time>
   </trkpt>
   <trkpt lat="44.1209100" lon="-73.8114500">
    <ele>632.4</ele>
    <time>2022-10-02T13:59:11Z</time>
   </trkpt>
   <trkpt lat="44.1208900" lon="-73.8114800">
    <ele>632.5</ele>
    <time>2022-10-02T13:59:15Z</time>
   </trkpt>
   <trkpt lat="44.1208500" lon="-73.8114900">
    <ele>632.6</ele>
    <time>2022-10-02T13:59:20Z</time>
   </trkpt>
   <trkpt lat="44.1208300" lon="-73.8115200">
    <ele>632.6</ele>
    <time>2022-10-02T13:59:24Z</time>
   </trkpt>
   <trkpt lat="44.1208000" lon="-73.8115400">
    <ele>632.7</ele>
    <time>2022-10-02T13:59:27Z</time>
   </trkpt>
   <trkpt lat="44.1207700" lon="-73.8115400">
    <ele>632.7</ele>
    <time>2022-10-02T13:59:30Z</time>
   </trkpt>
   <trkpt lat="44.1207400" lon="-73.8115300">
    <ele>632.8</ele>
    <time>2022-10-02T13:59:33Z</time>
   </trkpt>
   <trkpt lat="44.1207100" lon="-73.8115200">
    <ele>632.9</ele>
    <time>2022-10-02T13:59:37Z</time>
   </trkpt>
   <trkpt lat="44.1206800" lon="-73.8115200">
    <ele>633.1</ele>
    <time>2022-10-02T13:59:40Z</time>
   </trkpt>
   <trkpt lat="44.1206400" lon="-73.8115100">
    <ele>633.4</ele>
    <time>2022-10-02T13:59:44Z</time>
   </trkpt>
   <trkpt lat="44.1206200" lon="-73.8115100">
    <ele>633.5</ele>
    <time>2022-10-02T13:59:53Z</time>
   </trkpt>
   <trkpt lat="44.1205900" lon="-73.8115400">
    <ele>633.8</ele>
    <time>2022-10-02T13:59:57Z</time>
   </trkpt>
   <trkpt lat="44.1205600" lon="-73.8115700">
    <ele>634.1</ele>
    <time>2022-10-02T14:00:02Z</time>
   </trkpt>
   <trkpt lat="44.1205300" lon="-73.8115900">
    <ele>634.4</ele>
    <time>2022-10-02T14:00:06Z</time>
   </trkpt>
   <trkpt lat="44.1205100" lon="-73.8116100">
    <ele>634.6</ele>
    <time>2022-10-02T14:00:10Z</time>
   </trkpt>
   <trkpt lat="44.1204800" lon="-73.8116300">
    <ele>634.9</ele>
    <time>2022-10-02T14:00:14Z</time>
   </trkpt>
   <trkpt lat="44.1204600" lon="-73.8116600">
    <ele>635.1</ele>
    <time>2022-10-02T14:00:17Z</time>
   </trkpt>
   <trkpt lat="44.1204500" lon="-73.8116900">
    <ele>635.3</ele>
    <time>2022-10-02T14:00:19Z</time>
   </trkpt>
   <trkpt lat="44.1204200" lon="-73.8117000">
    <ele>635.6</ele>
    <time>2022-10-02T14:00:25Z</time>
   </trkpt>
   <trkpt lat="44.1203900" lon="-73.8116900">
    <ele>635.8</ele>
    <time>2022-10-02T14:00:28Z</time>
   </trkpt>
   <trkpt lat="44.1203600" lon="-73.8116900">
    <ele>636.2</ele>
    <time>2022-10-02T14:00:31Z</time>
   </trkpt>
   <trkpt lat="44.1203500" lon="-73.8117300">
    <ele>636.5</ele>
    <time>2022-10-02T14:00:37Z</time>
   </trkpt>
   <trkpt lat="44.1203400" lon="-73.8117600">
    <ele>636.8</ele>
    <time>2022-10-02T14:00:43Z</time>
   </trkpt>
   <trkpt lat="44.1203000" lon="-73.8117700">
    <ele>637.4</ele>
    <time>2022-10-02T14:00:46Z</time>
   </trkpt>
   <trkpt lat="44.1202800" lon="-73.8117800">
    <ele>637.7</ele>
    <time>2022-10-02T14:00:50Z</time>
   </trkpt>
   <trkpt lat="44.1202500" lon="-73.8118000">
    <ele>638.2</ele>
    <time>2022-10-02T14:00:53Z</time>
   </trkpt>
   <trkpt lat="44.1202200" lon="-73.8118100">
    <ele>638.7</ele>
    <time>2022-10-02T14:00:56Z</time>
   </trkpt>
   <trkpt lat="44.1202000" lon="-73.8118300">
    <ele>639.1</ele>
    <time>2022-10-02T14:01:00Z</time>
   </trkpt>
   <trkpt lat="44.1201700" lon="-73.8118600">
    <ele>639.7</ele>
    <time>2022-10-02T14:01:03Z</time>
   </trkpt>
   <trkpt lat="44.1201500" lon="-73.8118800">
    <ele>640.1</ele>
    <time>2022-10-02T14:01:06Z</time>
   </trkpt>
   <trkpt lat="44.1201400" lon="-73.8119200">
    <ele>640.6</ele>
    <time>2022-10-02T14:01:10Z</time>
   </trkpt>
   <trkpt lat="44.1201300" lon="-73.8119600">
    <ele>641.1</ele>
    <time>2022-10-02T14:01:15Z</time>
   </trkpt>
   <trkpt lat="44.1201200" lon="-73.8120000">
    <ele>641.5</ele>
    <time>2022-10-02T14:01:20Z</time>
   </trkpt>
   <trkpt lat="44.1200900" lon="-73.8120200">
    <ele>642.0</ele>
    <time>2022-10-02T14:01:23Z</time>
   </trkpt>
   <trkpt lat="44.1200700" lon="-73.8120500">
    <ele>642.4</ele>
    <time>2022-10-02T14:01:26Z</time>
   </trkpt>
   <trkpt lat="44.1200600" lon="-73.8120900">
    <ele>642.8</ele>
    <time>2022-10-02T14:01:29Z</time>
   </trkpt>
   <trkpt lat="44.1200400" lon="-73.8121200">
    <ele>643.1</ele>
    <time>2022-10-02T14:01:32Z</time>
   </trkpt>
   <trkpt lat="44.1200200" lon="-73.8121500">
    <ele>643.3</ele>
    <time>2022-10-02T14:01:36Z</time>
   </trkpt>
   <trkpt lat="44.1200000" lon="-73.8121800">
    <ele>643.6</ele>
    <time>2022-10-02T14:01:39Z</time>
   </trkpt>
   <trkpt lat="44.1199700" lon="-73.8121900">
    <ele>643.8</ele>
    <time>2022-10-02T14:01:42Z</time>
   </trkpt>
   <trkpt lat="44.1199400" lon="-73.8122100">
    <ele>644.0</ele>
    <time>2022-10-02T14:01:46Z</time>
   </trkpt>
   <trkpt lat="44.1199100" lon="-73.8122300">
    <ele>644.2</ele>
    <time>2022-10-02T14:01:49Z</time>
   </trkpt>
   <trkpt lat="44.1198900" lon="-73.8122600">
    <ele>644.4</ele>
    <time>2022-10-02T14:01:52Z</time>
   </trkpt>
   <trkpt lat="44.1198700" lon="-73.8122800">
    <ele>644.6</ele>
    <time>2022-10-02T14:01:56Z</time>
   </trkpt>
   <trkpt lat="44.1198400" lon="-73.8123100">
    <ele>644.8</ele>
    <time>2022-10-02T14:01:59Z</time>
   </trkpt>
   <trkpt lat="44.1198200" lon="-73.8123300">
    <ele>644.9</ele>
    <time>2022-10-02T14:02:02Z</time>
   </trkpt>
   <trkpt lat="44.1198000" lon="-73.8123700">
    <ele>645.1</ele>
    <time>2022-10-02T14:02:06Z</time>
   </trkpt>
   <trkpt lat="44.1197800" lon="-73.8124000">
    <ele>645.3</ele>
    <time>2022-10-02T14:02:09Z</time>
   </trkpt>
   <trkpt lat="44.1197700" lon="-73.8124400">
    <ele>645.5</ele>
    <time>2022-10-02T14:02:12Z</time>
   </trkpt>
   <trkpt lat="44.1197400" lon="-73.8124700">
    <ele>645.8</ele>
    <time>2022-10-02T14:02:16Z</time>
   </trkpt>
   <trkpt lat="44.1197200" lon="-73.8125200">
    <ele>646.1</ele>
    <time>2022-10-02T14:02:20Z</time>
   </trkpt>
   <trkpt lat="44.1197100" lon="-73.8125500">
    <ele>646.3</ele>
    <time>2022-10-02T14:02:23Z</time>
   </trkpt>
   <trkpt lat="44.1196800" lon="-73.8125800">
    <ele>646.7</ele>
    <time>2022-10-02T14:02:27Z</time>
   </trkpt>
   <trkpt lat="44.1196600" lon="-73.8126100">
    <ele>646.9</ele>
    <time>2022-10-02T14:02:30Z</time>
   </trkpt>
   <trkpt lat="44.1196600" lon="-73.8126500">
    <ele>647.2</ele>
    <time>2022-10-02T14:02:37Z</time>
   </trkpt>
   <trkpt lat="44.1196400" lon="-73.8127000">
    <ele>647.5</ele>
    <time>2022-10-02T14:02:43Z</time>
   </trkpt>
   <trkpt lat="44.1196300" lon="-73.8127500">
    <ele>647.7</ele>
    <time>2022-10-02T14:02:47Z</time>
   </trkpt>
   <trkpt lat="44.1196100" lon="-73.8127800">
    <ele>647.8</ele>
    <time>2022-10-02T14:02:50Z</time>
   </trkpt>
   <trkpt lat="44.1196000" lon="-73.8128200">
    <ele>647.8</ele>
    <time>2022-10-02T14:02:53Z</time>
   </trkpt>
   <trkpt lat="44.1195700" lon="-73.8128500">
    <ele>647.7</ele>
    <time>2022-10-02T14:03:03Z</time>
   </trkpt>
   <trkpt lat="44.1195500" lon="-73.8128300">
    <ele>647.7</ele>
    <time>2022-10-02T14:03:10Z</time>
   </trkpt>
   <trkpt lat="44.1195300" lon="-73.8128000">
    <ele>647.5</ele>
    <time>2022-10-02T14:03:25Z</time>
   </trkpt>
   <trkpt lat="44.1195000" lon="-73.8128000">
    <ele>647.4</ele>
    <time>2022-10-02T14:03:29Z</time>
   </trkpt>
   <trkpt lat="44.1194700" lon="-73.8128100">
    <ele>647.3</ele>
    <time>2022-10-02T14:03:36Z</time>
   </trkpt>
   <trkpt lat="44.1194400" lon="-73.8127800">
    <ele>647.1</ele>
    <time>2022-10-02T14:03:40Z</time>
   </trkpt>
   <trkpt lat="44.1194300" lon="-73.8127400">
    <ele>647.1</ele>
    <time>2022-10-02T14:03:43Z</time>
   </trkpt>
   <trkpt lat="44.1194200" lon="-73.8127000">
    <ele>647.1</ele>
    <time>2022-10-02T14:03:49Z</time>
   </trkpt>
   <trkpt lat="44.1194100" lon="-73.8126600">
    <ele>647.1</ele>
    <time>2022-10-02T14:03:54Z</time>
   </trkpt>
   <trkpt lat="44.1193900" lon="-73.8126400">
    <ele>647.1</ele>
    <time>2022-10-02T14:03:59Z</time>
   </trkpt>
   <trkpt lat="44.1193600" lon="-73.8126500">
    <ele>647.2</ele>
    <time>2022-10-02T14:04:03Z</time>
   </trkpt>
   <trkpt lat="44.1193300" lon="-73.8126600">
    <ele>647.4</ele>
    <time>2022-10-02T14:04:08Z</time>
   </trkpt>
   <trkpt lat="44.1193000" lon="-73.8126600">
    <ele>647.6</ele>
    <time>2022-10-02T14:04:12Z</time>
   </trkpt>
   <trkpt lat="44.1192600" lon="-73.8126500">
    <ele>647.9</ele>
    <time>2022-10-02T14:04:15Z</time>
   </trkpt>
   <trkpt lat="44.1192300" lon="-73.8126400">
    <ele>648.2</ele>
    <time>2022-10-02T14:04:18Z</time>
   </trkpt>
   <trkpt lat="44.1192100" lon="-73.8126300">
    <ele>648.5</ele>
    <time>2022-10-02T14:04:21Z</time>
   </trkpt>
   <trkpt lat="44.1191700" lon="-73.8126300">
    <ele>648.9</ele>
    <time>2022-10-02T14:04:24Z</time>
   </trkpt>
   <trkpt lat="44.1191400" lon="-73.8126400">
    <ele>649.2</ele>
    <time>2022-10-02T14:04:28Z</time>
   </trkpt>
   <trkpt lat="44.1191200" lon="-73.8126700">
    <ele>649.6</ele>
    <time>2022-10-02T14:04:31Z</time>
   </trkpt>
   <trkpt lat="44.1191000" lon="-73.8126900">
    <ele>649.8</ele>
    <time>2022-10-02T14:04:34Z</time>
   </trkpt>
   <trkpt lat="44.1190800" lon="-73.8126800">
    <ele>650.0</ele>
    <time>2022-10-02T14:04:39Z</time>
   </trkpt>
   <trkpt lat="44.1190500" lon="-73.8126600">
    <ele>650.3</ele>
    <time>2022-10-02T14:04:42Z</time>
   </trkpt>
   <trkpt lat="44.1190200" lon="-73.8126600">
    <ele>650.5</ele>
    <time>2022-10-02T14:04:45Z</time>
   </trkpt>
   <trkpt lat="44.1189900" lon="-73.8126600">
    <ele>650.6</ele>
    <time>2022-10-02T14:04:48Z</time>
   </trkpt>
   <trkpt lat="44.1189600" lon="-73.8126600">
    <ele>650.8</ele>
    <time>2022-10-02T14:04:51Z</time>
   </trkpt>
   <trkpt lat="44.1189300" lon="-73.8126600">
    <ele>650.9</ele>
    <time>2022-10-02T14:04:54Z</time>
   </trkpt>
   <trkpt lat="44.1189000" lon="-73.8126500">
    <ele>650.9</ele>
    <time>2022-10-02T14:04:58Z</time>
   </trkpt>
   <trkpt lat="44.1188600" lon="-73.8126400">
    <ele>651.0</ele>
    <time>2022-10-02T14:05:02Z</time>
   </trkpt>
   <trkpt lat="44.1188400" lon="-73.8126200">
    <ele>651.0</ele>
    <time>2022-10-02T14:05:05Z</time>
   </trkpt>
   <trkpt lat="44.1188000" lon="-73.8126200">
    <ele>651.0</ele>
    <time>2022-10-02T14:05:08Z</time>
   </trkpt>
   <trkpt lat="44.1187700" lon="-73.8126200">
    <ele>651.1</ele>
    <time>2022-10-02T14:05:11Z</time>
   </trkpt>
   <trkpt lat="44.1187400" lon="-73.8126200">
    <ele>651.2</ele>
    <time>2022-10-02T14:05:14Z</time>
   </trkpt>
   <trkpt lat="44.1187100" lon="-73.8126200">
    <ele>651.4</ele>
    <time>2022-10-02T14:05:18Z</time>
   </trkpt>
   <trkpt lat="44.1186800" lon="-73.8126300">
    <ele>651.6</ele>
    <time>2022-10-02T14:05:21Z</time>
   </trkpt>
   <trkpt lat="44.1186600" lon="-73.8126600">
    <ele>651.9</ele>
    <time>2022-10-02T14:05:24Z</time>
   </trkpt>
   <trkpt lat="44.1186300" lon="-73.8126900">
    <ele>652.3</ele>
    <time>2022-10-02T14:05:28Z</time>
   </trkpt>
   <trkpt lat="44.1186100" lon="-73.8127300">
    <ele>652.7</ele>
    <time>2022-10-02T14:05:31Z</time>
   </trkpt>
   <trkpt lat="44.1185900" lon="-73.8127700">
    <ele>653.1</ele>
    <time>2022-10-02T14:05:35Z</time>
   </trkpt>
   <trkpt lat="44.1185600" lon="-73.8127900">
    <ele>653.5</ele>
    <time>2022-10-02T14:05:40Z</time>
   </trkpt>
   <trkpt lat="44.1185300" lon="-73.8128000">
    <ele>653.9</ele>
    <time>2022-10-02T14:05:44Z</time>
   </trkpt>
   <trkpt lat="44.1185000" lon="-73.8128200">
    <ele>654.2</ele>
    <time>2022-10-02T14:05:48Z</time>
   </trkpt>
   <trkpt lat="44.1184700" lon="-73.8128400">
    <ele>654.5</ele>
    <time>2022-10-02T14:05:51Z</time>
   </trkpt>
   <trkpt lat="44.1184400" lon="-73.8128500">
    <ele>654.8</ele>
    <time>2022-10-02T14:05:54Z</time>
   </trkpt>
   <trkpt lat="44.1184100" lon="-73.8128700">
    <ele>655.1</ele>
    <time>2022-10-02T14:05:58Z</time>
   </trkpt>
   <trkpt lat="44.1183900" lon="-73.8129000">
    <ele>655.3</ele>
    <time>2022-10-02T14:06:02Z</time>
   </trkpt>
   <trkpt lat="44.1183700" lon="-73.8129400">
    <ele>655.6</ele>
    <time>2022-10-02T14:06:06Z</time>
   </trkpt>
   <trkpt lat="44.1183500" lon="-73.8129700">
    <ele>655.7</ele>
    <time>2022-10-02T14:06:09Z</time>
   </trkpt>
   <trkpt lat="44.1183200" lon="-73.8130000">
    <ele>656.0</ele>
    <time>2022-10-02T14:06:12Z</time>
   </trkpt>
   <trkpt lat="44.1183000" lon="-73.8130300">
    <ele>656.2</ele>
    <time>2022-10-02T14:06:15Z</time>
   </trkpt>
   <trkpt lat="44.1182800" lon="-73.8130600">
    <ele>656.4</ele>
    <time>2022-10-02T14:06:18Z</time>
   </trkpt>
   <trkpt lat="44.1182600" lon="-73.8130900">
    <ele>656.6</ele>
    <time>2022-10-02T14:06:21Z</time>
   </trkpt>
   <trkpt lat="44.1182400" lon="-73.8131300">
    <ele>656.8</ele>
    <time>2022-10-02T14:06:24Z</time>
   </trkpt>
   <trkpt lat="44.1182100" lon="-73.8131600">
    <ele>657.1</ele>
    <time>2022-10-02T14:06:27Z</time>
   </trkpt>
   <trkpt lat="44.1181800" lon="-73.8131900">
    <ele>657.3</ele>
    <time>2022-10-02T14:06:30Z</time>
   </trkpt>
   <trkpt lat="44.1181600" lon="-73.8132200">
    <ele>657.5</ele>
    <time>2022-10-02T14:06:33Z</time>
   </trkpt>
   <trkpt lat="44.1181200" lon="-73.8132300">
    <ele>657.7</ele>
    <time>2022-10-02T14:06:36Z</time>
   </trkpt>
   <trkpt lat="44.1180900" lon="-73.8132400">
    <ele>657.8</ele>
    <time>2022-10-02T14:06:39Z</time>
   </trkpt>
   <trkpt lat="44.1180500" lon="-73.8132300">
    <ele>658.0</ele>
    <time>2022-10-02T14:06:42Z</time>
   </trkpt>
   <trkpt lat="44.1180200" lon="-73.8132300">
    <ele>658.2</ele>
    <time>2022-10-02T14:06:46Z</time>
   </trkpt>
   <trkpt lat="44.1179900" lon="-73.8132300">
    <ele>658.3</ele>
    <time>2022-10-02T14:06:49Z</time>
   </trkpt>
   <trkpt lat="44.1179600" lon="-73.8132200">
    <ele>658.5</ele>
    <time>2022-10-02T14:06:52Z</time>
   </trkpt>
   <trkpt lat="44.1179300" lon="-73.8132000">
    <ele>658.7</ele>
    <time>2022-10-02T14:06:55Z</time>
   </trkpt>
   <trkpt lat="44.1179000" lon="-73.8132000">
    <ele>658.8</ele>
    <time>2022-10-02T14:06:58Z</time>
   </trkpt>
   <trkpt lat="44.1178700" lon="-73.8132100">
    <ele>659.0</ele>
    <time>2022-10-02T14:07:01Z</time>
   </trkpt>
   <trkpt lat="44.1178300" lon="-73.8132200">
    <ele>659.3</ele>
    <time>2022-10-02T14:07:04Z</time>
   </trkpt>
   <trkpt lat="44.1178000" lon="-73.8132400">
    <ele>659.5</ele>
    <time>2022-10-02T14:07:07Z</time>
   </trkpt>
   <trkpt lat="44.1177700" lon="-73.8132600">
    <ele>659.7</ele>
    <time>2022-10-02T14:07:10Z</time>
   </trkpt>
   <trkpt lat="44.1177400" lon="-73.8132700">
    <ele>660.0</ele>
    <time>2022-10-02T14:07:13Z</time>
   </trkpt>
   <trkpt lat="44.1177300" lon="-73.8132400">
    <ele>660.1</ele>
    <time>2022-10-02T14:07:23Z</time>
   </trkpt>
   <trkpt lat="44.1176900" lon="-73.8132500">
    <ele>660.4</ele>
    <time>2022-10-02T14:07:35Z</time>
   </trkpt>
   <trkpt lat="44.1176700" lon="-73.8132400">
    <ele>660.6</ele>
    <time>2022-10-02T14:07:37Z</time>
   </trkpt>
   <trkpt lat="44.1176300" lon="-73.8132500">
    <ele>661.0</ele>
    <time>2022-10-02T14:07:40Z</time>
   </trkpt>
   <trkpt lat="44.1176000" lon="-73.8132700">
    <ele>661.3</ele>
    <time>2022-10-02T14:07:42Z</time>
   </trkpt>
   <trkpt lat="44.1175900" lon="-73.8133000">
    <ele>661.5</ele>
    <time>2022-10-02T14:07:45Z</time>
   </trkpt>
   <trkpt lat="44.1175600" lon="-73.8133300">
    <ele>661.8</ele>
    <time>2022-10-02T14:07:49Z</time>
   </trkpt>
   <trkpt lat="44.1175400" lon="-73.8133600">
    <ele>662.2</ele>
    <time>2022-10-02T14:07:52Z</time>
   </trkpt>
   <trkpt lat="44.1175000" lon="-73.8133600">
    <ele>662.6</ele>
    <time>2022-10-02T14:07:55Z</time>
   </trkpt>
   <trkpt lat="44.1174700" lon="-73.8133700">
    <ele>662.9</ele>
    <time>2022-10-02T14:07:59Z</time>
   </trkpt>
   <trkpt lat="44.1174400" lon="-73.8134000">
    <ele>663.3</ele>
    <time>2022-10-02T14:08:04Z</time>
   </trkpt>
   <trkpt lat="44.1174200" lon="-73.8134100">
    <ele>663.6</ele>
    <time>2022-10-02T14:08:07Z</time>
   </trkpt>
   <trkpt lat="44.1174000" lon="-73.8134500">
    <ele>664.0</ele>
    <time>2022-10-02T14:08:11Z</time>
   </trkpt>
   <trkpt lat="44.1173700" lon="-73.8134500">
    <ele>664.3</ele>
    <time>2022-10-02T14:08:15Z</time>
   </trkpt>
   <trkpt lat="44.1173500" lon="-73.8134400">
    <ele>664.5</ele>
    <time>2022-10-02T14:08:18Z</time>
   </trkpt>
   <trkpt lat="44.1173100" lon="-73.8134300">
    <ele>665.0</ele>
    <time>2022-10-02T14:08:21Z</time>
   </trkpt>
   <trkpt lat="44.1172800" lon="-73.8134300">
    <ele>665.3</ele>
    <time>2022-10-02T14:08:26Z</time>
   </trkpt>
   <trkpt lat="44.1172600" lon="-73.8134500">
    <ele>665.6</ele>
    <time>2022-10-02T14:08:30Z</time>
   </trkpt>
   <trkpt lat="44.1172400" lon="-73.8134800">
    <ele>665.9</ele>
    <time>2022-10-02T14:08:34Z</time>
   </trkpt>
   <trkpt lat="44.1172200" lon="-73.8135100">
    <ele>666.2</ele>
    <time>2022-10-02T14:08:37Z</time>
   </trkpt>
   <trkpt lat="44.1171900" lon="-73.8135200">
    <ele>666.4</ele>
    <time>2022-10-02T14:08:40Z</time>
   </trkpt>
   <trkpt lat="44.1171600" lon="-73.8135000">
    <ele>666.7</ele>
    <time>2022-10-02T14:08:43Z</time>
   </trkpt>
   <trkpt lat="44.1171300" lon="-73.8134900">
    <ele>666.9</ele>
    <time>2022-10-02T14:08:47Z</time>
   </trkpt>
   <trkpt lat="44.1170900" lon="-73.8134900">
    <ele>667.2</ele>
    <time>2022-10-02T14:08:51Z</time>
   </trkpt>
   <trkpt lat="44.1170600" lon="-73.8134800">
    <ele>667.5</ele>
    <time>2022-10-02T14:08:54Z</time>
   </trkpt>
   <trkpt lat="44.1170300" lon="-73.8134700">
    <ele>667.7</ele>
    <time>2022-10-02T14:08:57Z</time>
   </trkpt>
   <trkpt lat="44.1170100" lon="-73.8134500">
    <ele>667.9</ele>
    <time>2022-10-02T14:09:00Z</time>
   </trkpt>
   <trkpt lat="44.1169800" lon="-73.8134400">
    <ele>668.1</ele>
    <time>2022-10-02T14:09:03Z</time>
   </trkpt>
   <trkpt lat="44.1169500" lon="-73.8134400">
    <ele>668.4</ele>
    <time>2022-10-02T14:09:07Z</time>
   </trkpt>
   <trkpt lat="44.1169200" lon="-73.8134300">
    <ele>668.6</ele>
    <time>2022-10-02T14:09:11Z</time>
   </trkpt>
   <trkpt lat="44.1168900" lon="-73.8134200">
    <ele>668.8</ele>
    <time>2022-10-02T14:09:14Z</time>
   </trkpt>
   <trkpt lat="44.1168600" lon="-73.8134100">
    <ele>669.0</ele>
    <time>2022-10-02T14:09:17Z</time>
   </trkpt>
   <trkpt lat="44.1168200" lon="-73.8133900">
    <ele>669.3</ele>
    <time>2022-10-02T14:09:20Z</time>
   </trkpt>
   <trkpt lat="44.1167900" lon="-73.8133800">
    <ele>669.6</ele>
    <time>2022-10-02T14:09:23Z</time>
   </trkpt>
   <trkpt lat="44.1167600" lon="-73.8133900">
    <ele>669.8</ele>
    <time>2022-10-02T14:09:27Z</time>
   </trkpt>
   <trkpt lat="44.1167400" lon="-73.8134100">
    <ele>670.0</ele>
    <time>2022-10-02T14:09:32Z</time>
   </trkpt>
   <trkpt lat="44.1167100" lon="-73.8134100">
    <ele>670.2</ele>
    <time>2022-10-02T14:09:36Z</time>
   </trkpt>
   <trkpt lat="44.1166700" lon="-73.8134300">
    <ele>670.5</ele>
    <time>2022-10-02T14:09:40Z</time>
   </trkpt>
   <trkpt lat="44.1166400" lon="-73.8134400">
    <ele>670.7</ele>
    <time>2022-10-02T14:09:43Z</time>
   </trkpt>
   <trkpt lat="44.1166100" lon="-73.8134500">
    <ele>670.8</ele>
    <time>2022-10-02T14:09:46Z</time>
   </trkpt>
   <trkpt lat="44.1165900" lon="-73.8134700">
    <ele>671.0</ele>
    <time>2022-10-02T14:09:50Z</time>
   </trkpt>
   <trkpt lat="44.1165600" lon="-73.8134800">
    <ele>671.1</ele>
    <time>2022-10-02T14:09:53Z</time>
   </trkpt>
   <trkpt lat="44.1165400" lon="-73.8135100">
    <ele>671.3</ele>
    <time>2022-10-02T14:09:57Z</time>
   </trkpt>
   <trkpt lat="44.1165100" lon="-73.8135400">
    <ele>671.5</ele>
    <time>2022-10-02T14:10:19Z</time>
   </trkpt>
   <trkpt lat="44.1165100" lon="-73.8135800">
    <ele>672.1</ele>
    <time>2022-10-02T14:10:22Z</time>
   </trkpt>
   <trkpt lat="44.1165000" lon="-73.8136300">
    <ele>672.6</ele>
    <time>2022-10-02T14:10:25Z</time>
   </trkpt>
   <trkpt lat="44.1165000" lon="-73.8136700">
    <ele>673.0</ele>
    <time>2022-10-02T14:10:27Z</time>
   </trkpt>
   <trkpt lat="44.1165000" lon="-73.8137100">
    <ele>673.4</ele>
    <time>2022-10-02T14:10:30Z</time>
   </trkpt>
   <trkpt lat="44.1165000" lon="-73.8137500">
    <ele>673.8</ele>
    <time>2022-10-02T14:10:35Z</time>
   </trkpt>
   <trkpt lat="44.1164800" lon="-73.8137700">
    <ele>674.1</ele>
    <time>2022-10-02T14:10:43Z</time>
   </trkpt>
   <trkpt lat="44.1164500" lon="-73.8137900">
    <ele>674.5</ele>
    <time>2022-10-02T14:10:48Z</time>
   </trkpt>
   <trkpt lat="44.1164200" lon="-73.8138100">
    <ele>675.0</ele>
    <time>2022-10-02T14:10:52Z</time>
   </trkpt>
   <trkpt lat="44.1164000" lon="-73.8138300">
    <ele>675.3</ele>
    <time>2022-10-02T14:10:55Z</time>
   </trkpt>
   <trkpt lat="44.1163800" lon="-73.8138600">
    <ele>675.6</ele>
    <time>2022-10-02T14:10:59Z</time>
   </trkpt>
   <trkpt lat="44.1163700" lon="-73.8139000">
    <ele>676.0</ele>
    <time>2022-10-02T14:11:03Z</time>
   </trkpt>
   <trkpt lat="44.1163400" lon="-73.8139000">
    <ele>676.3</ele>
    <time>2022-10-02T14:11:07Z</time>
   </trkpt>
   <trkpt lat="44.1163100" lon="-73.8139000">
    <ele>676.6</ele>
    <time>2022-10-02T14:11:12Z</time>
   </trkpt>
   <trkpt lat="44.1162800" lon="-73.8139200">
    <ele>676.9</ele>
    <time>2022-10-02T14:11:16Z</time>
   </trkpt>
   <trkpt lat="44.1162500" lon="-73.8139400">
    <ele>677.3</ele>
    <time>2022-10-02T14:11:19Z</time>
   </trkpt>
   <trkpt lat="44.1162200" lon="-73.8139600">
    <ele>677.6</ele>
    <time>2022-10-02T14:11:23Z</time>
   </trkpt>
   <trkpt lat="44.1161900" lon="-73.8139800">
    <ele>678.0</ele>
    <time>2022-10-02T14:11:26Z</time>
   </trkpt>
   <trkpt lat="44.1161700" lon="-73.8140200">
    <ele>678.4</ele>
    <time>2022-10-02T14:11:31Z</time>
   </trkpt>
   <trkpt lat="44.1161500" lon="-73.8140400">
    <ele>678.7</ele>
    <time>2022-10-02T14:11:35Z</time>
   </trkpt>
   <trkpt lat="44.1161400" lon="-73.8140800">
    <ele>679.1</ele>
    <time>2022-10-02T14:11:39Z</time>
   </trkpt>
   <trkpt lat="44.1161200" lon="-73.8141200">
    <ele>679.5</ele>
    <time>2022-10-02T14:11:43Z</time>
   </trkpt>
   <trkpt lat="44.1161000" lon="-73.8141500">
    <ele>679.8</ele>
    <time>2022-10-02T14:11:47Z</time>
   </trkpt>
   <trkpt lat="44.1160700" lon="-73.8141600">
    <ele>680.2</ele>
    <time>2022-10-02T14:11:50Z</time>
   </trkpt>
   <trkpt lat="44.1160500" lon="-73.8141900">
    <ele>680.5</ele>
    <time>2022-10-02T14:11:53Z</time>
   </trkpt>
   <trkpt lat="44.1160300" lon="-73.8142300">
    <ele>680.9</ele>
    <time>2022-10-02T14:11:57Z</time>
   </trkpt>
   <trkpt lat="44.1160200" lon="-73.8142700">
    <ele>681.3</ele>
    <time>2022-10-02T14:12:01Z</time>
   </trkpt>
   <trkpt lat="44.1160100" lon="-73.8143100">
    <ele>681.6</ele>
    <time>2022-10-02T14:12:06Z</time>
   </trkpt>
   <trkpt lat="44.1159800" lon="-73.8143300">
    <ele>682.0</ele>
    <time>2022-10-02T14:12:09Z</time>
   </trkpt>
   <trkpt lat="44.1159600" lon="-73.8143400">
    <ele>682.3</ele>
    <time>2022-10-02T14:12:12Z</time>
   </trkpt>
   <trkpt lat="44.1159300" lon="-73.8143700">
    <ele>682.7</ele>
    <time>2022-10-02T14:12:15Z</time>
   </trkpt>
   <trkpt lat="44.1159100" lon="-73.8143900">
    <ele>683.0</ele>
    <time>2022-10-02T14:12:18Z</time>
   </trkpt>
   <trkpt lat="44.1158800" lon="-73.8144100">
    <ele>683.5</ele>
    <time>2022-10-02T14:12:22Z</time>
   </trkpt>
   <trkpt lat="44.1158500" lon="-73.8144300">
    <ele>683.9</ele>
    <time>2022-10-02T14:12:27Z</time>
   </trkpt>
   <trkpt lat="44.1158200" lon="-73.8144300">
    <ele>684.3</ele>
    <time>2022-10-02T14:12:32Z</time>
   </trkpt>
   <trkpt lat="44.1157900" lon="-73.8144500">
    <ele>684.8</ele>
    <time>2022-10-02T14:12:36Z</time>
   </trkpt>
   <trkpt lat="44.1157700" lon="-73.8144800">
    <ele>685.2</ele>
    <time>2022-10-02T14:12:39Z</time>
   </trkpt>
   <trkpt lat="44.1157400" lon="-73.8145000">
    <ele>685.6</ele>
    <time>2022-10-02T14:12:42Z</time>
   </trkpt>
   <trkpt lat="44.1157200" lon="-73.8145100">
    <ele>685.9</ele>
    <time>2022-10-02T14:12:45Z</time>
   </trkpt>
   <trkpt lat="44.1156800" lon="-73.8145100">
    <ele>686.4</ele>
    <time>2022-10-02T14:12:48Z</time>
   </trkpt>
   <trkpt lat="44.1156500" lon="-73.8145200">
    <ele>686.8</ele>
    <time>2022-10-02T14:12:51Z</time>
   </trkpt>
   <trkpt lat="44.1156200" lon="-73.8145400">
    <ele>687.1</ele>
    <time>2022-10-02T14:12:54Z</time>
   </trkpt>
   <trkpt lat="44.1155900" lon="-73.8145400">
    <ele>687.4</ele>
    <time>2022-10-02T14:12:57Z</time>
   </trkpt>
   <trkpt lat="44.1155600" lon="-73.8145600">
    <ele>687.7</ele>
    <time>2022-10-02T14:13:00Z</time>
   </trkpt>
   <trkpt lat="44.1155300" lon="-73.8145700">
    <ele>688.0</ele>
    <time>2022-10-02T14:13:04Z</time>
   </trkpt>
   <trkpt lat="44.1155000" lon="-73.8145900">
    <ele>688.2</ele>
    <time>2022-10-02T14:13:07Z</time>
   </trkpt>
   <trkpt lat="44.1154700" lon="-73.8146000">
    <ele>688.3</ele>
    <time>2022-10-02T14:13:10Z</time>
   </trkpt>
   <trkpt lat="44.1154400" lon="-73.8146200">
    <ele>688.5</ele>
    <time>2022-10-02T14:13:13Z</time>
   </trkpt>
   <trkpt lat="44.1154200" lon="-73.8146500">
    <ele>688.6</ele>
    <time>2022-10-02T14:13:16Z</time>
   </trkpt>
   <trkpt lat="44.1154000" lon="-73.8146800">
    <ele>688.7</ele>
    <time>2022-10-02T14:13:19Z</time>
   </trkpt>
   <trkpt lat="44.1153800" lon="-73.8147100">
    <ele>688.8</ele>
    <time>2022-10-02T14:13:22Z</time>
   </trkpt>
   <trkpt lat="44.1153700" lon="-73.8147400">
    <ele>688.9</ele>
    <time>2022-10-02T14:13:26Z</time>
   </trkpt>
   <trkpt lat="44.1153600" lon="-73.8147800">
    <ele>689.0</ele>
    <time>2022-10-02T14:13:30Z</time>
   </trkpt>
   <trkpt lat="44.1153300" lon="-73.8148000">
    <ele>689.2</ele>
    <time>2022-10-02T14:13:39Z</time>
   </trkpt>
   <trkpt lat="44.1153000" lon="-73.8148200">
    <ele>689.4</ele>
    <time>2022-10-02T14:13:43Z</time>
   </trkpt>
   <trkpt lat="44.1152800" lon="-73.8148500">
    <ele>689.6</ele>
    <time>2022-10-02T14:13:46Z</time>
   </trkpt>
   <trkpt lat="44.1152500" lon="-73.8148800">
    <ele>689.9</ele>
    <time>2022-10-02T14:13:49Z</time>
   </trkpt>
   <trkpt lat="44.1152400" lon="-73.8149100">
    <ele>690.1</ele>
    <time>2022-10-02T14:13:52Z</time>
   </trkpt>
   <trkpt lat="44.1152200" lon="-73.8149600">
    <ele>690.5</ele>
    <time>2022-10-02T14:13:56Z</time>
   </trkpt>
   <trkpt lat="44.1152000" lon="-73.8149900">
    <ele>690.7</ele>
    <time>2022-10-02T14:13:59Z</time>
   </trkpt>
   <trkpt lat="44.1151800" lon="-73.8150300">
    <ele>691.1</ele>
    <time>2022-10-02T14:14:02Z</time>
   </trkpt>
   <trkpt lat="44.1151700" lon="-73.8150700">
    <ele>691.4</ele>
    <time>2022-10-02T14:14:05Z</time>
   </trkpt>
   <trkpt lat="44.1151500" lon="-73.8151000">
    <ele>691.7</ele>
    <time>2022-10-02T14:14:09Z</time>
   </trkpt>
   <trkpt lat="44.1151400" lon="-73.8151400">
    <ele>692.0</ele>
    <time>2022-10-02T14:14:12Z</time>
   </trkpt>
   <trkpt lat="44.1151300" lon="-73.8151800">
    <ele>692.3</ele>
    <time>2022-10-02T14:14:16Z</time>
   </trkpt>
   <trkpt lat="44.1151100" lon="-73.8152100">
    <ele>692.5</ele>
    <time>2022-10-02T14:14:19Z</time>
   </trkpt>
   <trkpt lat="44.1150800" lon="-73.8152300">
    <ele>692.9</ele>
    <time>2022-10-02T14:14:23Z</time>
   </trkpt>
   <trkpt lat="44.1150500" lon="-73.8152500">
    <ele>693.2</ele>
    <time>2022-10-02T14:14:27Z</time>
   </trkpt>
   <trkpt lat="44.1150200" lon="-73.8152700">
    <ele>693.5</ele>
    <time>2022-10-02T14:14:31Z</time>
   </trkpt>
   <trkpt lat="44.1149900" lon="-73.8152800">
    <ele>693.8</ele>
    <time>2022-10-02T14:14:34Z</time>
   </trkpt>
   <trkpt lat="44.1149600" lon="-73.8153100">
    <ele>694.2</ele>
    <time>2022-10-02T14:14:37Z</time>
   </trkpt>
   <trkpt lat="44.1149400" lon="-73.8153300">
    <ele>694.4</ele>
    <time>2022-10-02T14:14:40Z</time>
   </trkpt>
   <trkpt lat="44.1149200" lon="-73.8153800">
    <ele>694.9</ele>
    <time>2022-10-02T14:14:44Z</time>
   </trkpt>
   <trkpt lat="44.1149000" lon="-73.8154100">
    <ele>695.2</ele>
    <time>2022-10-02T14:14:47Z</time>
   </trkpt>
   <trkpt lat="44.1148900" lon="-73.8154600">
    <ele>695.6</ele>
    <time>2022-10-02T14:14:52Z</time>
   </trkpt>
   <trkpt lat="44.1148900" lon="-73.8155000">
    <ele>696.0</ele>
    <time>2022-10-02T14:14:55Z</time>
   </trkpt>
   <trkpt lat="44.1148900" lon="-73.8155400">
    <ele>696.3</ele>
    <time>2022-10-02T14:14:58Z</time>
   </trkpt>
   <trkpt lat="44.1148800" lon="-73.8155800">
    <ele>696.8</ele>
    <time>2022-10-02T14:15:02Z</time>
   </trkpt>
   <trkpt lat="44.1148800" lon="-73.8156200">
    <ele>697.2</ele>
    <time>2022-10-02T14:15:06Z</time>
   </trkpt>
   <trkpt lat="44.1148700" lon="-73.8156700">
    <ele>697.8</ele>
    <time>2022-10-02T14:15:10Z</time>
   </trkpt>
   <trkpt lat="44.1148700" lon="-73.8157100">
    <ele>698.3</ele>
    <time>2022-10-02T14:15:14Z</time>
   </trkpt>
   <trkpt lat="44.1148700" lon="-73.8157600">
    <ele>698.9</ele>
    <time>2022-10-02T14:15:19Z</time>
   </trkpt>
   <trkpt lat="44.1148700" lon="-73.8158000">
    <ele>699.4</ele>
    <time>2022-10-02T14:15:23Z</time>
   </trkpt>
   <trkpt lat="44.1148600" lon="-73.8158400">
    <ele>700.0</ele>
    <time>2022-10-02T14:15:27Z</time>
   </trkpt>
   <trkpt lat="44.1148600" lon="-73.8158800">
    <ele>700.5</ele>
    <time>2022-10-02T14:15:31Z</time>
   </trkpt>
   <trkpt lat="44.1148700" lon="-73.8159200">
    <ele>701.0</ele>
    <time>2022-10-02T14:15:35Z</time>
   </trkpt>
   <trkpt lat="44.1148700" lon="-73.8159700">
    <ele>701.6</ele>
    <time>2022-10-02T14:15:39Z</time>
   </trkpt>
   <trkpt lat="44.1148700" lon="-73.8160100">
    <ele>702.1</ele>
    <time>2022-10-02T14:15:43Z</time>
   </trkpt>
   <trkpt lat="44.1148500" lon="-73.8160500">
    <ele>702.7</ele>
    <time>2022-10-02T14:15:47Z</time>
   </trkpt>
   <trkpt lat="44.1148500" lon="-73.8160900">
    <ele>703.2</ele>
    <time>2022-10-02T14:15:52Z</time>
   </trkpt>
   <trkpt lat="44.1148500" lon="-73.8161300">
    <ele>703.6</ele>
    <time>2022-10-02T14:15:57Z</time>
   </trkpt>
   <trkpt lat="44.1148300" lon="-73.8161700">
    <ele>704.2</ele>
    <time>2022-10-02T14:16:01Z</time>
   </trkpt>
   <trkpt lat="44.1148300" lon="-73.8162100">
    <ele>704.6</ele>
    <time>2022-10-02T14:16:07Z</time>
   </trkpt>
   <trkpt lat="44.1148400" lon="-73.8162600">
    <ele>705.2</ele>
    <time>2022-10-02T14:16:12Z</time>
   </trkpt>
   <trkpt lat="44.1148500" lon="-73.8163100">
    <ele>705.8</ele>
    <time>2022-10-02T14:16:16Z</time>
   </trkpt>
   <trkpt lat="44.1148500" lon="-73.8163500">
    <ele>706.3</ele>
    <time>2022-10-02T14:16:20Z</time>
   </trkpt>
   <trkpt lat="44.1148500" lon="-73.8163900">
    <ele>706.7</ele>
    <time>2022-10-02T14:16:24Z</time>
   </trkpt>
   <trkpt lat="44.1148500" lon="-73.8164300">
    <ele>707.2</ele>
    <time>2022-10-02T14:16:27Z</time>
   </trkpt>
   <trkpt lat="44.1148700" lon="-73.8164600">
    <ele>707.7</ele>
    <time>2022-10-02T14:16:32Z</time>
   </trkpt>
   <trkpt lat="44.1148800" lon="-73.8165000">
    <ele>708.2</ele>
    <time>2022-10-02T14:16:37Z</time>
   </trkpt>
   <trkpt lat="44.1148900" lon="-73.8165300">
    <ele>708.6</ele>
    <time>2022-10-02T14:16:42Z</time>
   </trkpt>
   <trkpt lat="44.1149100" lon="-73.8165700">
    <ele>709.2</ele>
    <time>2022-10-02T14:16:47Z</time>
   </trkpt>
   <trkpt lat="44.1149300" lon="-73.8166000">
    <ele>709.8</ele>
    <time>2022-10-02T14:16:52Z</time>
   </trkpt>
   <trkpt lat="44.1149500" lon="-73.8166300">
    <ele>710.3</ele>
    <time>2022-10-02T14:16:56Z</time>
   </trkpt>
   <trkpt lat="44.1149700" lon="-73.8166600">
    <ele>710.9</ele>
    <time>2022-10-02T14:17:00Z</time>
   </trkpt>
   <trkpt lat="44.1149800" lon="-73.8167000">
    <ele>711.4</ele>
    <time>2022-10-02T14:17:06Z</time>
   </trkpt>
   <trkpt lat="44.1149900" lon="-73.8167400">
    <ele>712.0</ele>
    <time>2022-10-02T14:17:13Z</time>
   </trkpt>
   <trkpt lat="44.1149800" lon="-73.8167900">
    <ele>712.8</ele>
    <time>2022-10-02T14:17:17Z</time>
   </trkpt>
   <trkpt lat="44.1149800" lon="-73.8168400">
    <ele>713.5</ele>
    <time>2022-10-02T14:17:21Z</time>
   </trkpt>
   <trkpt lat="44.1150000" lon="-73.8168800">
    <ele>714.2</ele>
    <time>2022-10-02T14:17:25Z</time>
   </trkpt>
   <trkpt lat="44.1150300" lon="-73.8168900">
    <ele>714.9</ele>
    <time>2022-10-02T14:17:29Z</time>
   </trkpt>
   <trkpt lat="44.1150600" lon="-73.8169000">
    <ele>715.5</ele>
    <time>2022-10-02T14:17:33Z</time>
   </trkpt>
   <trkpt lat="44.1150900" lon="-73.8169100">
    <ele>716.2</ele>
    <time>2022-10-02T14:17:36Z</time>
   </trkpt>
   <trkpt lat="44.1151000" lon="-73.8169500">
    <ele>716.8</ele>
    <time>2022-10-02T14:17:39Z</time>
   </trkpt>
   <trkpt lat="44.1151200" lon="-73.8169900">
    <ele>717.6</ele>
    <time>2022-10-02T14:17:43Z</time>
   </trkpt>
   <trkpt lat="44.1151300" lon="-73.8170200">
    <ele>718.1</ele>
    <time>2022-10-02T14:17:48Z</time>
   </trkpt>
   <trkpt lat="44.1151400" lon="-73.8169700">
    <ele>718.9</ele>
    <time>2022-10-02T14:18:13Z</time>
   </trkpt>
   <trkpt lat="44.1151200" lon="-73.8169100">
    <ele>719.9</ele>
    <time>2022-10-02T14:18:41Z</time>
   </trkpt>
   <trkpt lat="44.1151500" lon="-73.8169400">
    <ele>720.7</ele>
    <time>2022-10-02T14:18:51Z</time>
   </trkpt>
   <trkpt lat="44.1151700" lon="-73.8169800">
    <ele>721.5</ele>
    <time>2022-10-02T14:18:57Z</time>
   </trkpt>
   <trkpt lat="44.1152000" lon="-73.8169700">
    <ele>722.3</ele>
    <time>2022-10-02T14:19:14Z</time>
   </trkpt>
   <trkpt lat="44.1152300" lon="-73.8169700">
    <ele>723.1</ele>
    <time>2022-10-02T14:19:23Z</time>
   </trkpt>
   <trkpt lat="44.1152200" lon="-73.8170100">
    <ele>723.9</ele>
    <time>2022-10-02T14:19:38Z</time>
   </trkpt>
   <trkpt lat="44.1152100" lon="-73.8170500">
    <ele>724.7</ele>
    <time>2022-10-02T14:19:41Z</time>
   </trkpt>
   <trkpt lat="44.1152100" lon="-73.8170800">
    <ele>725.3</ele>
    <time>2022-10-02T14:19:45Z</time>
   </trkpt>
   <trkpt lat="44.1152100" lon="-73.8171300">
    <ele>726.3</ele>
    <time>2022-10-02T14:19:50Z</time>
   </trkpt>
   <trkpt lat="44.1152100" lon="-73.8171700">
    <ele>727.1</ele>
    <time>2022-10-02T14:19:54Z</time>
   </trkpt>
   <trkpt lat="44.1152200" lon="-73.8172100">
    <ele>728.0</ele>
    <time>2022-10-02T14:19:59Z</time>
   </trkpt>
   <trkpt lat="44.1152500" lon="-73.8172300">
    <ele>728.9</ele>
    <time>2022-10-02T14:20:04Z</time>
   </trkpt>
   <trkpt lat="44.1152700" lon="-73.8172500">
    <ele>729.6</ele>
    <time>2022-10-02T14:20:09Z</time>
   </trkpt>
   <trkpt lat="44.1152700" lon="-73.8172900">
    <ele>730.4</ele>
    <time>2022-10-02T14:20:31Z</time>
   </trkpt>
   <trkpt lat="44.1152600" lon="-73.8172500">
    <ele>731.2</ele>
    <time>2022-10-02T14:20:44Z</time>
   </trkpt>
   <trkpt lat="44.1152300" lon="-73.8172600">
    <ele>732.1</ele>
    <time>2022-10-02T14:20:53Z</time>
   </trkpt>
   <trkpt lat="44.1152100" lon="-73.8172800">
    <ele>732.7</ele>
    <time>2022-10-02T14:20:57Z</time>
   </trkpt>
   <trkpt lat="44.1152300" lon="-73.8173100">
    <ele>733.5</ele>
    <time>2022-10-02T14:21:04Z</time>
   </trkpt>
   <trkpt lat="44.1152300" lon="-73.8173500">
    <ele>734.3</ele>
    <time>2022-10-02T14:21:11Z</time>
   </trkpt>
   <trkpt lat="44.1152300" lon="-73.8173900">
    <ele>735.1</ele>
    <time>2022-10-02T14:21:16Z</time>
   </trkpt>
   <trkpt lat="44.1152300" lon="-73.8174400">
    <ele>736.1</ele>
    <time>2022-10-02T14:21:20Z</time>
   </trkpt>
   <trkpt lat="44.1152500" lon="-73.8174700">
    <ele>736.9</ele>
    <time>2022-10-02T14:21:25Z</time>
   </trkpt>
   <trkpt lat="44.1152700" lon="-73.8174700">
    <ele>737.5</ele>
    <time>2022-10-02T14:21:29Z</time>
   </trkpt>
   <trkpt lat="44.1153000" lon="-73.8174500">
    <ele>738.4</ele>
    <time>2022-10-02T14:21:36Z</time>
   </trkpt>
   <trkpt lat="44.1153100" lon="-73.8175000">
    <ele>739.5</ele>
    <time>2022-10-02T14:21:42Z</time>
   </trkpt>
   <trkpt lat="44.1153300" lon="-73.8175100">
    <ele>740.2</ele>
    <time>2022-10-02T14:21:48Z</time>
   </trkpt>
   <trkpt lat="44.1153600" lon="-73.8175200">
    <ele>741.1</ele>
    <time>2022-10-02T14:21:53Z</time>
   </trkpt>
   <trkpt lat="44.1153900" lon="-73.8175400">
    <ele>742.1</ele>
    <time>2022-10-02T14:21:58Z</time>
   </trkpt>
   <trkpt lat="44.1154100" lon="-73.8175700">
    <ele>742.9</ele>
    <time>2022-10-02T14:22:02Z</time>
   </trkpt>
   <trkpt lat="44.1154200" lon="-73.8176000">
    <ele>743.6</ele>
    <time>2022-10-02T14:22:10Z</time>
   </trkpt>
   <trkpt lat="44.1154000" lon="-73.8176400">
    <ele>744.6</ele>
    <time>2022-10-02T14:22:16Z</time>
   </trkpt>
   <trkpt lat="44.1153800" lon="-73.8176700">
    <ele>745.5</ele>
    <time>2022-10-02T14:22:21Z</time>
   </trkpt>
   <trkpt lat="44.1153500" lon="-73.8176800">
    <ele>746.3</ele>
    <time>2022-10-02T14:22:27Z</time>
   </trkpt>
   <trkpt lat="44.1153500" lon="-73.8177200">
    <ele>747.1</ele>
    <time>2022-10-02T14:22:32Z</time>
   </trkpt>
   <trkpt lat="44.1153500" lon="-73.8177700">
    <ele>748.1</ele>
    <time>2022-10-02T14:22:39Z</time>
   </trkpt>
   <trkpt lat="44.1153600" lon="-73.8178100">
    <ele>748.9</ele>
    <time>2022-10-02T14:22:43Z</time>
   </trkpt>
   <trkpt lat="44.1153700" lon="-73.8178500">
    <ele>749.7</ele>
    <time>2022-10-02T14:22:47Z</time>
   </trkpt>
   <trkpt lat="44.1153900" lon="-73.8178800">
    <ele>750.4</ele>
    <time>2022-10-02T14:22:52Z</time>
   </trkpt>
   <trkpt lat="44.1154200" lon="-73.8179100">
    <ele>751.3</ele>
    <time>2022-10-02T14:22:57Z</time>
   </trkpt>
   <trkpt lat="44.1154300" lon="-73.8179600">
    <ele>752.1</ele>
    <time>2022-10-02T14:23:02Z</time>
   </trkpt>
   <trkpt lat="44.1154400" lon="-73.8180000">
    <ele>752.8</ele>
    <time>2022-10-02T14:23:08Z</time>
   </trkpt>
   <trkpt lat="44.1154400" lon="-73.8180400">
    <ele>753.4</ele>
    <time>2022-10-02T14:23:13Z</time>
   </trkpt>
   <trkpt lat="44.1154300" lon="-73.8180800">
    <ele>754.1</ele>
    <time>2022-10-02T14:23:18Z</time>
   </trkpt>
   <trkpt lat="44.1154200" lon="-73.8181200">
    <ele>754.7</ele>
    <time>2022-10-02T14:23:23Z</time>
   </trkpt>
   <trkpt lat="44.1154100" lon="-73.8181500">
    <ele>755.1</ele>
    <time>2022-10-02T14:23:29Z</time>
   </trkpt>
   <trkpt lat="44.1153800" lon="-73.8181600">
    <ele>755.7</ele>
    <time>2022-10-02T14:23:35Z</time>
   </trkpt>
   <trkpt lat="44.1153500" lon="-73.8181700">
    <ele>756.3</ele>
    <time>2022-10-02T14:23:39Z</time>
   </trkpt>
   <trkpt lat="44.1153200" lon="-73.8181600">
    <ele>756.8</ele>
    <time>2022-10-02T14:23:42Z</time>
   </trkpt>
   <trkpt lat="44.1152900" lon="-73.8181400">
    <ele>757.4</ele>
    <time>2022-10-02T14:23:45Z</time>
   </trkpt>
   <trkpt lat="44.1152700" lon="-73.8181300">
    <ele>757.8</ele>
    <time>2022-10-02T14:23:49Z</time>
   </trkpt>
   <trkpt lat="44.1152400" lon="-73.8181000">
    <ele>758.5</ele>
    <time>2022-10-02T14:23:58Z</time>
   </trkpt>
   <trkpt lat="44.1152200" lon="-73.8181200">
    <ele>758.9</ele>
    <time>2022-10-02T14:24:06Z</time>
   </trkpt>
   <trkpt lat="44.1152000" lon="-73.8181500">
    <ele>759.4</ele>
    <time>2022-10-02T14:24:12Z</time>
   </trkpt>
   <trkpt lat="44.1151700" lon="-73.8181700">
    <ele>759.9</ele>
    <time>2022-10-02T14:24:17Z</time>
   </trkpt>
   <trkpt lat="44.1151400" lon="-73.8181900">
    <ele>760.4</ele>
    <time>2022-10-02T14:24:22Z</time>
   </trkpt>
   <trkpt lat="44.1151100" lon="-73.8182100">
    <ele>760.9</ele>
    <time>2022-10-02T14:24:25Z</time>
   </trkpt>
   <trkpt lat="44.1150800" lon="-73.8182200">
    <ele>761.3</ele>
    <time>2022-10-02T14:24:28Z</time>
   </trkpt>
   <trkpt lat="44.1150500" lon="-73.8182400">
    <ele>761.8</ele>
    <time>2022-10-02T14:24:32Z</time>
   </trkpt>
   <trkpt lat="44.1150300" lon="-73.8182700">
    <ele>762.1</ele>
    <time>2022-10-02T14:24:37Z</time>
   </trkpt>
   <trkpt lat="44.1150000" lon="-73.8182900">
    <ele>762.5</ele>
    <time>2022-10-02T14:24:40Z</time>
   </trkpt>
   <trkpt lat="44.1149800" lon="-73.8183100">
    <ele>762.8</ele>
    <time>2022-10-02T14:24:44Z</time>
   </trkpt>
   <trkpt lat="44.1149500" lon="-73.8183400">
    <ele>763.2</ele>
    <time>2022-10-02T14:24:48Z</time>
   </trkpt>
   <trkpt lat="44.1149200" lon="-73.8183600">
    <ele>763.6</ele>
    <time>2022-10-02T14:24:51Z</time>
   </trkpt>
   <trkpt lat="44.1148900" lon="-73.8183800">
    <ele>763.9</ele>
    <time>2022-10-02T14:24:55Z</time>
   </trkpt>
   <trkpt lat="44.1148600" lon="-73.8184000">
    <ele>764.3</ele>
    <time>2022-10-02T14:24:59Z</time>
   </trkpt>
   <trkpt lat="44.1148400" lon="-73.8184200">
    <ele>764.6</ele>
    <time>2022-10-02T14:25:03Z</time>
   </trkpt>
   <trkpt lat="44.1148000" lon="-73.8184300">
    <ele>765.2</ele>
    <time>2022-10-02T14:25:07Z</time>
   </trkpt>
   <trkpt lat="44.1147700" lon="-73.8184600">
    <ele>765.8</ele>
    <time>2022-10-02T14:25:11Z</time>
   </trkpt>
   <trkpt lat="44.1147400" lon="-73.8184700">
    <ele>766.3</ele>
    <time>2022-10-02T14:25:14Z</time>
   </trkpt>
   <trkpt lat="44.1147100" lon="-73.8184900">
    <ele>767.0</ele>
    <time>2022-10-02T14:25:17Z</time>
   </trkpt>
   <trkpt lat="44.1146900" lon="-73.8185100">
    <ele>767.5</ele>
    <time>2022-10-02T14:25:20Z</time>
   </trkpt>
   <trkpt lat="44.1146800" lon="-73.8185500">
    <ele>768.2</ele>
    <time>2022-10-02T14:25:24Z</time>
   </trkpt>
   <trkpt lat="44.1146700" lon="-73.8186000">
    <ele>769.2</ele>
    <time>2022-10-02T14:25:29Z</time>
   </trkpt>
   <trkpt lat="44.1146500" lon="-73.8186200">
    <ele>769.8</ele>
    <time>2022-10-02T14:25:40Z</time>
   </trkpt>
   <trkpt lat="44.1146400" lon="-73.8186800">
    <ele>771.1</ele>
    <time>2022-10-02T14:25:43Z</time>
   </trkpt>
   <trkpt lat="44.1146300" lon="-73.8187100">
    <ele>771.7</ele>
    <time>2022-10-02T14:25:47Z</time>
   </trkpt>
   <trkpt lat="44.1146500" lon="-73.8186900">
    <ele>772.5</ele>
    <time>2022-10-02T14:26:38Z</time>
   </trkpt>
   <trkpt lat="44.1146200" lon="-73.8187000">
    <ele>773.3</ele>
    <time>2022-10-02T14:26:59Z</time>
   </trkpt>
   <trkpt lat="44.1146100" lon="-73.8187300">
    <ele>774.0</ele>
    <time>2022-10-02T14:27:04Z</time>
   </trkpt>
   <trkpt lat="44.1145900" lon="-73.8187700">
    <ele>775.0</ele>
    <time>2022-10-02T14:27:20Z</time>
   </trkpt>
   <trkpt lat="44.1146000" lon="-73.8188000">
    <ele>775.6</ele>
    <time>2022-10-02T14:27:47Z</time>
   </trkpt>
   <trkpt lat="44.1146000" lon="-73.8188400">
    <ele>776.5</ele>
    <time>2022-10-02T14:28:02Z</time>
   </trkpt>
   <trkpt lat="44.1145800" lon="-73.8188700">
    <ele>777.3</ele>
    <time>2022-10-02T14:28:11Z</time>
   </trkpt>
   <trkpt lat="44.1145700" lon="-73.8189100">
    <ele>778.1</ele>
    <time>2022-10-02T14:28:17Z</time>
   </trkpt>
   <trkpt lat="44.1145600" lon="-73.8189500">
    <ele>779.1</ele>
    <time>2022-10-02T14:28:21Z</time>
   </trkpt>
   <trkpt lat="44.1145600" lon="-73.8189900">
    <ele>780.0</ele>
    <time>2022-10-02T14:28:28Z</time>
   </trkpt>
   <trkpt lat="44.1145500" lon="-73.8190200">
    <ele>780.8</ele>
    <time>2022-10-02T14:28:34Z</time>
   </trkpt>
   <trkpt lat="44.1145300" lon="-73.8190700">
    <ele>782.3</ele>
    <time>2022-10-02T14:28:41Z</time>
   </trkpt>
   <trkpt lat="44.1145200" lon="-73.8191100">
    <ele>783.4</ele>
    <time>2022-10-02T14:28:54Z</time>
   </trkpt>
   <trkpt lat="44.1145100" lon="-73.8191400">
    <ele>784.3</ele>
    <time>2022-10-02T14:29:02Z</time>
   </trkpt>
   <trkpt lat="44.1145000" lon="-73.8191800">
    <ele>785.5</ele>
    <time>2022-10-02T14:29:08Z</time>
   </trkpt>
   <trkpt lat="44.1144900" lon="-73.8192200">
    <ele>786.8</ele>
    <time>2022-10-02T14:29:14Z</time>
   </trkpt>
   <trkpt lat="44.1144700" lon="-73.8192500">
    <ele>788.1</ele>
    <time>2022-10-02T14:29:27Z</time>
   </trkpt>
   <trkpt lat="44.1144700" lon="-73.8192800">
    <ele>789.1</ele>
    <time>2022-10-02T14:29:41Z</time>
   </trkpt>
   <trkpt lat="44.1144600" lon="-73.8193200">
    <ele>790.5</ele>
    <time>2022-10-02T14:29:59Z</time>
   </trkpt>
   <trkpt lat="44.1144300" lon="-73.8193200">
    <ele>791.9</ele>
    <time>2022-10-02T14:30:11Z</time>
   </trkpt>
   <trkpt lat="44.1144200" lon="-73.8193600">
    <ele>793.3</ele>
    <time>2022-10-02T14:30:18Z</time>
   </trkpt>
   <trkpt lat="44.1144000" lon="-73.8193700">
    <ele>794.2</ele>
    <time>2022-10-02T14:30:36Z</time>
   </trkpt>
   <trkpt lat="44.1144100" lon="-73.8193400">
    <ele>795.3</ele>
    <time>2022-10-02T14:30:52Z</time>
   </trkpt>
   <trkpt lat="44.1144200" lon="-73.8193800">
    <ele>796.7</ele>
    <time>2022-10-02T14:31:15Z</time>
   </trkpt>
   <trkpt lat="44.1144100" lon="-73.8194300">
    <ele>798.4</ele>
    <time>2022-10-02T14:31:21Z</time>
   </trkpt>
   <trkpt lat="44.1143900" lon="-73.8194500">
    <ele>799.4</ele>
    <time>2022-10-02T14:31:25Z</time>
   </trkpt>
   <trkpt lat="44.1143800" lon="-73.8194900">
    <ele>800.6</ele>
    <time>2022-10-02T14:31:31Z</time>
   </trkpt>
   <trkpt lat="44.1144100" lon="-73.8195100">
    <ele>801.9</ele>
    <time>2022-10-02T14:31:54Z</time>
   </trkpt>
   <trkpt lat="44.1144300" lon="-73.8194900">
    <ele>802.8</ele>
    <time>2022-10-02T14:31:58Z</time>
   </trkpt>
   <trkpt lat="44.1144600" lon="-73.8195000">
    <ele>803.8</ele>
    <time>2022-10-02T14:32:05Z</time>
   </trkpt>
   <trkpt lat="44.1144900" lon="-73.8195200">
    <ele>804.8</ele>
    <time>2022-10-02T14:32:11Z</time>
   </trkpt>
   <trkpt lat="44.1145100" lon="-73.8195400">
    <ele>805.6</ele>
    <time>2022-10-02T14:32:23Z</time>
   </trkpt>
   <trkpt lat="44.1145400" lon="-73.8195400">
    <ele>806.4</ele>
    <time>2022-10-02T14:32:28Z</time>
   </trkpt>
   <trkpt lat="44.1145700" lon="-73.8195200">
    <ele>805.8</ele>
    <time>2022-10-02T14:32:32Z</time>
   </trkpt>
   <trkpt lat="44.1145800" lon="-73.8194800">
    <ele>805.3</ele>
    <time>2022-10-02T14:32:36Z</time>
   </trkpt>
   <trkpt lat="44.1145900" lon="-73.8194500">
    <ele>804.9</ele>
    <time>2022-10-02T14:32:42Z</time>
   </trkpt>
   <trkpt lat="44.1146200" lon="-73.8194200">
    <ele>804.3</ele>
    <time>2022-10-02T14:32:47Z</time>
   </trkpt>
   <trkpt lat="44.1146400" lon="-73.8193900">
    <ele>803.8</ele>
    <time>2022-10-02T14:32:53Z</time>
   </trkpt>
   <trkpt lat="44.1146600" lon="-73.8193600">
    <ele>803.2</ele>
    <time>2022-10-02T14:32:59Z</time>
   </trkpt>
   <trkpt lat="44.1146900" lon="-73.8193400">
    <ele>802.6</ele>
    <time>2022-10-02T14:33:03Z</time>
   </trkpt>
   <trkpt lat="44.1147200" lon="-73.8193100">
    <ele>801.8</ele>
    <time>2022-10-02T14:33:07Z</time>
   </trkpt>
   <trkpt lat="44.1147500" lon="-73.8192900">
    <ele>801.1</ele>
    <time>2022-10-02T14:33:11Z</time>
   </trkpt>
   <trkpt lat="44.1147800" lon="-73.8192700">
    <ele>800.5</ele>
    <time>2022-10-02T14:33:15Z</time>
   </trkpt>
   <trkpt lat="44.1148000" lon="-73.8192500">
    <ele>800.0</ele>
    <time>2022-10-02T14:33:18Z</time>
   </trkpt>
   <trkpt lat="44.1148200" lon="-73.8192200">
    <ele>799.4</ele>
    <time>2022-10-02T14:33:21Z</time>
   </trkpt>
   <trkpt lat="44.1148400" lon="-73.8192000">
    <ele>798.9</ele>
    <time>2022-10-02T14:33:25Z</time>
   </trkpt>
   <trkpt lat="44.1148500" lon="-73.8191500">
    <ele>798.2</ele>
    <time>2022-10-02T14:33:29Z</time>
   </trkpt>
   <trkpt lat="44.1148500" lon="-73.8191100">
    <ele>797.7</ele>
    <time>2022-10-02T14:33:33Z</time>
   </trkpt>
   <trkpt lat="44.1148500" lon="-73.8190600">
    <ele>797.2</ele>
    <time>2022-10-02T14:35:52Z</time>
   </trkpt>
   <trkpt lat="44.1148700" lon="-73.8190900">
    <ele>796.8</ele>
    <time>2022-10-02T14:36:38Z</time>
   </trkpt>
   <trkpt lat="44.1148500" lon="-73.8190500">
    <ele>796.3</ele>
    <time>2022-10-02T14:36:56Z</time>
   </trkpt>
   <trkpt lat="44.1148300" lon="-73.8190900">
    <ele>795.9</ele>
    <time>2022-10-02T14:37:43Z</time>
   </trkpt>
   <trkpt lat="44.1148400" lon="-73.8191300">
    <ele>795.6</ele>
    <time>2022-10-02T14:38:26Z</time>
   </trkpt>
   <trkpt lat="44.1148400" lon="-73.8191800">
    <ele>795.2</ele>
    <time>2022-10-02T14:38:30Z</time>
   </trkpt>
   <trkpt lat="44.1148300" lon="-73.8192100">
    <ele>795.5</ele>
    <time>2022-10-02T14:38:34Z</time>
   </trkpt>
   <trkpt lat="44.1148000" lon="-73.8192400">
    <ele>796.2</ele>
    <time>2022-10-02T14:38:37Z</time>
   </trkpt>
   <trkpt lat="44.1147800" lon="-73.8192700">
    <ele>796.8</ele>
    <time>2022-10-02T14:38:40Z</time>
   </trkpt>
   <trkpt lat="44.1147500" lon="-73.8192900">
    <ele>797.5</ele>
    <time>2022-10-02T14:38:43Z</time>
   </trkpt>
   <trkpt lat="44.1147300" lon="-73.8193200">
    <ele>798.3</ele>
    <time>2022-10-02T14:38:48Z</time>
   </trkpt>
   <trkpt lat="44.1147100" lon="-73.8193500">
    <ele>799.1</ele>
    <time>2022-10-02T14:38:52Z</time>
   </trkpt>
   <trkpt lat="44.1146900" lon="-73.8193600">
    <ele>799.8</ele>
    <time>2022-10-02T14:38:56Z</time>
   </trkpt>
   <trkpt lat="44.1146600" lon="-73.8193800">
    <ele>800.9</ele>
    <time>2022-10-02T14:39:00Z</time>
   </trkpt>
   <trkpt lat="44.1146400" lon="-73.8194100">
    <ele>801.8</ele>
    <time>2022-10-02T14:39:05Z</time>
   </trkpt>
   <trkpt lat="44.1146100" lon="-73.8194400">
    <ele>803.0</ele>
    <time>2022-10-02T14:39:09Z</time>
   </trkpt>
   <trkpt lat="44.1145900" lon="-73.8194700">
    <ele>803.9</ele>
    <time>2022-10-02T14:39:13Z</time>
   </trkpt>
   <trkpt lat="44.1145800" lon="-73.8195100">
    <ele>804.7</ele>
    <time>2022-10-02T14:39:17Z</time>
   </trkpt>
   <trkpt lat="44.1145600" lon="-73.8195500">
    <ele>805.6</ele>
    <time>2022-10-02T14:39:21Z</time>
   </trkpt>
   <trkpt lat="44.1145300" lon="-73.8195600">
    <ele>806.4</ele>
    <time>2022-10-02T14:39:25Z</time>
   </trkpt>
   <trkpt lat="44.1145000" lon="-73.8195800">
    <ele>807.1</ele>
    <time>2022-10-02T14:39:31Z</time>
   </trkpt>
   <trkpt lat="44.1144900" lon="-73.8196100">
    <ele>807.6</ele>
    <time>2022-10-02T14:39:38Z</time>
   </trkpt>
   <trkpt lat="44.1144800" lon="-73.8196500">
    <ele>808.1</ele>
    <time>2022-10-02T14:39:41Z</time>
   </trkpt>
   <trkpt lat="44.1144500" lon="-73.8196600">
    <ele>808.6</ele>
    <time>2022-10-02T14:39:46Z</time>
   </trkpt>
   <trkpt lat="44.1144200" lon="-73.8196600">
    <ele>809.0</ele>
    <time>2022-10-02T14:39:52Z</time>
   </trkpt>
   <trkpt lat="44.1144000" lon="-73.8196700">
    <ele>809.2</ele>
    <time>2022-10-02T14:39:57Z</time>
   </trkpt>
   <trkpt lat="44.1143800" lon="-73.8197100">
    <ele>809.4</ele>
    <time>2022-10-02T14:40:06Z</time>
   </trkpt>
   <trkpt lat="44.1143800" lon="-73.8197600">
    <ele>809.5</ele>
    <time>2022-10-02T14:40:10Z</time>
   </trkpt>
   <trkpt lat="44.1143700" lon="-73.8198000">
    <ele>809.4</ele>
    <time>2022-10-02T14:40:14Z</time>
   </trkpt>
   <trkpt lat="44.1143500" lon="-73.8198400">
    <ele>809.2</ele>
    <time>2022-10-02T14:40:18Z</time>
   </trkpt>
   <trkpt lat="44.1143200" lon="-73.8198600">
    <ele>809.0</ele>
    <time>2022-10-02T14:40:27Z</time>
   </trkpt>
   <trkpt lat="44.1142900" lon="-73.8198700">
    <ele>808.8</ele>
    <time>2022-10-02T14:40:31Z</time>
   </trkpt>
   <trkpt lat="44.1142600" lon="-73.8198800">
    <ele>808.6</ele>
    <time>2022-10-02T14:40:34Z</time>
   </trkpt>
   <trkpt lat="44.1142300" lon="-73.8199000">
    <ele>808.4</ele>
    <time>2022-10-02T14:40:38Z</time>
   </trkpt>
   <trkpt lat="44.1142000" lon="-73.8198900">
    <ele>808.1</ele>
    <time>2022-10-02T14:40:42Z</time>
   </trkpt>
   <trkpt lat="44.1141600" lon="-73.8198800">
    <ele>807.9</ele>
    <time>2022-10-02T14:40:46Z</time>
   </trkpt>
   <trkpt lat="44.1141300" lon="-73.8198900">
    <ele>807.7</ele>
    <time>2022-10-02T14:40:49Z</time>
   </trkpt>
   <trkpt lat="44.1141000" lon="-73.8199000">
    <ele>807.6</ele>
    <time>2022-10-02T14:40:53Z</time>
   </trkpt>
   <trkpt lat="44.1140800" lon="-73.8199300">
    <ele>807.5</ele>
    <time>2022-10-02T14:40:57Z</time>
   </trkpt>
   <trkpt lat="44.1140600" lon="-73.8199600">
    <ele>807.4</ele>
    <time>2022-10-02T14:41:01Z</time>
   </trkpt>
   <trkpt lat="44.1140500" lon="-73.8200000">
    <ele>807.4</ele>
    <time>2022-10-02T14:41:04Z</time>
   </trkpt>
   <trkpt lat="44.1140400" lon="-73.8200400">
    <ele>807.4</ele>
    <time>2022-10-02T14:41:08Z</time>
   </trkpt>
   <trkpt lat="44.1140400" lon="-73.8200800">
    <ele>807.6</ele>
    <time>2022-10-02T14:41:11Z</time>
   </trkpt>
   <trkpt lat="44.1140400" lon="-73.8201200">
    <ele>807.8</ele>
    <time>2022-10-02T14:41:13Z</time>
   </trkpt>
   <trkpt lat="44.1140300" lon="-73.8201600">
    <ele>808.1</ele>
    <time>2022-10-02T14:41:16Z</time>
   </trkpt>
   <trkpt lat="44.1140300" lon="-73.8202100">
    <ele>808.7</ele>
    <time>2022-10-02T14:41:20Z</time>
   </trkpt>
   <trkpt lat="44.1140200" lon="-73.8202400">
    <ele>809.0</ele>
    <time>2022-10-02T14:41:25Z</time>
   </trkpt>
   <trkpt lat="44.1140000" lon="-73.8202700">
    <ele>809.6</ele>
    <time>2022-10-02T14:41:30Z</time>
   </trkpt>
   <trkpt lat="44.1139900" lon="-73.8203100">
    <ele>810.1</ele>
    <time>2022-10-02T14:41:34Z</time>
   </trkpt>
   <trkpt lat="44.1139900" lon="-73.8203500">
    <ele>810.6</ele>
    <time>2022-10-02T14:41:39Z</time>
   </trkpt>
   <trkpt lat="44.1139900" lon="-73.8204000">
    <ele>811.1</ele>
    <time>2022-10-02T14:41:43Z</time>
   </trkpt>
   <trkpt lat="44.1139700" lon="-73.8204300">
    <ele>811.5</ele>
    <time>2022-10-02T14:41:48Z</time>
   </trkpt>
   <trkpt lat="44.1139500" lon="-73.8204500">
    <ele>811.9</ele>
    <time>2022-10-02T14:41:51Z</time>
   </trkpt>
   <trkpt lat="44.1139200" lon="-73.8204700">
    <ele>812.3</ele>
    <time>2022-10-02T14:41:55Z</time>
   </trkpt>
   <trkpt lat="44.1138900" lon="-73.8205000">
    <ele>812.8</ele>
    <time>2022-10-02T14:41:59Z</time>
   </trkpt>
   <trkpt lat="44.1138800" lon="-73.8205300">
    <ele>813.1</ele>
    <time>2022-10-02T14:42:02Z</time>
   </trkpt>
   <trkpt lat="44.1138600" lon="-73.8205600">
    <ele>813.5</ele>
    <time>2022-10-02T14:42:05Z</time>
   </trkpt>
   <trkpt lat="44.1138300" lon="-73.8205800">
    <ele>814.0</ele>
    <time>2022-10-02T14:42:09Z</time>
   </trkpt>
   <trkpt lat="44.1138100" lon="-73.8206100">
    <ele>814.3</ele>
    <time>2022-10-02T14:42:15Z</time>
   </trkpt>
   <trkpt lat="44.1137800" lon="-73.8206300">
    <ele>814.7</ele>
    <time>2022-10-02T14:42:19Z</time>
   </trkpt>
   <trkpt lat="44.1137500" lon="-73.8206500">
    <ele>815.0</ele>
    <time>2022-10-02T14:42:23Z</time>
   </trkpt>
   <trkpt lat="44.1137300" lon="-73.8206900">
    <ele>815.2</ele>
    <time>2022-10-02T14:42:26Z</time>
   </trkpt>
   <trkpt lat="44.1137200" lon="-73.8207300">
    <ele>815.4</ele>
    <time>2022-10-02T14:42:30Z</time>
   </trkpt>
   <trkpt lat="44.1137100" lon="-73.8207700">
    <ele>815.4</ele>
    <time>2022-10-02T14:42:34Z</time>
   </trkpt>
   <trkpt lat="44.1137200" lon="-73.8208100">
    <ele>815.5</ele>
    <time>2022-10-02T14:42:39Z</time>
   </trkpt>
   <trkpt lat="44.1137200" lon="-73.8208500">
    <ele>815.6</ele>
    <time>2022-10-02T14:42:44Z</time>
   </trkpt>
   <trkpt lat="44.1137100" lon="-73.8208900">
    <ele>815.7</ele>
    <time>2022-10-02T14:42:48Z</time>
   </trkpt>
   <trkpt lat="44.1137000" lon="-73.8209500">
    <ele>816.0</ele>
    <time>2022-10-02T14:42:52Z</time>
   </trkpt>
   <trkpt lat="44.1136900" lon="-73.8209900">
    <ele>816.3</ele>
    <time>2022-10-02T14:42:56Z</time>
   </trkpt>
   <trkpt lat="44.1136800" lon="-73.8210200">
    <ele>816.6</ele>
    <time>2022-10-02T14:43:00Z</time>
   </trkpt>
   <trkpt lat="44.1136600" lon="-73.8210500">
    <ele>817.0</ele>
    <time>2022-10-02T14:43:03Z</time>
   </trkpt>
   <trkpt lat="44.1136600" lon="-73.8211000">
    <ele>817.5</ele>
    <time>2022-10-02T14:43:09Z</time>
   </trkpt>
   <trkpt lat="44.1136800" lon="-73.8211400">
    <ele>818.0</ele>
    <time>2022-10-02T14:43:16Z</time>
   </trkpt>
   <trkpt lat="44.1136600" lon="-73.8211700">
    <ele>818.4</ele>
    <time>2022-10-02T14:43:22Z</time>
   </trkpt>
   <trkpt lat="44.1136400" lon="-73.8211900">
    <ele>818.7</ele>
    <time>2022-10-02T14:43:26Z</time>
   </trkpt>
   <trkpt lat="44.1136100" lon="-73.8212300">
    <ele>819.0</ele>
    <time>2022-10-02T14:43:30Z</time>
   </trkpt>
   <trkpt lat="44.1135800" lon="-73.8212500">
    <ele>819.3</ele>
    <time>2022-10-02T14:43:34Z</time>
   </trkpt>
   <trkpt lat="44.1135500" lon="-73.8212600">
    <ele>819.5</ele>
    <time>2022-10-02T14:43:39Z</time>
   </trkpt>
   <trkpt lat="44.1135200" lon="-73.8212800">
    <ele>819.6</ele>
    <time>2022-10-02T14:43:44Z</time>
   </trkpt>
   <trkpt lat="44.1134900" lon="-73.8213000">
    <ele>819.8</ele>
    <time>2022-10-02T14:43:48Z</time>
   </trkpt>
   <trkpt lat="44.1134600" lon="-73.8213100">
    <ele>819.9</ele>
    <time>2022-10-02T14:43:52Z</time>
   </trkpt>
   <trkpt lat="44.1134300" lon="-73.8213300">
    <ele>820.0</ele>
    <time>2022-10-02T14:43:56Z</time>
   </trkpt>
   <trkpt lat="44.1134000" lon="-73.8213600">
    <ele>820.1</ele>
    <time>2022-10-02T14:43:59Z</time>
   </trkpt>
   <trkpt lat="44.1133900" lon="-73.8213900">
    <ele>820.2</ele>
    <time>2022-10-02T14:44:01Z</time>
   </trkpt>
   <trkpt lat="44.1133800" lon="-73.8214300">
    <ele>820.3</ele>
    <time>2022-10-02T14:44:04Z</time>
   </trkpt>
   <trkpt lat="44.1133800" lon="-73.8214900">
    <ele>820.4</ele>
    <time>2022-10-02T14:44:09Z</time>
   </trkpt>
   <trkpt lat="44.1133900" lon="-73.8215300">
    <ele>820.5</ele>
    <time>2022-10-02T14:44:13Z</time>
   </trkpt>
   <trkpt lat="44.1133900" lon="-73.8215700">
    <ele>820.5</ele>
    <time>2022-10-02T14:44:17Z</time>
   </trkpt>
   <trkpt lat="44.1133600" lon="-73.8216200">
    <ele>820.6</ele>
    <time>2022-10-02T14:44:21Z</time>
   </trkpt>
   <trkpt lat="44.1133600" lon="-73.8216500">
    <ele>820.7</ele>
    <time>2022-10-02T14:44:37Z</time>
   </trkpt>
   <trkpt lat="44.1133300" lon="-73.8216600">
    <ele>820.8</ele>
    <time>2022-10-02T14:45:06Z</time>
   </trkpt>
   <trkpt lat="44.1133100" lon="-73.8216900">
    <ele>820.9</ele>
    <time>2022-10-02T14:45:09Z</time>
   </trkpt>
   <trkpt lat="44.1132800" lon="-73.8216900">
    <ele>821.0</ele>
    <time>2022-10-02T14:45:13Z</time>
   </trkpt>
   <trkpt lat="44.1132500" lon="-73.8216800">
    <ele>821.1</ele>
    <time>2022-10-02T14:45:17Z</time>
   </trkpt>
   <trkpt lat="44.1132100" lon="-73.8216800">
    <ele>821.2</ele>
    <time>2022-10-02T14:45:21Z</time>
   </trkpt>
   <trkpt lat="44.1131800" lon="-73.8216800">
    <ele>821.4</ele>
    <time>2022-10-02T14:45:24Z</time>
   </trkpt>
   <trkpt lat="44.1131600" lon="-73.8216800">
    <ele>821.4</ele>
    <time>2022-10-02T14:45:27Z</time>
   </trkpt>
   <trkpt lat="44.1131300" lon="-73.8216800">
    <ele>821.5</ele>
    <time>2022-10-02T14:45:30Z</time>
   </trkpt>
   <trkpt lat="44.1131000" lon="-73.8216800">
    <ele>821.6</ele>
    <time>2022-10-02T14:45:33Z</time>
   </trkpt>
   <trkpt lat="44.1130700" lon="-73.8216900">
    <ele>821.6</ele>
    <time>2022-10-02T14:45:37Z</time>
   </trkpt>
   <trkpt lat="44.1130400" lon="-73.8217000">
    <ele>821.6</ele>
    <time>2022-10-02T14:45:41Z</time>
   </trkpt>
   <trkpt lat="44.1130100" lon="-73.8217100">
    <ele>821.6</ele>
    <time>2022-10-02T14:45:44Z</time>
   </trkpt>
   <trkpt lat="44.1129900" lon="-73.8217400">
    <ele>821.5</ele>
    <time>2022-10-02T14:45:48Z</time>
   </trkpt>
   <trkpt lat="44.1129700" lon="-73.8217700">
    <ele>821.4</ele>
    <time>2022-10-02T14:45:54Z</time>
   </trkpt>
   <trkpt lat="44.1129600" lon="-73.8218100">
    <ele>821.2</ele>
    <time>2022-10-02T14:45:57Z</time>
   </trkpt>
   <trkpt lat="44.1129600" lon="-73.8218500">
    <ele>820.9</ele>
    <time>2022-10-02T14:46:02Z</time>
   </trkpt>
   <trkpt lat="44.1129600" lon="-73.8219000">
    <ele>820.6</ele>
    <time>2022-10-02T14:46:06Z</time>
   </trkpt>
   <trkpt lat="44.1129400" lon="-73.8219200">
    <ele>820.4</ele>
    <time>2022-10-02T14:46:09Z</time>
   </trkpt>
   <trkpt lat="44.1129100" lon="-73.8219400">
    <ele>820.0</ele>
    <time>2022-10-02T14:46:13Z</time>
   </trkpt>
   <trkpt lat="44.1128900" lon="-73.8219600">
    <ele>819.7</ele>
    <time>2022-10-02T14:46:16Z</time>
   </trkpt>
   <trkpt lat="44.1128700" lon="-73.8219900">
    <ele>819.4</ele>
    <time>2022-10-02T14:46:19Z</time>
   </trkpt>
   <trkpt lat="44.1128400" lon="-73.8220200">
    <ele>819.0</ele>
    <time>2022-10-02T14:46:23Z</time>
   </trkpt>
   <trkpt lat="44.1128200" lon="-73.8220400">
    <ele>818.6</ele>
    <time>2022-10-02T14:46:28Z</time>
   </trkpt>
   <trkpt lat="44.1127900" lon="-73.8220600">
    <ele>818.2</ele>
    <time>2022-10-02T14:46:32Z</time>
   </trkpt>
   <trkpt lat="44.1127600" lon="-73.8220800">
    <ele>817.7</ele>
    <time>2022-10-02T14:46:36Z</time>
   </trkpt>
   <trkpt lat="44.1127300" lon="-73.8221100">
    <ele>817.2</ele>
    <time>2022-10-02T14:46:40Z</time>
   </trkpt>
   <trkpt lat="44.1127100" lon="-73.8221400">
    <ele>816.7</ele>
    <time>2022-10-02T14:46:44Z</time>
   </trkpt>
   <trkpt lat="44.1126900" lon="-73.8221700">
    <ele>816.3</ele>
    <time>2022-10-02T14:46:48Z</time>
   </trkpt>
   <trkpt lat="44.1126700" lon="-73.8222100">
    <ele>815.6</ele>
    <time>2022-10-02T14:46:53Z</time>
   </trkpt>
   <trkpt lat="44.1126600" lon="-73.8222600">
    <ele>814.9</ele>
    <time>2022-10-02T14:46:58Z</time>
   </trkpt>
   <trkpt lat="44.1126400" lon="-73.8222900">
    <ele>814.2</ele>
    <time>2022-10-02T14:47:03Z</time>
   </trkpt>
   <trkpt lat="44.1126100" lon="-73.8223100">
    <ele>813.4</ele>
    <time>2022-10-02T14:47:08Z</time>
   </trkpt>
   <trkpt lat="44.1125900" lon="-73.8223200">
    <ele>812.9</ele>
    <time>2022-10-02T14:47:14Z</time>
   </trkpt>
   <trkpt lat="44.1125600" lon="-73.8223400">
    <ele>812.0</ele>
    <time>2022-10-02T14:47:21Z</time>
   </trkpt>
   <trkpt lat="44.1125700" lon="-73.8223800">
    <ele>811.2</ele>
    <time>2022-10-02T14:47:29Z</time>
   </trkpt>
   <trkpt lat="44.1125900" lon="-73.8224100">
    <ele>810.5</ele>
    <time>2022-10-02T14:47:34Z</time>
   </trkpt>
   <trkpt lat="44.1125800" lon="-73.8224600">
    <ele>809.6</ele>
    <time>2022-10-02T14:47:40Z</time>
   </trkpt>
   <trkpt lat="44.1125900" lon="-73.8225000">
    <ele>809.1</ele>
    <time>2022-10-02T14:47:44Z</time>
   </trkpt>
   <trkpt lat="44.1126000" lon="-73.8225500">
    <ele>808.6</ele>
    <time>2022-10-02T14:47:48Z</time>
   </trkpt>
   <trkpt lat="44.1125900" lon="-73.8225900">
    <ele>808.4</ele>
    <time>2022-10-02T14:47:51Z</time>
   </trkpt>
   <trkpt lat="44.1125900" lon="-73.8226300">
    <ele>808.3</ele>
    <time>2022-10-02T14:47:54Z</time>
   </trkpt>
   <trkpt lat="44.1125700" lon="-73.8226700">
    <ele>808.4</ele>
    <time>2022-10-02T14:47:58Z</time>
   </trkpt>
   <trkpt lat="44.1125800" lon="-73.8227200">
    <ele>808.6</ele>
    <time>2022-10-02T14:48:03Z</time>
   </trkpt>
   <trkpt lat="44.1125900" lon="-73.8227600">
    <ele>808.7</ele>
    <time>2022-10-02T14:48:08Z</time>
   </trkpt>
   <trkpt lat="44.1125800" lon="-73.8228000">
    <ele>808.8</ele>
    <time>2022-10-02T14:48:12Z</time>
   </trkpt>
   <trkpt lat="44.1125600" lon="-73.8228300">
    <ele>808.8</ele>
    <time>2022-10-02T14:48:15Z</time>
   </trkpt>
   <trkpt lat="44.1125500" lon="-73.8228700">
    <ele>808.7</ele>
    <time>2022-10-02T14:48:19Z</time>
   </trkpt>
   <trkpt lat="44.1125400" lon="-73.8229100">
    <ele>808.6</ele>
    <time>2022-10-02T14:48:24Z</time>
   </trkpt>
   <trkpt lat="44.1125200" lon="-73.8229400">
    <ele>808.4</ele>
    <time>2022-10-02T14:48:28Z</time>
   </trkpt>
   <trkpt lat="44.1124900" lon="-73.8229700">
    <ele>806.5</ele>
    <time>2022-10-02T14:48:32Z</time>
   </trkpt>
   <trkpt lat="44.1124800" lon="-73.8229400">
    <ele>805.3</ele>
    <time>2022-10-02T14:49:16Z</time>
   </trkpt>
   <trkpt lat="44.1124500" lon="-73.8229200">
    <ele>803.6</ele>
    <time>2022-10-02T14:49:22Z</time>
   </trkpt>
   <trkpt lat="44.1124200" lon="-73.8229100">
    <ele>801.9</ele>
    <time>2022-10-02T14:49:29Z</time>
   </trkpt>
   <trkpt lat="44.1124000" lon="-73.8228900">
    <ele>800.5</ele>
    <time>2022-10-02T14:49:35Z</time>
   </trkpt>
   <trkpt lat="44.1123700" lon="-73.8228700">
    <ele>798.7</ele>
    <time>2022-10-02T14:49:40Z</time>
   </trkpt>
   <trkpt lat="44.1123400" lon="-73.8228800">
    <ele>796.9</ele>
    <time>2022-10-02T14:49:44Z</time>
   </trkpt>
   <trkpt lat="44.1123200" lon="-73.8228600">
    <ele>795.5</ele>
    <time>2022-10-02T14:49:59Z</time>
   </trkpt>
   <trkpt lat="44.1123100" lon="-73.8228200">
    <ele>793.6</ele>
    <time>2022-10-02T14:50:11Z</time>
   </trkpt>
   <trkpt lat="44.1122800" lon="-73.8228000">
    <ele>791.7</ele>
    <time>2022-10-02T14:50:27Z</time>
   </trkpt>
   <trkpt lat="44.1122500" lon="-73.8228000">
    <ele>789.8</ele>
    <time>2022-10-02T14:50:35Z</time>
   </trkpt>
   <trkpt lat="44.1122300" lon="-73.8228100">
    <ele>788.5</ele>
    <time>2022-10-02T14:50:46Z</time>
   </trkpt>
   <trkpt lat="44.1122100" lon="-73.8227800">
    <ele>786.7</ele>
    <time>2022-10-02T14:51:00Z</time>
   </trkpt>
   <trkpt lat="44.1122000" lon="-73.8227400">
    <ele>784.8</ele>
    <time>2022-10-02T14:51:04Z</time>
   </trkpt>
   <trkpt lat="44.1121900" lon="-73.8227000">
    <ele>782.9</ele>
    <time>2022-10-02T14:51:13Z</time>
   </trkpt>
   <trkpt lat="44.1121700" lon="-73.8226800">
    <ele>781.5</ele>
    <time>2022-10-02T14:51:23Z</time>
   </trkpt>
   <trkpt lat="44.1121400" lon="-73.8226900">
    <ele>779.8</ele>
    <time>2022-10-02T14:51:32Z</time>
   </trkpt>
   <trkpt lat="44.1121200" lon="-73.8227100">
    <ele>778.4</ele>
    <time>2022-10-02T14:51:58Z</time>
   </trkpt>
   <trkpt lat="44.1121000" lon="-73.8227400">
    <ele>776.7</ele>
    <time>2022-10-02T14:52:02Z</time>
   </trkpt>
   <trkpt lat="44.1120700" lon="-73.8227300">
    <ele>775.1</ele>
    <time>2022-10-02T14:52:07Z</time>
   </trkpt>
   <trkpt lat="44.1120500" lon="-73.8227300">
    <ele>774.1</ele>
    <time>2022-10-02T14:52:32Z</time>
   </trkpt>
   <trkpt lat="44.1120200" lon="-73.8227500">
    <ele>772.4</ele>
    <time>2022-10-02T14:52:39Z</time>
   </trkpt>
   <trkpt lat="44.1120000" lon="-73.8227800">
    <ele>771.0</ele>
    <time>2022-10-02T14:52:45Z</time>
   </trkpt>
   <trkpt lat="44.1119700" lon="-73.8227900">
    <ele>769.4</ele>
    <time>2022-10-02T14:52:56Z</time>
   </trkpt>
   <trkpt lat="44.1119400" lon="-73.8227900">
    <ele>767.9</ele>
    <time>2022-10-02T14:53:02Z</time>
   </trkpt>
   <trkpt lat="44.1119100" lon="-73.8228100">
    <ele>766.3</ele>
    <time>2022-10-02T14:53:08Z</time>
   </trkpt>
   <trkpt lat="44.1118900" lon="-73.8227900">
    <ele>765.1</ele>
    <time>2022-10-02T14:53:17Z</time>
   </trkpt>
   <trkpt lat="44.1118600" lon="-73.8227900">
    <ele>763.8</ele>
    <time>2022-10-02T14:53:23Z</time>
   </trkpt>
   <trkpt lat="44.1118300" lon="-73.8227900">
    <ele>762.5</ele>
    <time>2022-10-02T14:53:27Z</time>
   </trkpt>
   <trkpt lat="44.1118000" lon="-73.8228000">
    <ele>761.3</ele>
    <time>2022-10-02T14:53:31Z</time>
   </trkpt>
   <trkpt lat="44.1117800" lon="-73.8228300">
    <ele>760.3</ele>
    <time>2022-10-02T14:53:34Z</time>
   </trkpt>
   <trkpt lat="44.1117600" lon="-73.8228600">
    <ele>759.3</ele>
    <time>2022-10-02T14:53:38Z</time>
   </trkpt>
   <trkpt lat="44.1117800" lon="-73.8228300">
    <ele>758.4</ele>
    <time>2022-10-02T14:54:09Z</time>
   </trkpt>
   <trkpt lat="44.1117800" lon="-73.8227800">
    <ele>757.5</ele>
    <time>2022-10-02T14:54:26Z</time>
   </trkpt>
   <trkpt lat="44.1117500" lon="-73.8227800">
    <ele>756.9</ele>
    <time>2022-10-02T14:54:37Z</time>
   </trkpt>
   <trkpt lat="44.1117300" lon="-73.8228100">
    <ele>756.3</ele>
    <time>2022-10-02T14:55:08Z</time>
   </trkpt>
   <trkpt lat="44.1117100" lon="-73.8228400">
    <ele>755.9</ele>
    <time>2022-10-02T14:55:13Z</time>
   </trkpt>
   <trkpt lat="44.1116700" lon="-73.8228400">
    <ele>755.3</ele>
    <time>2022-10-02T14:55:17Z</time>
   </trkpt>
   <trkpt lat="44.1116400" lon="-73.8228300">
    <ele>755.0</ele>
    <time>2022-10-02T14:55:20Z</time>
   </trkpt>
   <trkpt lat="44.1116200" lon="-73.8228200">
    <ele>754.8</ele>
    <time>2022-10-02T14:55:26Z</time>
   </trkpt>
   <trkpt lat="44.1115900" lon="-73.8228000">
    <ele>754.6</ele>
    <time>2022-10-02T14:55:35Z</time>
   </trkpt>
   <trkpt lat="44.1115800" lon="-73.8227700">
    <ele>754.4</ele>
    <time>2022-10-02T14:55:49Z</time>
   </trkpt>
   <trkpt lat="44.1115500" lon="-73.8228000">
    <ele>754.4</ele>
    <time>2022-10-02T14:55:57Z</time>
   </trkpt>
   <trkpt lat="44.1115300" lon="-73.8228300">
    <ele>754.4</ele>
    <time>2022-10-02T14:56:03Z</time>
   </trkpt>
   <trkpt lat="44.1115000" lon="-73.8228400">
    <ele>754.5</ele>
    <time>2022-10-02T14:56:06Z</time>
   </trkpt>
   <trkpt lat="44.1114700" lon="-73.8228400">
    <ele>754.6</ele>
    <time>2022-10-02T14:56:12Z</time>
   </trkpt>
   <trkpt lat="44.1114300" lon="-73.8228400">
    <ele>754.8</ele>
    <time>2022-10-02T14:56:17Z</time>
   </trkpt>
   <trkpt lat="44.1114000" lon="-73.8228400">
    <ele>754.9</ele>
    <time>2022-10-02T14:56:20Z</time>
   </trkpt>
   <trkpt lat="44.1113800" lon="-73.8228400">
    <ele>755.0</ele>
    <time>2022-10-02T14:56:23Z</time>
   </trkpt>
   <trkpt lat="44.1113500" lon="-73.8228300">
    <ele>755.1</ele>
    <time>2022-10-02T14:56:27Z</time>
   </trkpt>
   <trkpt lat="44.1113200" lon="-73.8228300">
    <ele>755.2</ele>
    <time>2022-10-02T14:56:31Z</time>
   </trkpt>
   <trkpt lat="44.1113000" lon="-73.8228600">
    <ele>755.3</ele>
    <time>2022-10-02T14:56:35Z</time>
   </trkpt>
   <trkpt lat="44.1112800" lon="-73.8229000">
    <ele>755.4</ele>
    <time>2022-10-02T14:56:41Z</time>
   </trkpt>
   <trkpt lat="44.1112500" lon="-73.8229200">
    <ele>755.4</ele>
    <time>2022-10-02T14:56:45Z</time>
   </trkpt>
   <trkpt lat="44.1112200" lon="-73.8229200">
    <ele>755.4</ele>
    <time>2022-10-02T14:56:48Z</time>
   </trkpt>
   <trkpt lat="44.1111900" lon="-73.8229400">
    <ele>755.4</ele>
    <time>2022-10-02T14:56:52Z</time>
   </trkpt>
   <trkpt lat="44.1111600" lon="-73.8229600">
    <ele>755.3</ele>
    <time>2022-10-02T14:56:57Z</time>
   </trkpt>
   <trkpt lat="44.1111400" lon="-73.8229800">
    <ele>755.2</ele>
    <time>2022-10-02T14:57:02Z</time>
   </trkpt>
   <trkpt lat="44.1111100" lon="-73.8230200">
    <ele>755.0</ele>
    <time>2022-10-02T14:57:06Z</time>
   </trkpt>
   <trkpt lat="44.1110900" lon="-73.8230500">
    <ele>754.8</ele>
    <time>2022-10-02T14:57:09Z</time>
   </trkpt>
   <trkpt lat="44.1110700" lon="-73.8230800">
    <ele>754.6</ele>
    <time>2022-10-02T14:57:12Z</time>
   </trkpt>
   <trkpt lat="44.1110600" lon="-73.8231200">
    <ele>754.4</ele>
    <time>2022-10-02T14:57:17Z</time>
   </trkpt>
   <trkpt lat="44.1110500" lon="-73.8231600">
    <ele>754.2</ele>
    <time>2022-10-02T14:57:20Z</time>
   </trkpt>
   <trkpt lat="44.1110300" lon="-73.8231900">
    <ele>754.1</ele>
    <time>2022-10-02T14:57:23Z</time>
   </trkpt>
   <trkpt lat="44.1110000" lon="-73.8232300">
    <ele>753.9</ele>
    <time>2022-10-02T14:57:27Z</time>
   </trkpt>
   <trkpt lat="44.1109700" lon="-73.8232500">
    <ele>753.9</ele>
    <time>2022-10-02T14:57:30Z</time>
   </trkpt>
   <trkpt lat="44.1109400" lon="-73.8232900">
    <ele>753.9</ele>
    <time>2022-10-02T14:57:35Z</time>
   </trkpt>
   <trkpt lat="44.1109200" lon="-73.8233200">
    <ele>753.9</ele>
    <time>2022-10-02T14:57:39Z</time>
   </trkpt>
   <trkpt lat="44.1108900" lon="-73.8233300">
    <ele>754.0</ele>
    <time>2022-10-02T14:57:42Z</time>
   </trkpt>
   <trkpt lat="44.1108600" lon="-73.8233600">
    <ele>754.2</ele>
    <time>2022-10-02T14:57:47Z</time>
   </trkpt>
   <trkpt lat="44.1108400" lon="-73.8233800">
    <ele>754.3</ele>
    <time>2022-10-02T14:57:52Z</time>
   </trkpt>
   <trkpt lat="44.1108100" lon="-73.8234000">
    <ele>754.4</ele>
    <time>2022-10-02T14:57:56Z</time>
   </trkpt>
   <trkpt lat="44.1107800" lon="-73.8234200">
    <ele>754.6</ele>
    <time>2022-10-02T14:58:00Z</time>
   </trkpt>
   <trkpt lat="44.1107600" lon="-73.8234500">
    <ele>754.7</ele>
    <time>2022-10-02T14:58:04Z</time>
   </trkpt>
   <trkpt lat="44.1107300" lon="-73.8234800">
    <ele>754.8</ele>
    <time>2022-10-02T14:58:08Z</time>
   </trkpt>
   <trkpt lat="44.1107000" lon="-73.8234900">
    <ele>754.8</ele>
    <time>2022-10-02T14:58:11Z</time>
   </trkpt>
   <trkpt lat="44.1106700" lon="-73.8235100">
    <ele>754.9</ele>
    <time>2022-10-02T14:58:14Z</time>
   </trkpt>
   <trkpt lat="44.1106400" lon="-73.8235400">
    <ele>754.9</ele>
    <time>2022-10-02T14:58:18Z</time>
   </trkpt>
   <trkpt lat="44.1106200" lon="-73.8235700">
    <ele>754.9</ele>
    <time>2022-10-02T14:58:22Z</time>
   </trkpt>
   <trkpt lat="44.1106000" lon="-73.8236000">
    <ele>754.9</ele>
    <time>2022-10-02T14:58:27Z</time>
   </trkpt>
   <trkpt lat="44.1105800" lon="-73.8236300">
    <ele>755.0</ele>
    <time>2022-10-02T14:58:30Z</time>
   </trkpt>
   <trkpt lat="44.1105600" lon="-73.8236600">
    <ele>755.0</ele>
    <time>2022-10-02T14:58:34Z</time>
   </trkpt>
   <trkpt lat="44.1105400" lon="-73.8236900">
    <ele>755.1</ele>
    <time>2022-10-02T14:58:39Z</time>
   </trkpt>
   <trkpt lat="44.1105200" lon="-73.8237200">
    <ele>755.2</ele>
    <time>2022-10-02T14:58:44Z</time>
   </trkpt>
   <trkpt lat="44.1104900" lon="-73.8237500">
    <ele>755.4</ele>
    <time>2022-10-02T14:58:49Z</time>
   </trkpt>
   <trkpt lat="44.1104600" lon="-73.8237600">
    <ele>755.6</ele>
    <time>2022-10-02T14:58:58Z</time>
   </trkpt>
   <trkpt lat="44.1104400" lon="-73.8238000">
    <ele>755.8</ele>
    <time>2022-10-02T14:59:10Z</time>
   </trkpt>
   <trkpt lat="44.1104200" lon="-73.8238300">
    <ele>756.0</ele>
    <time>2022-10-02T14:59:15Z</time>
   </trkpt>
   <trkpt lat="44.1104000" lon="-73.8238600">
    <ele>756.1</ele>
    <time>2022-10-02T14:59:18Z</time>
   </trkpt>
   <trkpt lat="44.1103900" lon="-73.8238900">
    <ele>756.3</ele>
    <time>2022-10-02T14:59:21Z</time>
   </trkpt>
   <trkpt lat="44.1103700" lon="-73.8239200">
    <ele>756.4</ele>
    <time>2022-10-02T14:59:25Z</time>
   </trkpt>
   <trkpt lat="44.1103500" lon="-73.8239500">
    <ele>756.4</ele>
    <time>2022-10-02T14:59:30Z</time>
   </trkpt>
   <trkpt lat="44.1103200" lon="-73.8239800">
    <ele>756.5</ele>
    <time>2022-10-02T14:59:34Z</time>
   </trkpt>
   <trkpt lat="44.1103000" lon="-73.8240000">
    <ele>756.5</ele>
    <time>2022-10-02T14:59:37Z</time>
   </trkpt>
   <trkpt lat="44.1102700" lon="-73.8240300">
    <ele>756.4</ele>
    <time>2022-10-02T14:59:40Z</time>
   </trkpt>
   <trkpt lat="44.1102500" lon="-73.8240500">
    <ele>756.3</ele>
    <time>2022-10-02T14:59:43Z</time>
   </trkpt>
   <trkpt lat="44.1102200" lon="-73.8240600">
    <ele>756.1</ele>
    <time>2022-10-02T14:59:46Z</time>
   </trkpt>
   <trkpt lat="44.1101900" lon="-73.8240700">
    <ele>755.8</ele>
    <time>2022-10-02T14:59:50Z</time>
   </trkpt>
   <trkpt lat="44.1101600" lon="-73.8240800">
    <ele>755.5</ele>
    <time>2022-10-02T14:59:55Z</time>
   </trkpt>
   <trkpt lat="44.1101200" lon="-73.8241000">
    <ele>754.9</ele>
    <time>2022-10-02T14:59:59Z</time>
   </trkpt>
   <trkpt lat="44.1101000" lon="-73.8241000">
    <ele>754.6</ele>
    <time>2022-10-02T15:00:06Z</time>
   </trkpt>
   <trkpt lat="44.1100700" lon="-73.8240900">
    <ele>754.1</ele>
    <time>2022-10-02T15:00:44Z</time>
   </trkpt>
   <trkpt lat="44.1100600" lon="-73.8241200">
    <ele>753.7</ele>
    <time>2022-10-02T15:01:05Z</time>
   </trkpt>
   <trkpt lat="44.1100800" lon="-73.8240900">
    <ele>752.5</ele>
    <time>2022-10-02T15:01:53Z</time>
   </trkpt>
   <trkpt lat="44.1100800" lon="-73.8241300">
    <ele>751.5</ele>
    <time>2022-10-02T15:02:29Z</time>
   </trkpt>
   <trkpt lat="44.1100800" lon="-73.8241700">
    <ele>750.5</ele>
    <time>2022-10-02T15:03:17Z</time>
   </trkpt>
   <trkpt lat="44.1100700" lon="-73.8241400">
    <ele>749.8</ele>
    <time>2022-10-02T15:03:36Z</time>
   </trkpt>
   <trkpt lat="44.1100700" lon="-73.8241800">
    <ele>748.8</ele>
    <time>2022-10-02T15:03:54Z</time>
   </trkpt>
   <trkpt lat="44.1100800" lon="-73.8242200">
    <ele>747.8</ele>
    <time>2022-10-02T15:04:10Z</time>
   </trkpt>
   <trkpt lat="44.1100700" lon="-73.8242600">
    <ele>746.8</ele>
    <time>2022-10-02T15:04:18Z</time>
   </trkpt>
   <trkpt lat="44.1100600" lon="-73.8243000">
    <ele>745.8</ele>
    <time>2022-10-02T15:04:23Z</time>
   </trkpt>
   <trkpt lat="44.1100400" lon="-73.8243300">
    <ele>744.8</ele>
    <time>2022-10-02T15:04:27Z</time>
   </trkpt>
   <trkpt lat="44.1100200" lon="-73.8243700">
    <ele>743.6</ele>
    <time>2022-10-02T15:04:30Z</time>
   </trkpt>
   <trkpt lat="44.1100500" lon="-73.8243800">
    <ele>742.6</ele>
    <time>2022-10-02T15:06:20Z</time>
   </trkpt>
   <trkpt lat="44.1100400" lon="-73.8243400">
    <ele>741.6</ele>
    <time>2022-10-02T15:07:33Z</time>
   </trkpt>
   <trkpt lat="44.1100400" lon="-73.8243000">
    <ele>740.6</ele>
    <time>2022-10-02T15:07:51Z</time>
   </trkpt>
   <trkpt lat="44.1100400" lon="-73.8242700">
    <ele>739.9</ele>
    <time>2022-10-02T15:10:01Z</time>
   </trkpt>
   <trkpt lat="44.1100500" lon="-73.8243000">
    <ele>739.1</ele>
    <time>2022-10-02T15:10:28Z</time>
   </trkpt>
   <trkpt lat="44.1100200" lon="-73.8243000">
    <ele>738.1</ele>
    <time>2022-10-02T15:13:17Z</time>
   </trkpt>
   <trkpt lat="44.1100300" lon="-73.8243400">
    <ele>737.1</ele>
    <time>2022-10-02T15:13:49Z</time>
   </trkpt>
   <trkpt lat="44.1100300" lon="-73.8243700">
    <ele>736.4</ele>
    <time>2022-10-02T15:15:33Z</time>
   </trkpt>
   <trkpt lat="44.1100400" lon="-73.8244100">
    <ele>735.4</ele>
    <time>2022-10-02T15:15:38Z</time>
   </trkpt>
   <trkpt lat="44.1100500" lon="-73.8243700">
    <ele>734.4</ele>
    <time>2022-10-02T15:16:00Z</time>
   </trkpt>
   <trkpt lat="44.1100500" lon="-73.8243300">
    <ele>733.5</ele>
    <time>2022-10-02T15:16:09Z</time>
   </trkpt>
   <trkpt lat="44.1100500" lon="-73.8243700">
    <ele>732.6</ele>
    <time>2022-10-02T15:17:16Z</time>
   </trkpt>
   <trkpt lat="44.1100300" lon="-73.8243900">
    <ele>731.9</ele>
    <time>2022-10-02T15:18:27Z</time>
   </trkpt>
   <trkpt lat="44.1100500" lon="-73.8243600">
    <ele>731.0</ele>
    <time>2022-10-02T15:18:37Z</time>
   </trkpt>
   <trkpt lat="44.1100400" lon="-73.8243200">
    <ele>730.0</ele>
    <time>2022-10-02T15:19:00Z</time>
   </trkpt>
   <trkpt lat="44.1100400" lon="-73.8243600">
    <ele>729.2</ele>
    <time>2022-10-02T15:19:31Z</time>
   </trkpt>
   <trkpt lat="44.1100100" lon="-73.8243300">
    <ele>728.0</ele>
    <time>2022-10-02T15:19:52Z</time>
   </trkpt>
   <trkpt lat="44.1100100" lon="-73.8243700">
    <ele>727.2</ele>
    <time>2022-10-02T15:22:27Z</time>
   </trkpt>
   <trkpt lat="44.1100300" lon="-73.8243500">
    <ele>726.4</ele>
    <time>2022-10-02T15:23:18Z</time>
   </trkpt>
   <trkpt lat="44.1100400" lon="-73.8244000">
    <ele>725.3</ele>
    <time>2022-10-02T15:23:24Z</time>
   </trkpt>
   <trkpt lat="44.1100200" lon="-73.8244300">
    <ele>723.4</ele>
    <time>2022-10-02T15:26:15Z</time>
   </trkpt>
   <trkpt lat="44.1100200" lon="-73.8243900">
    <ele>727.9</ele>
    <time>2022-10-02T15:26:26Z</time>
   </trkpt>
   <trkpt lat="44.1100300" lon="-73.8243500">
    <ele>732.6</ele>
    <time>2022-10-02T15:26:32Z</time>
   </trkpt>
   <trkpt lat="44.1100500" lon="-73.8243100">
    <ele>738.4</ele>
    <time>2022-10-02T15:26:42Z</time>
   </trkpt>
   <trkpt lat="44.1100600" lon="-73.8242700">
    <ele>743.6</ele>
    <time>2022-10-02T15:26:47Z</time>
   </trkpt>
   <trkpt lat="44.1100500" lon="-73.8242300">
    <ele>748.8</ele>
    <time>2022-10-02T15:26:52Z</time>
   </trkpt>
   <trkpt lat="44.1100500" lon="-73.8241900">
    <ele>753.7</ele>
    <time>2022-10-02T15:26:58Z</time>
   </trkpt>
   <trkpt lat="44.1100700" lon="-73.8241700">
    <ele>754.0</ele>
    <time>2022-10-02T15:27:03Z</time>
   </trkpt>
   <trkpt lat="44.1101000" lon="-73.8241800">
    <ele>754.5</ele>
    <time>2022-10-02T15:27:19Z</time>
   </trkpt>
   <trkpt lat="44.1101200" lon="-73.8241900">
    <ele>754.7</ele>
    <time>2022-10-02T15:28:20Z</time>
   </trkpt>
   <trkpt lat="44.1100900" lon="-73.8241900">
    <ele>755.1</ele>
    <time>2022-10-02T15:30:55Z</time>
   </trkpt>
   <trkpt lat="44.1101200" lon="-73.8241700">
    <ele>755.4</ele>
    <time>2022-10-02T15:31:19Z</time>
   </trkpt>
   <trkpt lat="44.1101500" lon="-73.8241400">
    <ele>755.7</ele>
    <time>2022-10-02T15:41:57Z</time>
   </trkpt>
   <trkpt lat="44.1101600" lon="-73.8240900">
    <ele>756.0</ele>
    <time>2022-10-02T15:42:06Z</time>
   </trkpt>
   <trkpt lat="44.1101500" lon="-73.8241400">
    <ele>756.2</ele>
    <time>2022-10-02T15:42:24Z</time>
   </trkpt>
   <trkpt lat="44.1101200" lon="-73.8241400">
    <ele>756.3</ele>
    <time>2022-10-02T15:43:07Z</time>
   </trkpt>
   <trkpt lat="44.1101000" lon="-73.8241600">
    <ele>756.4</ele>
    <time>2022-10-02T15:43:46Z</time>
   </trkpt>
   <trkpt lat="44.1101200" lon="-73.8241900">
    <ele>756.4</ele>
    <time>2022-10-02T15:44:11Z</time>
   </trkpt>
   <trkpt lat="44.1101000" lon="-73.8241700">
    <ele>756.5</ele>
    <time>2022-10-02T15:45:15Z</time>
   </trkpt>
   <trkpt lat="44.1101200" lon="-73.8241400">
    <ele>756.5</ele>
    <time>2022-10-02T15:45:53Z</time>
   </trkpt>
   <trkpt lat="44.1101400" lon="-73.8241600">
    <ele>756.5</ele>
    <time>2022-10-02T15:47:01Z</time>
   </trkpt>
   <trkpt lat="44.1101700" lon="-73.8241500">
    <ele>756.4</ele>
    <time>2022-10-02T15:47:08Z</time>
   </trkpt>
   <trkpt lat="44.1101900" lon="-73.8241300">
    <ele>756.3</ele>
    <time>2022-10-02T15:47:13Z</time>
   </trkpt>
   <trkpt lat="44.1102200" lon="-73.8241000">
    <ele>756.2</ele>
    <time>2022-10-02T15:47:17Z</time>
   </trkpt>
   <trkpt lat="44.1102400" lon="-73.8240800">
    <ele>756.1</ele>
    <time>2022-10-02T15:47:21Z</time>
   </trkpt>
   <trkpt lat="44.1102600" lon="-73.8240400">
    <ele>756.0</ele>
    <time>2022-10-02T15:47:25Z</time>
   </trkpt>
   <trkpt lat="44.1102800" lon="-73.8240200">
    <ele>755.8</ele>
    <time>2022-10-02T15:47:30Z</time>
   </trkpt>
   <trkpt lat="44.1103100" lon="-73.8239900">
    <ele>755.7</ele>
    <time>2022-10-02T15:47:37Z</time>
   </trkpt>
   <trkpt lat="44.1103200" lon="-73.8239700">
    <ele>755.6</ele>
    <time>2022-10-02T15:47:41Z</time>
   </trkpt>
   <trkpt lat="44.1103400" lon="-73.8239300">
    <ele>755.4</ele>
    <time>2022-10-02T15:47:46Z</time>
   </trkpt>
   <trkpt lat="44.1103500" lon="-73.8238900">
    <ele>755.3</ele>
    <time>2022-10-02T15:47:50Z</time>
   </trkpt>
   <trkpt lat="44.1103700" lon="-73.8238600">
    <ele>755.2</ele>
    <time>2022-10-02T15:47:57Z</time>
   </trkpt>
   <trkpt lat="44.1103700" lon="-73.8238200">
    <ele>755.1</ele>
    <time>2022-10-02T15:48:02Z</time>
   </trkpt>
   <trkpt lat="44.1104000" lon="-73.8237900">
    <ele>755.0</ele>
    <time>2022-10-02T15:48:09Z</time>
   </trkpt>
   <trkpt lat="44.1104200" lon="-73.8237600">
    <ele>755.0</ele>
    <time>2022-10-02T15:48:14Z</time>
   </trkpt>
   <trkpt lat="44.1104400" lon="-73.8237300">
    <ele>754.9</ele>
    <time>2022-10-02T15:48:17Z</time>
   </trkpt>
   <trkpt lat="44.1104600" lon="-73.8237000">
    <ele>754.9</ele>
    <time>2022-10-02T15:48:21Z</time>
   </trkpt>
   <trkpt lat="44.1104800" lon="-73.8236700">
    <ele>754.9</ele>
    <time>2022-10-02T15:48:26Z</time>
   </trkpt>
   <trkpt lat="44.1105100" lon="-73.8236400">
    <ele>754.9</ele>
    <time>2022-10-02T15:48:29Z</time>
   </trkpt>
   <trkpt lat="44.1105300" lon="-73.8236100">
    <ele>754.9</ele>
    <time>2022-10-02T15:48:34Z</time>
   </trkpt>
   <trkpt lat="44.1105500" lon="-73.8235900">
    <ele>754.9</ele>
    <time>2022-10-02T15:48:46Z</time>
   </trkpt>
   <trkpt lat="44.1105600" lon="-73.8235500">
    <ele>754.8</ele>
    <time>2022-10-02T15:48:53Z</time>
   </trkpt>
   <trkpt lat="44.1105900" lon="-73.8235300">
    <ele>754.8</ele>
    <time>2022-10-02T15:48:55Z</time>
   </trkpt>
   <trkpt lat="44.1106200" lon="-73.8235100">
    <ele>754.7</ele>
    <time>2022-10-02T15:48:57Z</time>
   </trkpt>
   <trkpt lat="44.1106500" lon="-73.8234800">
    <ele>754.6</ele>
    <time>2022-10-02T15:48:59Z</time>
   </trkpt>
   <trkpt lat="44.1106800" lon="-73.8234600">
    <ele>754.5</ele>
    <time>2022-10-02T15:49:01Z</time>
   </trkpt>
   <trkpt lat="44.1107000" lon="-73.8234200">
    <ele>754.4</ele>
    <time>2022-10-02T15:49:04Z</time>
   </trkpt>
   <trkpt lat="44.1107200" lon="-73.8233800">
    <ele>754.2</ele>
    <time>2022-10-02T15:49:07Z</time>
   </trkpt>
   <trkpt lat="44.1107400" lon="-73.8233500">
    <ele>754.1</ele>
    <time>2022-10-02T15:49:12Z</time>
   </trkpt>
   <trkpt lat="44.1107800" lon="-73.8233400">
    <ele>754.0</ele>
    <time>2022-10-02T15:49:15Z</time>
   </trkpt>
   <trkpt lat="44.1108100" lon="-73.8233300">
    <ele>753.9</ele>
    <time>2022-10-02T15:49:17Z</time>
   </trkpt>
   <trkpt lat="44.1108300" lon="-73.8233000">
    <ele>753.9</ele>
    <time>2022-10-02T15:49:22Z</time>
   </trkpt>
   <trkpt lat="44.1108600" lon="-73.8232700">
    <ele>753.9</ele>
    <time>2022-10-02T15:49:25Z</time>
   </trkpt>
   <trkpt lat="44.1108700" lon="-73.8232400">
    <ele>753.9</ele>
    <time>2022-10-02T15:49:29Z</time>
   </trkpt>
   <trkpt lat="44.1109000" lon="-73.8232200">
    <ele>753.9</ele>
    <time>2022-10-02T15:49:33Z</time>
   </trkpt>
   <trkpt lat="44.1109300" lon="-73.8232100">
    <ele>754.0</ele>
    <time>2022-10-02T15:49:35Z</time>
   </trkpt>
   <trkpt lat="44.1109400" lon="-73.8231700">
    <ele>754.1</ele>
    <time>2022-10-02T15:49:38Z</time>
   </trkpt>
   <trkpt lat="44.1109600" lon="-73.8231400">
    <ele>754.2</ele>
    <time>2022-10-02T15:49:42Z</time>
   </trkpt>
   <trkpt lat="44.1109900" lon="-73.8231100">
    <ele>754.4</ele>
    <time>2022-10-02T15:49:45Z</time>
   </trkpt>
   <trkpt lat="44.1110100" lon="-73.8230800">
    <ele>754.5</ele>
    <time>2022-10-02T15:49:49Z</time>
   </trkpt>
   <trkpt lat="44.1110200" lon="-73.8230400">
    <ele>754.7</ele>
    <time>2022-10-02T15:49:52Z</time>
   </trkpt>
   <trkpt lat="44.1110500" lon="-73.8230000">
    <ele>754.9</ele>
    <time>2022-10-02T15:49:55Z</time>
   </trkpt>
   <trkpt lat="44.1110600" lon="-73.8229700">
    <ele>755.0</ele>
    <time>2022-10-02T15:49:58Z</time>
   </trkpt>
   <trkpt lat="44.1110700" lon="-73.8229200">
    <ele>755.1</ele>
    <time>2022-10-02T15:50:01Z</time>
   </trkpt>
   <trkpt lat="44.1110800" lon="-73.8228900">
    <ele>755.2</ele>
    <time>2022-10-02T15:50:04Z</time>
   </trkpt>
   <trkpt lat="44.1111100" lon="-73.8228600">
    <ele>755.3</ele>
    <time>2022-10-02T15:50:07Z</time>
   </trkpt>
   <trkpt lat="44.1111300" lon="-73.8228500">
    <ele>755.3</ele>
    <time>2022-10-02T15:50:11Z</time>
   </trkpt>
   <trkpt lat="44.1111700" lon="-73.8228600">
    <ele>755.4</ele>
    <time>2022-10-02T15:50:14Z</time>
   </trkpt>
   <trkpt lat="44.1111900" lon="-73.8228500">
    <ele>755.4</ele>
    <time>2022-10-02T15:50:17Z</time>
   </trkpt>
   <trkpt lat="44.1112200" lon="-73.8228200">
    <ele>755.4</ele>
    <time>2022-10-02T15:50:20Z</time>
   </trkpt>
   <trkpt lat="44.1112200" lon="-73.8227800">
    <ele>755.4</ele>
    <time>2022-10-02T15:50:25Z</time>
   </trkpt>
   <trkpt lat="44.1112500" lon="-73.8227600">
    <ele>755.3</ele>
    <time>2022-10-02T15:50:29Z</time>
   </trkpt>
   <trkpt lat="44.1112900" lon="-73.8227500">
    <ele>755.2</ele>
    <time>2022-10-02T15:50:32Z</time>
   </trkpt>
   <trkpt lat="44.1113100" lon="-73.8227600">
    <ele>755.2</ele>
    <time>2022-10-02T15:50:34Z</time>
   </trkpt>
   <trkpt lat="44.1113400" lon="-73.8227600">
    <ele>755.1</ele>
    <time>2022-10-02T15:50:35Z</time>
   </trkpt>
   <trkpt lat="44.1113800" lon="-73.8227600">
    <ele>755.0</ele>
    <time>2022-10-02T15:50:37Z</time>
   </trkpt>
   <trkpt lat="44.1114200" lon="-73.8227700">
    <ele>754.8</ele>
    <time>2022-10-02T15:50:39Z</time>
   </trkpt>
   <trkpt lat="44.1114500" lon="-73.8227700">
    <ele>754.7</ele>
    <time>2022-10-02T15:50:42Z</time>
   </trkpt>
   <trkpt lat="44.1114800" lon="-73.8227800">
    <ele>754.6</ele>
    <time>2022-10-02T15:50:46Z</time>
   </trkpt>
   <trkpt lat="44.1115100" lon="-73.8227600">
    <ele>754.5</ele>
    <time>2022-10-02T15:50:53Z</time>
   </trkpt>
   <trkpt lat="44.1115100" lon="-73.8227200">
    <ele>754.4</ele>
    <time>2022-10-02T15:50:57Z</time>
   </trkpt>
   <trkpt lat="44.1115300" lon="-73.8226900">
    <ele>754.4</ele>
    <time>2022-10-02T15:51:03Z</time>
   </trkpt>
   <trkpt lat="44.1115600" lon="-73.8226800">
    <ele>754.4</ele>
    <time>2022-10-02T15:51:06Z</time>
   </trkpt>
   <trkpt lat="44.1115900" lon="-73.8226900">
    <ele>754.4</ele>
    <time>2022-10-02T15:51:10Z</time>
   </trkpt>
   <trkpt lat="44.1116200" lon="-73.8227100">
    <ele>754.5</ele>
    <time>2022-10-02T15:51:12Z</time>
   </trkpt>
   <trkpt lat="44.1116500" lon="-73.8227300">
    <ele>754.7</ele>
    <time>2022-10-02T15:51:16Z</time>
   </trkpt>
   <trkpt lat="44.1116800" lon="-73.8227100">
    <ele>754.9</ele>
    <time>2022-10-02T15:51:20Z</time>
   </trkpt>
   <trkpt lat="44.1117000" lon="-73.8226700">
    <ele>755.2</ele>
    <time>2022-10-02T15:51:24Z</time>
   </trkpt>
   <trkpt lat="44.1117300" lon="-73.8226800">
    <ele>755.5</ele>
    <time>2022-10-02T15:51:26Z</time>
   </trkpt>
   <trkpt lat="44.1117600" lon="-73.8227000">
    <ele>755.9</ele>
    <time>2022-10-02T15:51:28Z</time>
   </trkpt>
   <trkpt lat="44.1117700" lon="-73.8227500">
    <ele>756.4</ele>
    <time>2022-10-02T15:51:30Z</time>
   </trkpt>
   <trkpt lat="44.1117800" lon="-73.8227900">
    <ele>756.9</ele>
    <time>2022-10-02T15:51:32Z</time>
   </trkpt>
   <trkpt lat="44.1118100" lon="-73.8228100">
    <ele>757.4</ele>
    <time>2022-10-02T15:51:35Z</time>
   </trkpt>
   <trkpt lat="44.1118300" lon="-73.8227800">
    <ele>758.0</ele>
    <time>2022-10-02T15:51:41Z</time>
   </trkpt>
   <trkpt lat="44.1118400" lon="-73.8228200">
    <ele>758.6</ele>
    <time>2022-10-02T15:51:46Z</time>
   </trkpt>
   <trkpt lat="44.1118100" lon="-73.8228400">
    <ele>759.4</ele>
    <time>2022-10-02T15:51:48Z</time>
   </trkpt>
   <trkpt lat="44.1117900" lon="-73.8228700">
    <ele>760.2</ele>
    <time>2022-10-02T15:51:51Z</time>
   </trkpt>
   <trkpt lat="44.1118200" lon="-73.8228900">
    <ele>761.1</ele>
    <time>2022-10-02T15:51:57Z</time>
   </trkpt>
   <trkpt lat="44.1118200" lon="-73.8228500">
    <ele>762.0</ele>
    <time>2022-10-02T15:52:04Z</time>
   </trkpt>
   <trkpt lat="44.1118200" lon="-73.8228100">
    <ele>762.9</ele>
    <time>2022-10-02T15:52:08Z</time>
   </trkpt>
   <trkpt lat="44.1118400" lon="-73.8227800">
    <ele>764.0</ele>
    <time>2022-10-02T15:52:12Z</time>
   </trkpt>
   <trkpt lat="44.1118600" lon="-73.8227600">
    <ele>764.8</ele>
    <time>2022-10-02T15:52:17Z</time>
   </trkpt>
   <trkpt lat="44.1118900" lon="-73.8227600">
    <ele>766.0</ele>
    <time>2022-10-02T15:52:20Z</time>
   </trkpt>
   <trkpt lat="44.1119200" lon="-73.8227600">
    <ele>767.1</ele>
    <time>2022-10-02T15:52:34Z</time>
   </trkpt>
   <trkpt lat="44.1119500" lon="-73.8227400">
    <ele>768.4</ele>
    <time>2022-10-02T15:52:40Z</time>
   </trkpt>
   <trkpt lat="44.1119600" lon="-73.8227100">
    <ele>769.4</ele>
    <time>2022-10-02T15:52:46Z</time>
   </trkpt>
   <trkpt lat="44.1119700" lon="-73.8226700">
    <ele>770.6</ele>
    <time>2022-10-02T15:52:54Z</time>
   </trkpt>
   <trkpt lat="44.1120000" lon="-73.8226700">
    <ele>771.8</ele>
    <time>2022-10-02T15:52:58Z</time>
   </trkpt>
   <trkpt lat="44.1120200" lon="-73.8226300">
    <ele>773.2</ele>
    <time>2022-10-02T15:53:07Z</time>
   </trkpt>
   <trkpt lat="44.1120500" lon="-73.8226500">
    <ele>774.5</ele>
    <time>2022-10-02T15:53:12Z</time>
   </trkpt>
   <trkpt lat="44.1120800" lon="-73.8226400">
    <ele>775.8</ele>
    <time>2022-10-02T15:53:19Z</time>
   </trkpt>
   <trkpt lat="44.1121200" lon="-73.8226500">
    <ele>777.5</ele>
    <time>2022-10-02T15:53:23Z</time>
   </trkpt>
   <trkpt lat="44.1121300" lon="-73.8227000">
    <ele>779.2</ele>
    <time>2022-10-02T15:53:25Z</time>
   </trkpt>
   <trkpt lat="44.1120900" lon="-73.8226900">
    <ele>781.0</ele>
    <time>2022-10-02T15:53:30Z</time>
   </trkpt>
   <trkpt lat="44.1121200" lon="-73.8226700">
    <ele>782.6</ele>
    <time>2022-10-02T15:53:41Z</time>
   </trkpt>
   <trkpt lat="44.1121500" lon="-73.8226800">
    <ele>784.0</ele>
    <time>2022-10-02T15:53:46Z</time>
   </trkpt>
   <trkpt lat="44.1121600" lon="-73.8227100">
    <ele>785.2</ele>
    <time>2022-10-02T15:53:56Z</time>
   </trkpt>
   <trkpt lat="44.1121800" lon="-73.8227000">
    <ele>786.3</ele>
    <time>2022-10-02T15:54:06Z</time>
   </trkpt>
   <trkpt lat="44.1122000" lon="-73.8227300">
    <ele>787.7</ele>
    <time>2022-10-02T15:54:11Z</time>
   </trkpt>
   <trkpt lat="44.1122200" lon="-73.8227600">
    <ele>789.1</ele>
    <time>2022-10-02T15:54:18Z</time>
   </trkpt>
   <trkpt lat="44.1122200" lon="-73.8227900">
    <ele>790.2</ele>
    <time>2022-10-02T15:54:52Z</time>
   </trkpt>
   <trkpt lat="44.1122400" lon="-73.8227700">
    <ele>791.4</ele>
    <time>2022-10-02T15:55:03Z</time>
   </trkpt>
   <trkpt lat="44.1122600" lon="-73.8227400">
    <ele>792.8</ele>
    <time>2022-10-02T15:55:11Z</time>
   </trkpt>
   <trkpt lat="44.1122800" lon="-73.8227600">
    <ele>794.0</ele>
    <time>2022-10-02T15:55:14Z</time>
   </trkpt>
   <trkpt lat="44.1123100" lon="-73.8227600">
    <ele>795.4</ele>
    <time>2022-10-02T15:55:17Z</time>
   </trkpt>
   <trkpt lat="44.1123200" lon="-73.8228000">
    <ele>796.8</ele>
    <time>2022-10-02T15:55:30Z</time>
   </trkpt>
   <trkpt lat="44.1123000" lon="-73.8228400">
    <ele>798.5</ele>
    <time>2022-10-02T15:55:35Z</time>
   </trkpt>
   <trkpt lat="44.1123300" lon="-73.8228200">
    <ele>799.9</ele>
    <time>2022-10-02T15:55:41Z</time>
   </trkpt>
   <trkpt lat="44.1123600" lon="-73.8228100">
    <ele>801.3</ele>
    <time>2022-10-02T15:55:54Z</time>
   </trkpt>
   <trkpt lat="44.1123800" lon="-73.8228400">
    <ele>802.6</ele>
    <time>2022-10-02T15:55:56Z</time>
   </trkpt>
   <trkpt lat="44.1124100" lon="-73.8228600">
    <ele>804.0</ele>
    <time>2022-10-02T15:56:01Z</time>
   </trkpt>
   <trkpt lat="44.1124400" lon="-73.8228700">
    <ele>805.3</ele>
    <time>2022-10-02T15:56:10Z</time>
   </trkpt>
   <trkpt lat="44.1124600" lon="-73.8228900">
    <ele>806.3</ele>
    <time>2022-10-02T15:56:15Z</time>
   </trkpt>
   <trkpt lat="44.1124900" lon="-73.8229100">
    <ele>808.4</ele>
    <time>2022-10-02T15:56:21Z</time>
   </trkpt>
   <trkpt lat="44.1124800" lon="-73.8229500">
    <ele>808.5</ele>
    <time>2022-10-02T15:56:26Z</time>
   </trkpt>
   <trkpt lat="44.1124700" lon="-73.8229900">
    <ele>808.5</ele>
    <time>2022-10-02T15:56:30Z</time>
   </trkpt>
   <trkpt lat="44.1124500" lon="-73.8230200">
    <ele>808.6</ele>
    <time>2022-10-02T15:56:34Z</time>
   </trkpt>
   <trkpt lat="44.1124300" lon="-73.8230400">
    <ele>808.6</ele>
    <time>2022-10-02T15:56:37Z</time>
   </trkpt>
   <trkpt lat="44.1124000" lon="-73.8230600">
    <ele>808.6</ele>
    <time>2022-10-02T15:56:40Z</time>
   </trkpt>
   <trkpt lat="44.1123900" lon="-73.8231000">
    <ele>808.6</ele>
    <time>2022-10-02T15:56:45Z</time>
   </trkpt>
   <trkpt lat="44.1123600" lon="-73.8231200">
    <ele>808.6</ele>
    <time>2022-10-02T15:56:50Z</time>
   </trkpt>
   <trkpt lat="44.1123400" lon="-73.8231500">
    <ele>808.5</ele>
    <time>2022-10-02T15:56:55Z</time>
   </trkpt>
   <trkpt lat="44.1123100" lon="-73.8231900">
    <ele>808.4</ele>
    <time>2022-10-02T15:56:59Z</time>
   </trkpt>
   <trkpt lat="44.1122900" lon="-73.8232200">
    <ele>808.4</ele>
    <time>2022-10-02T15:57:03Z</time>
   </trkpt>
   <trkpt lat="44.1122700" lon="-73.8232500">
    <ele>808.3</ele>
    <time>2022-10-02T15:57:07Z</time>
   </trkpt>
   <trkpt lat="44.1122600" lon="-73.8232900">
    <ele>808.1</ele>
    <time>2022-10-02T15:57:11Z</time>
   </trkpt>
   <trkpt lat="44.1122500" lon="-73.8233300">
    <ele>808.0</ele>
    <time>2022-10-02T15:57:15Z</time>
   </trkpt>
   <trkpt lat="44.1122300" lon="-73.8233700">
    <ele>807.9</ele>
    <time>2022-10-02T15:57:19Z</time>
   </trkpt>
   <trkpt lat="44.1122100" lon="-73.8234000">
    <ele>807.8</ele>
    <time>2022-10-02T15:57:23Z</time>
   </trkpt>
   <trkpt lat="44.1121800" lon="-73.8234100">
    <ele>807.7</ele>
    <time>2022-10-02T15:57:26Z</time>
   </trkpt>
   <trkpt lat="44.1121400" lon="-73.8234300">
    <ele>807.6</ele>
    <time>2022-10-02T15:57:29Z</time>
   </trkpt>
   <trkpt lat="44.1121200" lon="-73.8234700">
    <ele>807.5</ele>
    <time>2022-10-02T15:57:32Z</time>
   </trkpt>
   <trkpt lat="44.1121100" lon="-73.8235200">
    <ele>807.4</ele>
    <time>2022-10-02T15:57:35Z</time>
   </trkpt>
   <trkpt lat="44.1121000" lon="-73.8235600">
    <ele>807.4</ele>
    <time>2022-10-02T15:57:40Z</time>
   </trkpt>
   <trkpt lat="44.1120800" lon="-73.8235800">
    <ele>807.4</ele>
    <time>2022-10-02T15:57:43Z</time>
   </trkpt>
   <trkpt lat="44.1120500" lon="-73.8235900">
    <ele>807.3</ele>
    <time>2022-10-02T15:58:08Z</time>
   </trkpt>
   <trkpt lat="44.1120200" lon="-73.8235700">
    <ele>807.3</ele>
    <time>2022-10-02T15:58:12Z</time>
   </trkpt>
   <trkpt lat="44.1120500" lon="-73.8235900">
    <ele>807.3</ele>
    <time>2022-10-02T15:58:24Z</time>
   </trkpt>
   <trkpt lat="44.1120700" lon="-73.8236200">
    <ele>807.3</ele>
    <time>2022-10-02T15:59:06Z</time>
   </trkpt>
   <trkpt lat="44.1121000" lon="-73.8236400">
    <ele>807.3</ele>
    <time>2022-10-02T15:59:09Z</time>
   </trkpt>
   <trkpt lat="44.1121200" lon="-73.8236700">
    <ele>807.3</ele>
    <time>2022-10-02T15:59:12Z</time>
   </trkpt>
   <trkpt lat="44.1121200" lon="-73.8237100">
    <ele>807.4</ele>
    <time>2022-10-02T15:59:16Z</time>
   </trkpt>
   <trkpt lat="44.1121100" lon="-73.8237500">
    <ele>807.4</ele>
    <time>2022-10-02T15:59:19Z</time>
   </trkpt>
   <trkpt lat="44.1120800" lon="-73.8237500">
    <ele>807.4</ele>
    <time>2022-10-02T15:59:30Z</time>
   </trkpt>
   <trkpt lat="44.1121100" lon="-73.8237300">
    <ele>807.5</ele>
    <time>2022-10-02T15:59:39Z</time>
   </trkpt>
   <trkpt lat="44.1121300" lon="-73.8237300">
    <ele>807.5</ele>
    <time>2022-10-02T15:59:42Z</time>
   </trkpt>
   <trkpt lat="44.1121300" lon="-73.8236900">
    <ele>807.5</ele>
    <time>2022-10-02T16:00:22Z</time>
   </trkpt>
   <trkpt lat="44.1121600" lon="-73.8236700">
    <ele>807.6</ele>
    <time>2022-10-02T16:01:36Z</time>
   </trkpt>
   <trkpt lat="44.1121800" lon="-73.8236800">
    <ele>807.6</ele>
    <time>2022-10-02T16:01:43Z</time>
   </trkpt>
   <trkpt lat="44.1121500" lon="-73.8237100">
    <ele>807.6</ele>
    <time>2022-10-02T16:03:00Z</time>
   </trkpt>
   <trkpt lat="44.1121300" lon="-73.8236900">
    <ele>807.6</ele>
    <time>2022-10-02T16:03:28Z</time>
   </trkpt>
   <trkpt lat="44.1121600" lon="-73.8236800">
    <ele>807.6</ele>
    <time>2022-10-02T16:03:49Z</time>
   </trkpt>
   <trkpt lat="44.1121800" lon="-73.8237100">
    <ele>807.6</ele>
    <time>2022-10-02T16:04:17Z</time>
   </trkpt>
   <trkpt lat="44.1121600" lon="-73.8237200">
    <ele>807.6</ele>
    <time>2022-10-02T16:05:04Z</time>
   </trkpt>
   <trkpt lat="44.1121300" lon="-73.8237200">
    <ele>807.6</ele>
    <time>2022-10-02T16:05:10Z</time>
   </trkpt>
   <trkpt lat="44.1121000" lon="-73.8237400">
    <ele>807.6</ele>
    <time>2022-10-02T16:05:27Z</time>
   </trkpt>
   <trkpt lat="44.1120700" lon="-73.8237500">
    <ele>807.5</ele>
    <time>2022-10-02T16:06:05Z</time>
   </trkpt>
   <trkpt lat="44.1121000" lon="-73.8237100">
    <ele>807.4</ele>
    <time>2022-10-02T16:07:02Z</time>
   </trkpt>
   <trkpt lat="44.1121100" lon="-73.8236800">
    <ele>807.3</ele>
    <time>2022-10-02T16:07:23Z</time>
   </trkpt>
   <trkpt lat="44.1120800" lon="-73.8236600">
    <ele>807.2</ele>
    <time>2022-10-02T16:07:53Z</time>
   </trkpt>
   <trkpt lat="44.1120600" lon="-73.8236200">
    <ele>807.1</ele>
    <time>2022-10-02T16:07:56Z</time>
   </trkpt>
   <trkpt lat="44.1120800" lon="-73.8236500">
    <ele>806.9</ele>
    <time>2022-10-02T16:08:15Z</time>
   </trkpt>
   <trkpt lat="44.1120700" lon="-73.8236900">
    <ele>806.8</ele>
    <time>2022-10-02T16:08:22Z</time>
   </trkpt>
   <trkpt lat="44.1120400" lon="-73.8237000">
    <ele>806.6</ele>
    <time>2022-10-02T16:08:26Z</time>
   </trkpt>
   <trkpt lat="44.1120400" lon="-73.8237400">
    <ele>806.4</ele>
    <time>2022-10-02T16:09:04Z</time>
   </trkpt>
   <trkpt lat="44.1120200" lon="-73.8237600">
    <ele>806.3</ele>
    <time>2022-10-02T16:10:36Z</time>
   </trkpt>
   <trkpt lat="44.1119900" lon="-73.8237500">
    <ele>806.0</ele>
    <time>2022-10-02T16:10:42Z</time>
   </trkpt>
   <trkpt lat="44.1119700" lon="-73.8237200">
    <ele>805.8</ele>
    <time>2022-10-02T16:10:45Z</time>
   </trkpt>
   <trkpt lat="44.1119400" lon="-73.8237100">
    <ele>805.5</ele>
    <time>2022-10-02T16:10:55Z</time>
   </trkpt>
   <trkpt lat="44.1119400" lon="-73.8237500">
    <ele>805.3</ele>
    <time>2022-10-02T16:11:00Z</time>
   </trkpt>
   <trkpt lat="44.1119600" lon="-73.8238000">
    <ele>804.9</ele>
    <time>2022-10-02T16:11:03Z</time>
   </trkpt>
   <trkpt lat="44.1119500" lon="-73.8238400">
    <ele>804.6</ele>
    <time>2022-10-02T16:11:05Z</time>
   </trkpt>
   <trkpt lat="44.1119200" lon="-73.8238600">
    <ele>804.3</ele>
    <time>2022-10-02T16:11:08Z</time>
   </trkpt>
   <trkpt lat="44.1118800" lon="-73.8238800">
    <ele>803.9</ele>
    <time>2022-10-02T16:11:11Z</time>
   </trkpt>
   <trkpt lat="44.1118500" lon="-73.8239000">
    <ele>803.6</ele>
    <time>2022-10-02T16:11:14Z</time>
   </trkpt>
   <trkpt lat="44.1118300" lon="-73.8239200">
    <ele>803.4</ele>
    <time>2022-10-02T16:11:21Z</time>
   </trkpt>
   <trkpt lat="44.1118100" lon="-73.8239500">
    <ele>803.2</ele>
    <time>2022-10-02T16:11:26Z</time>
   </trkpt>
   <trkpt lat="44.1117900" lon="-73.8239800">
    <ele>802.9</ele>
    <time>2022-10-02T16:11:37Z</time>
   </trkpt>
   <trkpt lat="44.1117600" lon="-73.8240000">
    <ele>802.7</ele>
    <time>2022-10-02T16:11:41Z</time>
   </trkpt>
   <trkpt lat="44.1117900" lon="-73.8239900">
    <ele>802.5</ele>
    <time>2022-10-02T16:12:47Z</time>
   </trkpt>
   <trkpt lat="44.1117700" lon="-73.8239500">
    <ele>802.3</ele>
    <time>2022-10-02T16:14:12Z</time>
   </trkpt>
   <trkpt lat="44.1117900" lon="-73.8239200">
    <ele>802.1</ele>
    <time>2022-10-02T16:14:25Z</time>
   </trkpt>
   <trkpt lat="44.1117700" lon="-73.8238900">
    <ele>802.0</ele>
    <time>2022-10-02T16:14:51Z</time>
   </trkpt>
   <trkpt lat="44.1117900" lon="-73.8239200">
    <ele>801.8</ele>
    <time>2022-10-02T16:15:16Z</time>
   </trkpt>
   <trkpt lat="44.1117800" lon="-73.8239600">
    <ele>801.7</ele>
    <time>2022-10-02T16:15:20Z</time>
   </trkpt>
   <trkpt lat="44.1117500" lon="-73.8239700">
    <ele>801.6</ele>
    <time>2022-10-02T16:16:17Z</time>
   </trkpt>
   <trkpt lat="44.1117900" lon="-73.8239700">
    <ele>801.5</ele>
    <time>2022-10-02T16:16:54Z</time>
   </trkpt>
   <trkpt lat="44.1118100" lon="-73.8239400">
    <ele>801.4</ele>
    <time>2022-10-02T16:16:58Z</time>
   </trkpt>
   <trkpt lat="44.1117800" lon="-73.8239300">
    <ele>801.4</ele>
    <time>2022-10-02T16:17:23Z</time>
   </trkpt>
   <trkpt lat="44.1118100" lon="-73.8239000">
    <ele>801.3</ele>
    <time>2022-10-02T16:17:45Z</time>
   </trkpt>
   <trkpt lat="44.1118400" lon="-73.8238800">
    <ele>801.4</ele>
    <time>2022-10-02T16:17:48Z</time>
   </trkpt>
   <trkpt lat="44.1118700" lon="-73.8238700">
    <ele>801.5</ele>
    <time>2022-10-02T16:17:51Z</time>
   </trkpt>
   <trkpt lat="44.1119100" lon="-73.8238600">
    <ele>801.8</ele>
    <time>2022-10-02T16:17:54Z</time>
   </trkpt>
   <trkpt lat="44.1119400" lon="-73.8238600">
    <ele>802.0</ele>
    <time>2022-10-02T16:17:57Z</time>
   </trkpt>
   <trkpt lat="44.1119600" lon="-73.8238300">
    <ele>802.4</ele>
    <time>2022-10-02T16:18:01Z</time>
   </trkpt>
   <trkpt lat="44.1119600" lon="-73.8237900">
    <ele>802.7</ele>
    <time>2022-10-02T16:18:04Z</time>
   </trkpt>
   <trkpt lat="44.1119400" lon="-73.8237600">
    <ele>803.2</ele>
    <time>2022-10-02T16:18:07Z</time>
   </trkpt>
   <trkpt lat="44.1119400" lon="-73.8237200">
    <ele>803.7</ele>
    <time>2022-10-02T16:18:13Z</time>
   </trkpt>
   <trkpt lat="44.1119700" lon="-73.8237100">
    <ele>804.3</ele>
    <time>2022-10-02T16:18:23Z</time>
   </trkpt>
   <trkpt lat="44.1120000" lon="-73.8237200">
    <ele>804.9</ele>
    <time>2022-10-02T16:18:27Z</time>
   </trkpt>
   <trkpt lat="44.1120200" lon="-73.8237200">
    <ele>805.3</ele>
    <time>2022-10-02T16:18:35Z</time>
   </trkpt>
   <trkpt lat="44.1120500" lon="-73.8236900">
    <ele>806.0</ele>
    <time>2022-10-02T16:18:42Z</time>
   </trkpt>
   <trkpt lat="44.1120800" lon="-73.8236900">
    <ele>806.4</ele>
    <time>2022-10-02T16:18:46Z</time>
   </trkpt>
   <trkpt lat="44.1121000" lon="-73.8236500">
    <ele>806.9</ele>
    <time>2022-10-02T16:18:51Z</time>
   </trkpt>
   <trkpt lat="44.1120900" lon="-73.8236100">
    <ele>807.1</ele>
    <time>2022-10-02T16:18:55Z</time>
   </trkpt>
   <trkpt lat="44.1120900" lon="-73.8235700">
    <ele>807.4</ele>
    <time>2022-10-02T16:18:59Z</time>
   </trkpt>
   <trkpt lat="44.1120900" lon="-73.8235200">
    <ele>807.5</ele>
    <time>2022-10-02T16:19:03Z</time>
   </trkpt>
   <trkpt lat="44.1120900" lon="-73.8234800">
    <ele>807.6</ele>
    <time>2022-10-02T16:19:10Z</time>
   </trkpt>
   <trkpt lat="44.1121000" lon="-73.8234400">
    <ele>807.6</ele>
    <time>2022-10-02T16:19:15Z</time>
   </trkpt>
   <trkpt lat="44.1121200" lon="-73.8234100">
    <ele>807.6</ele>
    <time>2022-10-02T16:19:19Z</time>
   </trkpt>
   <trkpt lat="44.1121500" lon="-73.8233900">
    <ele>807.5</ele>
    <time>2022-10-02T16:19:22Z</time>
   </trkpt>
   <trkpt lat="44.1121700" lon="-73.8233600">
    <ele>807.5</ele>
    <time>2022-10-02T16:19:27Z</time>
   </trkpt>
   <trkpt lat="44.1121800" lon="-73.8233200">
    <ele>807.4</ele>
    <time>2022-10-02T16:19:31Z</time>
   </trkpt>
   <trkpt lat="44.1122000" lon="-73.8232800">
    <ele>807.3</ele>
    <time>2022-10-02T16:19:35Z</time>
   </trkpt>
   <trkpt lat="44.1122200" lon="-73.8232500">
    <ele>807.3</ele>
    <time>2022-10-02T16:19:40Z</time>
   </trkpt>
   <trkpt lat="44.1122500" lon="-73.8232200">
    <ele>807.3</ele>
    <time>2022-10-02T16:19:45Z</time>
   </trkpt>
   <trkpt lat="44.1122700" lon="-73.8231900">
    <ele>807.4</ele>
    <time>2022-10-02T16:19:49Z</time>
   </trkpt>
   <trkpt lat="44.1122900" lon="-73.8231500">
    <ele>807.5</ele>
    <time>2022-10-02T16:19:53Z</time>
   </trkpt>
   <trkpt lat="44.1123100" lon="-73.8231200">
    <ele>807.7</ele>
    <time>2022-10-02T16:19:57Z</time>
   </trkpt>
   <trkpt lat="44.1123300" lon="-73.8230900">
    <ele>807.9</ele>
    <time>2022-10-02T16:20:02Z</time>
   </trkpt>
   <trkpt lat="44.1123600" lon="-73.8230600">
    <ele>808.1</ele>
    <time>2022-10-02T16:20:07Z</time>
   </trkpt>
   <trkpt lat="44.1123900" lon="-73.8230400">
    <ele>808.4</ele>
    <time>2022-10-02T16:20:10Z</time>
   </trkpt>
   <trkpt lat="44.1124100" lon="-73.8230000">
    <ele>808.5</ele>
    <time>2022-10-02T16:20:15Z</time>
   </trkpt>
   <trkpt lat="44.1124300" lon="-73.8229700">
    <ele>808.6</ele>
    <time>2022-10-02T16:20:19Z</time>
   </trkpt>
   <trkpt lat="44.1124500" lon="-73.8229400">
    <ele>808.6</ele>
    <time>2022-10-02T16:20:25Z</time>
   </trkpt>
   <trkpt lat="44.1124800" lon="-73.8229300">
    <ele>808.5</ele>
    <time>2022-10-02T16:20:29Z</time>
   </trkpt>
   <trkpt lat="44.1125100" lon="-73.8229200">
    <ele>807.8</ele>
    <time>2022-10-02T16:20:34Z</time>
   </trkpt>
   <trkpt lat="44.1125400" lon="-73.8229300">
    <ele>806.7</ele>
    <time>2022-10-02T16:20:40Z</time>
   </trkpt>
   <trkpt lat="44.1125600" lon="-73.8229500">
    <ele>805.8</ele>
    <time>2022-10-02T16:20:47Z</time>
   </trkpt>
   <trkpt lat="44.1125900" lon="-73.8229700">
    <ele>804.6</ele>
    <time>2022-10-02T16:20:58Z</time>
   </trkpt>
   <trkpt lat="44.1126200" lon="-73.8229800">
    <ele>803.5</ele>
    <time>2022-10-02T16:21:05Z</time>
   </trkpt>
   <trkpt lat="44.1126400" lon="-73.8229800">
    <ele>802.8</ele>
    <time>2022-10-02T16:21:11Z</time>
   </trkpt>
   <trkpt lat="44.1126600" lon="-73.8229500">
    <ele>801.8</ele>
    <time>2022-10-02T16:21:17Z</time>
   </trkpt>
   <trkpt lat="44.1126900" lon="-73.8229500">
    <ele>800.7</ele>
    <time>2022-10-02T16:21:21Z</time>
   </trkpt>
   <trkpt lat="44.1127200" lon="-73.8229400">
    <ele>799.7</ele>
    <time>2022-10-02T16:21:25Z</time>
   </trkpt>
   <trkpt lat="44.1127500" lon="-73.8229400">
    <ele>798.8</ele>
    <time>2022-10-02T16:21:30Z</time>
   </trkpt>
   <trkpt lat="44.1127800" lon="-73.8229100">
    <ele>797.7</ele>
    <time>2022-10-02T16:21:36Z</time>
   </trkpt>
   <trkpt lat="44.1128000" lon="-73.8229100">
    <ele>797.2</ele>
    <time>2022-10-02T16:21:43Z</time>
   </trkpt>
   <trkpt lat="44.1128300" lon="-73.8228900">
    <ele>796.3</ele>
    <time>2022-10-02T16:21:50Z</time>
   </trkpt>
   <trkpt lat="44.1128600" lon="-73.8228700">
    <ele>795.4</ele>
    <time>2022-10-02T16:21:53Z</time>
   </trkpt>
   <trkpt lat="44.1128900" lon="-73.8228600">
    <ele>794.6</ele>
    <time>2022-10-02T16:21:57Z</time>
   </trkpt>
   <trkpt lat="44.1129200" lon="-73.8228500">
    <ele>793.9</ele>
    <time>2022-10-02T16:22:00Z</time>
   </trkpt>
   <trkpt lat="44.1129500" lon="-73.8228300">
    <ele>793.1</ele>
    <time>2022-10-02T16:22:02Z</time>
   </trkpt>
   <trkpt lat="44.1129700" lon="-73.8228100">
    <ele>792.6</ele>
    <time>2022-10-02T16:22:06Z</time>
   </trkpt>
   <trkpt lat="44.1129900" lon="-73.8227900">
    <ele>792.0</ele>
    <time>2022-10-02T16:22:10Z</time>
   </trkpt>
   <trkpt lat="44.1130200" lon="-73.8227700">
    <ele>791.3</ele>
    <time>2022-10-02T16:22:15Z</time>
   </trkpt>
   <trkpt lat="44.1130500" lon="-73.8227500">
    <ele>790.6</ele>
    <time>2022-10-02T16:22:18Z</time>
   </trkpt>
   <trkpt lat="44.1130800" lon="-73.8227500">
    <ele>790.0</ele>
    <time>2022-10-02T16:22:23Z</time>
   </trkpt>
   <trkpt lat="44.1131000" lon="-73.8227400">
    <ele>789.6</ele>
    <time>2022-10-02T16:22:27Z</time>
   </trkpt>
   <trkpt lat="44.1131400" lon="-73.8227300">
    <ele>788.8</ele>
    <time>2022-10-02T16:22:30Z</time>
   </trkpt>
   <trkpt lat="44.1131600" lon="-73.8227100">
    <ele>788.4</ele>
    <time>2022-10-02T16:22:35Z</time>
   </trkpt>
   <trkpt lat="44.1131900" lon="-73.8226800">
    <ele>787.7</ele>
    <time>2022-10-02T16:22:38Z</time>
   </trkpt>
   <trkpt lat="44.1132100" lon="-73.8227000">
    <ele>787.3</ele>
    <time>2022-10-02T16:22:43Z</time>
   </trkpt>
   <trkpt lat="44.1132400" lon="-73.8226700">
    <ele>786.7</ele>
    <time>2022-10-02T16:22:48Z</time>
   </trkpt>
   <trkpt lat="44.1132700" lon="-73.8226500">
    <ele>786.2</ele>
    <time>2022-10-02T16:22:53Z</time>
   </trkpt>
   <trkpt lat="44.1133000" lon="-73.8226400">
    <ele>785.7</ele>
    <time>2022-10-02T16:22:58Z</time>
   </trkpt>
   <trkpt lat="44.1133300" lon="-73.8226400">
    <ele>785.3</ele>
    <time>2022-10-02T16:23:02Z</time>
   </trkpt>
   <trkpt lat="44.1133600" lon="-73.8226200">
    <ele>784.8</ele>
    <time>2022-10-02T16:23:07Z</time>
   </trkpt>
   <trkpt lat="44.1133800" lon="-73.8225900">
    <ele>784.4</ele>
    <time>2022-10-02T16:23:10Z</time>
   </trkpt>
   <trkpt lat="44.1134100" lon="-73.8225900">
    <ele>784.0</ele>
    <time>2022-10-02T16:23:16Z</time>
   </trkpt>
   <trkpt lat="44.1134400" lon="-73.8225900">
    <ele>783.6</ele>
    <time>2022-10-02T16:23:20Z</time>
   </trkpt>
   <trkpt lat="44.1134700" lon="-73.8225700">
    <ele>783.1</ele>
    <time>2022-10-02T16:23:24Z</time>
   </trkpt>
   <trkpt lat="44.1135000" lon="-73.8225500">
    <ele>782.6</ele>
    <time>2022-10-02T16:23:27Z</time>
   </trkpt>
   <trkpt lat="44.1135300" lon="-73.8225400">
    <ele>782.2</ele>
    <time>2022-10-02T16:23:30Z</time>
   </trkpt>
   <trkpt lat="44.1135600" lon="-73.8225200">
    <ele>781.7</ele>
    <time>2022-10-02T16:23:33Z</time>
   </trkpt>
   <trkpt lat="44.1135800" lon="-73.8225000">
    <ele>781.3</ele>
    <time>2022-10-02T16:23:36Z</time>
   </trkpt>
   <trkpt lat="44.1136100" lon="-73.8224800">
    <ele>780.9</ele>
    <time>2022-10-02T16:23:40Z</time>
   </trkpt>
   <trkpt lat="44.1136300" lon="-73.8224500">
    <ele>780.4</ele>
    <time>2022-10-02T16:23:47Z</time>
   </trkpt>
   <trkpt lat="44.1136500" lon="-73.8224300">
    <ele>780.1</ele>
    <time>2022-10-02T16:23:51Z</time>
   </trkpt>
   <trkpt lat="44.1136900" lon="-73.8224200">
    <ele>779.5</ele>
    <time>2022-10-02T16:23:57Z</time>
   </trkpt>
   <trkpt lat="44.1137200" lon="-73.8224200">
    <ele>779.1</ele>
    <time>2022-10-02T16:24:01Z</time>
   </trkpt>
   <trkpt lat="44.1137500" lon="-73.8224200">
    <ele>778.7</ele>
    <time>2022-10-02T16:24:06Z</time>
   </trkpt>
   <trkpt lat="44.1137800" lon="-73.8224100">
    <ele>778.3</ele>
    <time>2022-10-02T16:24:10Z</time>
   </trkpt>
   <trkpt lat="44.1138000" lon="-73.8223900">
    <ele>777.9</ele>
    <time>2022-10-02T16:24:14Z</time>
   </trkpt>
   <trkpt lat="44.1138200" lon="-73.8223500">
    <ele>777.5</ele>
    <time>2022-10-02T16:24:20Z</time>
   </trkpt>
   <trkpt lat="44.1138400" lon="-73.8223200">
    <ele>777.1</ele>
    <time>2022-10-02T16:24:23Z</time>
   </trkpt>
   <trkpt lat="44.1138700" lon="-73.8223100">
    <ele>776.7</ele>
    <time>2022-10-02T16:24:26Z</time>
   </trkpt>
   <trkpt lat="44.1139000" lon="-73.8222900">
    <ele>776.2</ele>
    <time>2022-10-02T16:24:29Z</time>
   </trkpt>
   <trkpt lat="44.1139200" lon="-73.8222700">
    <ele>775.9</ele>
    <time>2022-10-02T16:24:32Z</time>
   </trkpt>
   <trkpt lat="44.1139400" lon="-73.8222400">
    <ele>775.5</ele>
    <time>2022-10-02T16:24:36Z</time>
   </trkpt>
   <trkpt lat="44.1139700" lon="-73.8222000">
    <ele>774.9</ele>
    <time>2022-10-02T16:24:41Z</time>
   </trkpt>
   <trkpt lat="44.1140000" lon="-73.8222000">
    <ele>774.4</ele>
    <time>2022-10-02T16:24:46Z</time>
   </trkpt>
   <trkpt lat="44.1140300" lon="-73.8221800">
    <ele>773.9</ele>
    <time>2022-10-02T16:24:50Z</time>
   </trkpt>
   <trkpt lat="44.1140300" lon="-73.8221400">
    <ele>773.4</ele>
    <time>2022-10-02T16:24:56Z</time>
   </trkpt>
   <trkpt lat="44.1140700" lon="-73.8221400">
    <ele>772.6</ele>
    <time>2022-10-02T16:24:59Z</time>
   </trkpt>
   <trkpt lat="44.1141000" lon="-73.8221100">
    <ele>771.8</ele>
    <time>2022-10-02T16:25:04Z</time>
   </trkpt>
   <trkpt lat="44.1141200" lon="-73.8221400">
    <ele>771.2</ele>
    <time>2022-10-02T16:25:09Z</time>
   </trkpt>
   <trkpt lat="44.1141400" lon="-73.8221300">
    <ele>770.7</ele>
    <time>2022-10-02T16:25:15Z</time>
   </trkpt>
   <trkpt lat="44.1141700" lon="-73.8221300">
    <ele>770.0</ele>
    <time>2022-10-02T16:25:23Z</time>
   </trkpt>
   <trkpt lat="44.1142000" lon="-73.8221100">
    <ele>769.2</ele>
    <time>2022-10-02T16:25:27Z</time>
   </trkpt>
   <trkpt lat="44.1142200" lon="-73.8220800">
    <ele>768.5</ele>
    <time>2022-10-02T16:25:30Z</time>
   </trkpt>
   <trkpt lat="44.1142300" lon="-73.8220400">
    <ele>767.9</ele>
    <time>2022-10-02T16:25:36Z</time>
   </trkpt>
   <trkpt lat="44.1142700" lon="-73.8220200">
    <ele>767.1</ele>
    <time>2022-10-02T16:25:40Z</time>
   </trkpt>
   <trkpt lat="44.1143000" lon="-73.8220000">
    <ele>766.5</ele>
    <time>2022-10-02T16:25:43Z</time>
   </trkpt>
   <trkpt lat="44.1143300" lon="-73.8219800">
    <ele>766.1</ele>
    <time>2022-10-02T16:25:48Z</time>
   </trkpt>
   <trkpt lat="44.1143500" lon="-73.8219500">
    <ele>765.7</ele>
    <time>2022-10-02T16:25:51Z</time>
   </trkpt>
   <trkpt lat="44.1143800" lon="-73.8219400">
    <ele>765.4</ele>
    <time>2022-10-02T16:25:54Z</time>
   </trkpt>
   <trkpt lat="44.1144100" lon="-73.8219100">
    <ele>765.1</ele>
    <time>2022-10-02T16:25:58Z</time>
   </trkpt>
   <trkpt lat="44.1144300" lon="-73.8218800">
    <ele>764.8</ele>
    <time>2022-10-02T16:26:02Z</time>
   </trkpt>
   <trkpt lat="44.1144500" lon="-73.8218700">
    <ele>764.6</ele>
    <time>2022-10-02T16:26:07Z</time>
   </trkpt>
   <trkpt lat="44.1144700" lon="-73.8218300">
    <ele>764.3</ele>
    <time>2022-10-02T16:26:13Z</time>
   </trkpt>
   <trkpt lat="44.1145000" lon="-73.8218200">
    <ele>764.0</ele>
    <time>2022-10-02T16:26:16Z</time>
   </trkpt>
   <trkpt lat="44.1145200" lon="-73.8218100">
    <ele>763.8</ele>
    <time>2022-10-02T16:26:19Z</time>
   </trkpt>
   <trkpt lat="44.1145400" lon="-73.8217700">
    <ele>763.4</ele>
    <time>2022-10-02T16:26:24Z</time>
   </trkpt>
   <trkpt lat="44.1145500" lon="-73.8217300">
    <ele>763.1</ele>
    <time>2022-10-02T16:26:29Z</time>
   </trkpt>
   <trkpt lat="44.1145700" lon="-73.8216900">
    <ele>762.6</ele>
    <time>2022-10-02T16:26:33Z</time>
   </trkpt>
   <trkpt lat="44.1145900" lon="-73.8216700">
    <ele>762.2</ele>
    <time>2022-10-02T16:26:37Z</time>
   </trkpt>
   <trkpt lat="44.1146200" lon="-73.8216400">
    <ele>761.6</ele>
    <time>2022-10-02T16:26:41Z</time>
   </trkpt>
   <trkpt lat="44.1146500" lon="-73.8216400">
    <ele>761.0</ele>
    <time>2022-10-02T16:26:46Z</time>
   </trkpt>
   <trkpt lat="44.1146600" lon="-73.8216000">
    <ele>760.5</ele>
    <time>2022-10-02T16:26:52Z</time>
   </trkpt>
   <trkpt lat="44.1146800" lon="-73.8215600">
    <ele>759.8</ele>
    <time>2022-10-02T16:26:56Z</time>
   </trkpt>
   <trkpt lat="44.1146900" lon="-73.8215200">
    <ele>759.2</ele>
    <time>2022-10-02T16:26:59Z</time>
   </trkpt>
   <trkpt lat="44.1147000" lon="-73.8214900">
    <ele>758.7</ele>
    <time>2022-10-02T16:27:03Z</time>
   </trkpt>
   <trkpt lat="44.1147200" lon="-73.8214600">
    <ele>758.1</ele>
    <time>2022-10-02T16:27:08Z</time>
   </trkpt>
   <trkpt lat="44.1147300" lon="-73.8214200">
    <ele>757.5</ele>
    <time>2022-10-02T16:27:12Z</time>
   </trkpt>
   <trkpt lat="44.1147300" lon="-73.8213800">
    <ele>756.9</ele>
    <time>2022-10-02T16:27:17Z</time>
   </trkpt>
   <trkpt lat="44.1147600" lon="-73.8213800">
    <ele>756.3</ele>
    <time>2022-10-02T16:27:22Z</time>
   </trkpt>
   <trkpt lat="44.1147900" lon="-73.8213500">
    <ele>755.5</ele>
    <time>2022-10-02T16:27:31Z</time>
   </trkpt>
   <trkpt lat="44.1148100" lon="-73.8213300">
    <ele>754.9</ele>
    <time>2022-10-02T16:27:34Z</time>
   </trkpt>
   <trkpt lat="44.1148400" lon="-73.8213200">
    <ele>754.1</ele>
    <time>2022-10-02T16:27:38Z</time>
   </trkpt>
   <trkpt lat="44.1148700" lon="-73.8213100">
    <ele>753.4</ele>
    <time>2022-10-02T16:27:43Z</time>
   </trkpt>
   <trkpt lat="44.1149000" lon="-73.8213100">
    <ele>752.7</ele>
    <time>2022-10-02T16:27:49Z</time>
   </trkpt>
   <trkpt lat="44.1149300" lon="-73.8212800">
    <ele>751.8</ele>
    <time>2022-10-02T16:27:56Z</time>
   </trkpt>
   <trkpt lat="44.1149500" lon="-73.8212600">
    <ele>751.2</ele>
    <time>2022-10-02T16:28:05Z</time>
   </trkpt>
   <trkpt lat="44.1149700" lon="-73.8212200">
    <ele>750.4</ele>
    <time>2022-10-02T16:28:09Z</time>
   </trkpt>
   <trkpt lat="44.1149900" lon="-73.8211900">
    <ele>749.6</ele>
    <time>2022-10-02T16:28:14Z</time>
   </trkpt>
   <trkpt lat="44.1150200" lon="-73.8211900">
    <ele>748.9</ele>
    <time>2022-10-02T16:28:27Z</time>
   </trkpt>
   <trkpt lat="44.1150400" lon="-73.8211700">
    <ele>748.3</ele>
    <time>2022-10-02T16:28:35Z</time>
   </trkpt>
   <trkpt lat="44.1150700" lon="-73.8211600">
    <ele>747.6</ele>
    <time>2022-10-02T16:28:39Z</time>
   </trkpt>
   <trkpt lat="44.1150900" lon="-73.8211500">
    <ele>747.1</ele>
    <time>2022-10-02T16:28:45Z</time>
   </trkpt>
   <trkpt lat="44.1151200" lon="-73.8211200">
    <ele>746.2</ele>
    <time>2022-10-02T16:28:49Z</time>
   </trkpt>
   <trkpt lat="44.1151500" lon="-73.8211000">
    <ele>745.4</ele>
    <time>2022-10-02T16:28:56Z</time>
   </trkpt>
   <trkpt lat="44.1151800" lon="-73.8211000">
    <ele>744.6</ele>
    <time>2022-10-02T16:29:00Z</time>
   </trkpt>
   <trkpt lat="44.1151900" lon="-73.8211400">
    <ele>743.9</ele>
    <time>2022-10-02T16:29:07Z</time>
   </trkpt>
   <trkpt lat="44.1152000" lon="-73.8211800">
    <ele>743.1</ele>
    <time>2022-10-02T16:29:17Z</time>
   </trkpt>
   <trkpt lat="44.1151700" lon="-73.8212100">
    <ele>742.2</ele>
    <time>2022-10-02T16:29:25Z</time>
   </trkpt>
   <trkpt lat="44.1151500" lon="-73.8212300">
    <ele>741.5</ele>
    <time>2022-10-02T16:29:27Z</time>
   </trkpt>
   <trkpt lat="44.1151700" lon="-73.8212500">
    <ele>740.8</ele>
    <time>2022-10-02T16:29:40Z</time>
   </trkpt>
   <trkpt lat="44.1151800" lon="-73.8212100">
    <ele>740.0</ele>
    <time>2022-10-02T16:29:46Z</time>
   </trkpt>
   <trkpt lat="44.1152000" lon="-73.8211800">
    <ele>739.2</ele>
    <time>2022-10-02T16:29:52Z</time>
   </trkpt>
   <trkpt lat="44.1152300" lon="-73.8211600">
    <ele>738.4</ele>
    <time>2022-10-02T16:29:57Z</time>
   </trkpt>
   <trkpt lat="44.1152600" lon="-73.8211500">
    <ele>737.6</ele>
    <time>2022-10-02T16:30:02Z</time>
   </trkpt>
   <trkpt lat="44.1152900" lon="-73.8211300">
    <ele>736.9</ele>
    <time>2022-10-02T16:30:08Z</time>
   </trkpt>
   <trkpt lat="44.1153100" lon="-73.8211000">
    <ele>736.2</ele>
    <time>2022-10-02T16:30:12Z</time>
   </trkpt>
   <trkpt lat="44.1153300" lon="-73.8210600">
    <ele>735.5</ele>
    <time>2022-10-02T16:30:16Z</time>
   </trkpt>
   <trkpt lat="44.1153600" lon="-73.8210400">
    <ele>734.9</ele>
    <time>2022-10-02T16:30:20Z</time>
   </trkpt>
   <trkpt lat="44.1153600" lon="-73.8209900">
    <ele>734.2</ele>
    <time>2022-10-02T16:30:26Z</time>
   </trkpt>
   <trkpt lat="44.1153800" lon="-73.8209900">
    <ele>733.8</ele>
    <time>2022-10-02T16:30:30Z</time>
   </trkpt>
   <trkpt lat="44.1154100" lon="-73.8210300">
    <ele>733.0</ele>
    <time>2022-10-02T16:30:33Z</time>
   </trkpt>
   <trkpt lat="44.1154100" lon="-73.8210700">
    <ele>732.4</ele>
    <time>2022-10-02T16:30:36Z</time>
   </trkpt>
   <trkpt lat="44.1154100" lon="-73.8211100">
    <ele>731.8</ele>
    <time>2022-10-02T16:30:40Z</time>
   </trkpt>
   <trkpt lat="44.1154200" lon="-73.8211500">
    <ele>731.2</ele>
    <time>2022-10-02T16:30:50Z</time>
   </trkpt>
   <trkpt lat="44.1154200" lon="-73.8211800">
    <ele>730.6</ele>
    <time>2022-10-02T16:30:56Z</time>
   </trkpt>
   <trkpt lat="44.1154200" lon="-73.8212200">
    <ele>730.0</ele>
    <time>2022-10-02T16:31:01Z</time>
   </trkpt>
   <trkpt lat="44.1154100" lon="-73.8212600">
    <ele>729.2</ele>
    <time>2022-10-02T16:31:07Z</time>
   </trkpt>
   <trkpt lat="44.1153800" lon="-73.8212700">
    <ele>728.5</ele>
    <time>2022-10-02T16:31:10Z</time>
   </trkpt>
   <trkpt lat="44.1153900" lon="-73.8212300">
    <ele>727.8</ele>
    <time>2022-10-02T16:31:27Z</time>
   </trkpt>
   <trkpt lat="44.1154200" lon="-73.8212100">
    <ele>726.9</ele>
    <time>2022-10-02T16:31:32Z</time>
   </trkpt>
   <trkpt lat="44.1154400" lon="-73.8212000">
    <ele>726.4</ele>
    <time>2022-10-02T16:31:39Z</time>
   </trkpt>
   <trkpt lat="44.1154700" lon="-73.8211700">
    <ele>725.6</ele>
    <time>2022-10-02T16:31:44Z</time>
   </trkpt>
   <trkpt lat="44.1155000" lon="-73.8211500">
    <ele>724.8</ele>
    <time>2022-10-02T16:31:48Z</time>
   </trkpt>
   <trkpt lat="44.1155200" lon="-73.8211300">
    <ele>724.4</ele>
    <time>2022-10-02T16:31:55Z</time>
   </trkpt>
   <trkpt lat="44.1155400" lon="-73.8211000">
    <ele>723.8</ele>
    <time>2022-10-02T16:31:59Z</time>
   </trkpt>
   <trkpt lat="44.1155600" lon="-73.8210600">
    <ele>723.2</ele>
    <time>2022-10-02T16:32:03Z</time>
   </trkpt>
   <trkpt lat="44.1155800" lon="-73.8210300">
    <ele>722.8</ele>
    <time>2022-10-02T16:32:07Z</time>
   </trkpt>
   <trkpt lat="44.1156000" lon="-73.8210000">
    <ele>722.3</ele>
    <time>2022-10-02T16:32:12Z</time>
   </trkpt>
   <trkpt lat="44.1156200" lon="-73.8209700">
    <ele>721.9</ele>
    <time>2022-10-02T16:32:18Z</time>
   </trkpt>
   <trkpt lat="44.1156500" lon="-73.8209500">
    <ele>721.5</ele>
    <time>2022-10-02T16:32:22Z</time>
   </trkpt>
   <trkpt lat="44.1156700" lon="-73.8209200">
    <ele>721.1</ele>
    <time>2022-10-02T16:32:25Z</time>
   </trkpt>
   <trkpt lat="44.1157000" lon="-73.8209000">
    <ele>720.6</ele>
    <time>2022-10-02T16:32:29Z</time>
   </trkpt>
   <trkpt lat="44.1157200" lon="-73.8208800">
    <ele>720.3</ele>
    <time>2022-10-02T16:32:34Z</time>
   </trkpt>
   <trkpt lat="44.1157500" lon="-73.8208600">
    <ele>719.8</ele>
    <time>2022-10-02T16:32:38Z</time>
   </trkpt>
   <trkpt lat="44.1157800" lon="-73.8208500">
    <ele>719.3</ele>
    <time>2022-10-02T16:32:46Z</time>
   </trkpt>
   <trkpt lat="44.1158000" lon="-73.8208200">
    <ele>718.8</ele>
    <time>2022-10-02T16:32:51Z</time>
   </trkpt>
   <trkpt lat="44.1158300" lon="-73.8208100">
    <ele>718.2</ele>
    <time>2022-10-02T16:32:55Z</time>
   </trkpt>
   <trkpt lat="44.1158500" lon="-73.8207800">
    <ele>717.6</ele>
    <time>2022-10-02T16:33:00Z</time>
   </trkpt>
   <trkpt lat="44.1158800" lon="-73.8208000">
    <ele>716.8</ele>
    <time>2022-10-02T16:33:04Z</time>
   </trkpt>
   <trkpt lat="44.1159100" lon="-73.8208200">
    <ele>716.0</ele>
    <time>2022-10-02T16:33:08Z</time>
   </trkpt>
   <trkpt lat="44.1159300" lon="-73.8208400">
    <ele>715.4</ele>
    <time>2022-10-02T16:33:13Z</time>
   </trkpt>
   <trkpt lat="44.1159200" lon="-73.8208800">
    <ele>714.6</ele>
    <time>2022-10-02T16:33:17Z</time>
   </trkpt>
   <trkpt lat="44.1159000" lon="-73.8209100">
    <ele>713.8</ele>
    <time>2022-10-02T16:33:25Z</time>
   </trkpt>
   <trkpt lat="44.1158800" lon="-73.8209400">
    <ele>713.1</ele>
    <time>2022-10-02T16:33:32Z</time>
   </trkpt>
   <trkpt lat="44.1158600" lon="-73.8209600">
    <ele>712.4</ele>
    <time>2022-10-02T16:33:38Z</time>
   </trkpt>
   <trkpt lat="44.1158400" lon="-73.8210000">
    <ele>711.6</ele>
    <time>2022-10-02T16:33:43Z</time>
   </trkpt>
   <trkpt lat="44.1158600" lon="-73.8210300">
    <ele>710.9</ele>
    <time>2022-10-02T16:33:53Z</time>
   </trkpt>
   <trkpt lat="44.1158500" lon="-73.8210600">
    <ele>710.3</ele>
    <time>2022-10-02T16:33:58Z</time>
   </trkpt>
   <trkpt lat="44.1158300" lon="-73.8211000">
    <ele>709.5</ele>
    <time>2022-10-02T16:34:03Z</time>
   </trkpt>
   <trkpt lat="44.1158300" lon="-73.8211500">
    <ele>708.6</ele>
    <time>2022-10-02T16:34:08Z</time>
   </trkpt>
   <trkpt lat="44.1158200" lon="-73.8211800">
    <ele>708.0</ele>
    <time>2022-10-02T16:34:15Z</time>
   </trkpt>
   <trkpt lat="44.1158300" lon="-73.8212200">
    <ele>707.3</ele>
    <time>2022-10-02T16:34:31Z</time>
   </trkpt>
   <trkpt lat="44.1158400" lon="-73.8212600">
    <ele>706.6</ele>
    <time>2022-10-02T16:34:37Z</time>
   </trkpt>
   <trkpt lat="44.1158400" lon="-73.8213000">
    <ele>705.8</ele>
    <time>2022-10-02T16:34:44Z</time>
   </trkpt>
   <trkpt lat="44.1158300" lon="-73.8213400">
    <ele>705.0</ele>
    <time>2022-10-02T16:34:49Z</time>
   </trkpt>
   <trkpt lat="44.1158400" lon="-73.8213800">
    <ele>704.2</ele>
    <time>2022-10-02T16:35:00Z</time>
   </trkpt>
   <trkpt lat="44.1158600" lon="-73.8213500">
    <ele>703.4</ele>
    <time>2022-10-02T16:35:07Z</time>
   </trkpt>
   <trkpt lat="44.1158400" lon="-73.8213100">
    <ele>702.4</ele>
    <time>2022-10-02T16:35:14Z</time>
   </trkpt>
   <trkpt lat="44.1158200" lon="-73.8212800">
    <ele>701.7</ele>
    <time>2022-10-02T16:35:22Z</time>
   </trkpt>
   <trkpt lat="44.1158100" lon="-73.8213200">
    <ele>700.8</ele>
    <time>2022-10-02T16:35:39Z</time>
   </trkpt>
   <trkpt lat="44.1158300" lon="-73.8213500">
    <ele>700.0</ele>
    <time>2022-10-02T16:35:49Z</time>
   </trkpt>
   <trkpt lat="44.1158500" lon="-73.8213700">
    <ele>699.4</ele>
    <time>2022-10-02T16:35:55Z</time>
   </trkpt>
   <trkpt lat="44.1158700" lon="-73.8214100">
    <ele>698.6</ele>
    <time>2022-10-02T16:35:59Z</time>
   </trkpt>
   <trkpt lat="44.1158800" lon="-73.8214500">
    <ele>697.9</ele>
    <time>2022-10-02T16:36:03Z</time>
   </trkpt>
   <trkpt lat="44.1158900" lon="-73.8214900">
    <ele>697.2</ele>
    <time>2022-10-02T16:36:12Z</time>
   </trkpt>
   <trkpt lat="44.1158900" lon="-73.8215300">
    <ele>696.6</ele>
    <time>2022-10-02T16:36:18Z</time>
   </trkpt>
   <trkpt lat="44.1158900" lon="-73.8215700">
    <ele>696.1</ele>
    <time>2022-10-02T16:36:21Z</time>
   </trkpt>
   <trkpt lat="44.1158900" lon="-73.8216100">
    <ele>695.5</ele>
    <time>2022-10-02T16:36:25Z</time>
   </trkpt>
   <trkpt lat="44.1158900" lon="-73.8216500">
    <ele>695.0</ele>
    <time>2022-10-02T16:36:29Z</time>
   </trkpt>
   <trkpt lat="44.1158900" lon="-73.8217000">
    <ele>694.4</ele>
    <time>2022-10-02T16:36:34Z</time>
   </trkpt>
   <trkpt lat="44.1158800" lon="-73.8217300">
    <ele>694.0</ele>
    <time>2022-10-02T16:36:37Z</time>
   </trkpt>
   <trkpt lat="44.1158600" lon="-73.8217700">
    <ele>693.5</ele>
    <time>2022-10-02T16:36:40Z</time>
   </trkpt>
   <trkpt lat="44.1158500" lon="-73.8218100">
    <ele>693.0</ele>
    <time>2022-10-02T16:36:44Z</time>
   </trkpt>
   <trkpt lat="44.1158500" lon="-73.8218500">
    <ele>692.6</ele>
    <time>2022-10-02T16:36:47Z</time>
   </trkpt>
   <trkpt lat="44.1158400" lon="-73.8218900">
    <ele>692.1</ele>
    <time>2022-10-02T16:36:52Z</time>
   </trkpt>
   <trkpt lat="44.1158200" lon="-73.8219100">
    <ele>691.8</ele>
    <time>2022-10-02T16:37:06Z</time>
   </trkpt>
   <trkpt lat="44.1158100" lon="-73.8219500">
    <ele>691.3</ele>
    <time>2022-10-02T16:37:48Z</time>
   </trkpt>
   <trkpt lat="44.1158000" lon="-73.8220000">
    <ele>690.8</ele>
    <time>2022-10-02T16:37:53Z</time>
   </trkpt>
   <trkpt lat="44.1157800" lon="-73.8220300">
    <ele>690.3</ele>
    <time>2022-10-02T16:38:06Z</time>
   </trkpt>
   <trkpt lat="44.1157800" lon="-73.8220700">
    <ele>689.9</ele>
    <time>2022-10-02T16:38:12Z</time>
   </trkpt>
   <trkpt lat="44.1157700" lon="-73.8221000">
    <ele>689.6</ele>
    <time>2022-10-02T16:38:15Z</time>
   </trkpt>
   <trkpt lat="44.1157600" lon="-73.8221500">
    <ele>689.0</ele>
    <time>2022-10-02T16:38:19Z</time>
   </trkpt>
   <trkpt lat="44.1157600" lon="-73.8221900">
    <ele>688.6</ele>
    <time>2022-10-02T16:38:29Z</time>
   </trkpt>
   <trkpt lat="44.1157600" lon="-73.8222300">
    <ele>688.1</ele>
    <time>2022-10-02T16:38:33Z</time>
   </trkpt>
   <trkpt lat="44.1157600" lon="-73.8222700">
    <ele>687.6</ele>
    <time>2022-10-02T16:38:38Z</time>
   </trkpt>
   <trkpt lat="44.1157400" lon="-73.8223100">
    <ele>687.0</ele>
    <time>2022-10-02T16:38:44Z</time>
   </trkpt>
   <trkpt lat="44.1157300" lon="-73.8223500">
    <ele>686.5</ele>
    <time>2022-10-02T16:38:52Z</time>
   </trkpt>
   <trkpt lat="44.1157100" lon="-73.8223700">
    <ele>686.1</ele>
    <time>2022-10-02T16:38:56Z</time>
   </trkpt>
   <trkpt lat="44.1157000" lon="-73.8224000">
    <ele>685.7</ele>
    <time>2022-10-02T16:39:01Z</time>
   </trkpt>
   <trkpt lat="44.1156800" lon="-73.8224300">
    <ele>685.1</ele>
    <time>2022-10-02T16:39:05Z</time>
   </trkpt>
   <trkpt lat="44.1156800" lon="-73.8224800">
    <ele>684.5</ele>
    <time>2022-10-02T16:39:09Z</time>
   </trkpt>
   <trkpt lat="44.1156700" lon="-73.8225100">
    <ele>684.1</ele>
    <time>2022-10-02T16:39:15Z</time>
   </trkpt>
   <trkpt lat="44.1156600" lon="-73.8225600">
    <ele>683.5</ele>
    <time>2022-10-02T16:39:20Z</time>
   </trkpt>
   <trkpt lat="44.1156600" lon="-73.8226100">
    <ele>683.0</ele>
    <time>2022-10-02T16:39:23Z</time>
   </trkpt>
   <trkpt lat="44.1156500" lon="-73.8226400">
    <ele>682.6</ele>
    <time>2022-10-02T16:39:27Z</time>
   </trkpt>
   <trkpt lat="44.1156200" lon="-73.8226700">
    <ele>682.1</ele>
    <time>2022-10-02T16:39:32Z</time>
   </trkpt>
   <trkpt lat="44.1156000" lon="-73.8226800">
    <ele>681.8</ele>
    <time>2022-10-02T16:39:36Z</time>
   </trkpt>
   <trkpt lat="44.1155900" lon="-73.8227300">
    <ele>681.3</ele>
    <time>2022-10-02T16:39:41Z</time>
   </trkpt>
   <trkpt lat="44.1155800" lon="-73.8227700">
    <ele>681.0</ele>
    <time>2022-10-02T16:39:45Z</time>
   </trkpt>
   <trkpt lat="44.1155800" lon="-73.8228200">
    <ele>680.6</ele>
    <time>2022-10-02T16:39:49Z</time>
   </trkpt>
   <trkpt lat="44.1155800" lon="-73.8228700">
    <ele>680.2</ele>
    <time>2022-10-02T16:39:52Z</time>
   </trkpt>
   <trkpt lat="44.1155800" lon="-73.8229100">
    <ele>680.0</ele>
    <time>2022-10-02T16:39:55Z</time>
   </trkpt>
   <trkpt lat="44.1155900" lon="-73.8229400">
    <ele>679.7</ele>
    <time>2022-10-02T16:39:59Z</time>
   </trkpt>
   <trkpt lat="44.1156100" lon="-73.8229700">
    <ele>679.5</ele>
    <time>2022-10-02T16:40:05Z</time>
   </trkpt>
   <trkpt lat="44.1156400" lon="-73.8229800">
    <ele>678.5</ele>
    <time>2022-10-02T16:40:08Z</time>
   </trkpt>
   <trkpt lat="44.1156700" lon="-73.8229800">
    <ele>677.9</ele>
    <time>2022-10-02T16:40:15Z</time>
   </trkpt>
   <trkpt lat="44.1156800" lon="-73.8229400">
    <ele>677.2</ele>
    <time>2022-10-02T16:40:22Z</time>
   </trkpt>
   <trkpt lat="44.1157100" lon="-73.8229200">
    <ele>676.5</ele>
    <time>2022-10-02T16:40:31Z</time>
   </trkpt>
   <trkpt lat="44.1157300" lon="-73.8228800">
    <ele>675.8</ele>
    <time>2022-10-02T16:40:34Z</time>
   </trkpt>
   <trkpt lat="44.1157600" lon="-73.8228800">
    <ele>675.1</ele>
    <time>2022-10-02T16:40:37Z</time>
   </trkpt>
   <trkpt lat="44.1158100" lon="-73.8228800">
    <ele>674.1</ele>
    <time>2022-10-02T16:40:40Z</time>
   </trkpt>
   <trkpt lat="44.1158400" lon="-73.8228700">
    <ele>673.4</ele>
    <time>2022-10-02T16:40:44Z</time>
   </trkpt>
   <trkpt lat="44.1158700" lon="-73.8228600">
    <ele>672.7</ele>
    <time>2022-10-02T16:40:48Z</time>
   </trkpt>
   <trkpt lat="44.1159000" lon="-73.8228600">
    <ele>672.0</ele>
    <time>2022-10-02T16:40:52Z</time>
   </trkpt>
   <trkpt lat="44.1159200" lon="-73.8228900">
    <ele>671.5</ele>
    <time>2022-10-02T16:40:56Z</time>
   </trkpt>
   <trkpt lat="44.1159000" lon="-73.8229200">
    <ele>672.1</ele>
    <time>2022-10-02T16:41:09Z</time>
   </trkpt>
   <trkpt lat="44.1158700" lon="-73.8229000">
    <ele>672.8</ele>
    <time>2022-10-02T16:41:14Z</time>
   </trkpt>
   <trkpt lat="44.1158400" lon="-73.8228900">
    <ele>673.4</ele>
    <time>2022-10-02T16:41:18Z</time>
   </trkpt>
   <trkpt lat="44.1158000" lon="-73.8228800">
    <ele>674.2</ele>
    <time>2022-10-02T16:41:21Z</time>
   </trkpt>
   <trkpt lat="44.1157700" lon="-73.8228700">
    <ele>674.8</ele>
    <time>2022-10-02T16:41:25Z</time>
   </trkpt>
   <trkpt lat="44.1157400" lon="-73.8228700">
    <ele>675.4</ele>
    <time>2022-10-02T16:41:28Z</time>
   </trkpt>
   <trkpt lat="44.1157200" lon="-73.8228900">
    <ele>675.9</ele>
    <time>2022-10-02T16:41:31Z</time>
   </trkpt>
   <trkpt lat="44.1157000" lon="-73.8229100">
    <ele>676.3</ele>
    <time>2022-10-02T16:41:34Z</time>
   </trkpt>
   <trkpt lat="44.1156800" lon="-73.8229400">
    <ele>676.9</ele>
    <time>2022-10-02T16:41:37Z</time>
   </trkpt>
   <trkpt lat="44.1156500" lon="-73.8229700">
    <ele>677.6</ele>
    <time>2022-10-02T16:41:41Z</time>
   </trkpt>
   <trkpt lat="44.1156300" lon="-73.8229900">
    <ele>678.1</ele>
    <time>2022-10-02T16:41:46Z</time>
   </trkpt>
   <trkpt lat="44.1156000" lon="-73.8229800">
    <ele>678.7</ele>
    <time>2022-10-02T16:41:53Z</time>
   </trkpt>
   <trkpt lat="44.1155700" lon="-73.8229600">
    <ele>679.4</ele>
    <time>2022-10-02T16:41:58Z</time>
   </trkpt>
   <trkpt lat="44.1155500" lon="-73.8229800">
    <ele>679.6</ele>
    <time>2022-10-02T16:42:06Z</time>
   </trkpt>
   <trkpt lat="44.1155200" lon="-73.8230000">
    <ele>679.7</ele>
    <time>2022-10-02T16:42:11Z</time>
   </trkpt>
   <trkpt lat="44.1154800" lon="-73.8230100">
    <ele>679.8</ele>
    <time>2022-10-02T16:42:14Z</time>
   </trkpt>
   <trkpt lat="44.1154500" lon="-73.8230500">
    <ele>679.9</ele>
    <time>2022-10-02T16:42:17Z</time>
   </trkpt>
   <trkpt lat="44.1154400" lon="-73.8231100">
    <ele>680.0</ele>
    <time>2022-10-02T16:42:20Z</time>
   </trkpt>
   <trkpt lat="44.1154300" lon="-73.8231600">
    <ele>680.2</ele>
    <time>2022-10-02T16:42:23Z</time>
   </trkpt>
   <trkpt lat="44.1154200" lon="-73.8232100">
    <ele>680.2</ele>
    <time>2022-10-02T16:42:27Z</time>
   </trkpt>
   <trkpt lat="44.1154000" lon="-73.8232500">
    <ele>680.3</ele>
    <time>2022-10-02T16:42:30Z</time>
   </trkpt>
   <trkpt lat="44.1153900" lon="-73.8232800">
    <ele>680.4</ele>
    <time>2022-10-02T16:42:34Z</time>
   </trkpt>
   <trkpt lat="44.1153800" lon="-73.8233200">
    <ele>680.5</ele>
    <time>2022-10-02T16:42:38Z</time>
   </trkpt>
   <trkpt lat="44.1153900" lon="-73.8233600">
    <ele>680.5</ele>
    <time>2022-10-02T16:42:55Z</time>
   </trkpt>
   <trkpt lat="44.1153900" lon="-73.8234000">
    <ele>680.6</ele>
    <time>2022-10-02T16:43:15Z</time>
   </trkpt>
   <trkpt lat="44.1153600" lon="-73.8233700">
    <ele>680.6</ele>
    <time>2022-10-02T16:43:51Z</time>
   </trkpt>
   <trkpt lat="44.1153300" lon="-73.8233400">
    <ele>680.7</ele>
    <time>2022-10-02T16:43:53Z</time>
   </trkpt>
   <trkpt lat="44.1153000" lon="-73.8233300">
    <ele>680.7</ele>
    <time>2022-10-02T16:43:55Z</time>
   </trkpt>
   <trkpt lat="44.1152700" lon="-73.8233400">
    <ele>680.8</ele>
    <time>2022-10-02T16:43:59Z</time>
   </trkpt>
   <trkpt lat="44.1152400" lon="-73.8233700">
    <ele>680.8</ele>
    <time>2022-10-02T16:44:01Z</time>
   </trkpt>
   <trkpt lat="44.1152100" lon="-73.8233800">
    <ele>680.8</ele>
    <time>2022-10-02T16:44:04Z</time>
   </trkpt>
   <trkpt lat="44.1152200" lon="-73.8234200">
    <ele>680.9</ele>
    <time>2022-10-02T16:44:18Z</time>
   </trkpt>
   <trkpt lat="44.1152200" lon="-73.8234600">
    <ele>680.9</ele>
    <time>2022-10-02T16:44:23Z</time>
   </trkpt>
   <trkpt lat="44.1152000" lon="-73.8235000">
    <ele>680.9</ele>
    <time>2022-10-02T16:44:26Z</time>
   </trkpt>
   <trkpt lat="44.1151700" lon="-73.8235300">
    <ele>680.9</ele>
    <time>2022-10-02T16:44:29Z</time>
   </trkpt>
   <trkpt lat="44.1151500" lon="-73.8235600">
    <ele>680.9</ele>
    <time>2022-10-02T16:44:31Z</time>
   </trkpt>
   <trkpt lat="44.1151300" lon="-73.8235800">
    <ele>680.9</ele>
    <time>2022-10-02T16:44:33Z</time>
   </trkpt>
   <trkpt lat="44.1151500" lon="-73.8235500">
    <ele>680.9</ele>
    <time>2022-10-02T16:44:40Z</time>
   </trkpt>
   <trkpt lat="44.1151800" lon="-73.8235600">
    <ele>680.9</ele>
    <time>2022-10-02T16:46:33Z</time>
   </trkpt>
   <trkpt lat="44.1151900" lon="-73.8235300">
    <ele>680.9</ele>
    <time>2022-10-02T16:46:38Z</time>
   </trkpt>
   <trkpt lat="44.1152100" lon="-73.8234900">
    <ele>680.8</ele>
    <time>2022-10-02T16:46:41Z</time>
   </trkpt>
   <trkpt lat="44.1152300" lon="-73.8234600">
    <ele>680.8</ele>
    <time>2022-10-02T16:46:44Z</time>
   </trkpt>
   <trkpt lat="44.1152600" lon="-73.8234400">
    <ele>680.8</ele>
    <time>2022-10-02T16:46:48Z</time>
   </trkpt>
   <trkpt lat="44.1152900" lon="-73.8234200">
    <ele>680.8</ele>
    <time>2022-10-02T16:46:52Z</time>
   </trkpt>
   <trkpt lat="44.1153200" lon="-73.8234000">
    <ele>680.7</ele>
    <time>2022-10-02T16:46:56Z</time>
   </trkpt>
   <trkpt lat="44.1153300" lon="-73.8233600">
    <ele>680.7</ele>
    <time>2022-10-02T16:46:59Z</time>
   </trkpt>
   <trkpt lat="44.1153500" lon="-73.8233300">
    <ele>680.8</ele>
    <time>2022-10-02T16:47:03Z</time>
   </trkpt>
   <trkpt lat="44.1153800" lon="-73.8233400">
    <ele>680.8</ele>
    <time>2022-10-02T16:47:08Z</time>
   </trkpt>
   <trkpt lat="44.1154100" lon="-73.8233300">
    <ele>680.9</ele>
    <time>2022-10-02T16:47:12Z</time>
   </trkpt>
   <trkpt lat="44.1154200" lon="-73.8232800">
    <ele>680.9</ele>
    <time>2022-10-02T16:47:16Z</time>
   </trkpt>
   <trkpt lat="44.1154300" lon="-73.8232300">
    <ele>680.8</ele>
    <time>2022-10-02T16:47:19Z</time>
   </trkpt>
   <trkpt lat="44.1154400" lon="-73.8231900">
    <ele>680.8</ele>
    <time>2022-10-02T16:47:22Z</time>
   </trkpt>
   <trkpt lat="44.1154500" lon="-73.8231500">
    <ele>680.7</ele>
    <time>2022-10-02T16:47:24Z</time>
   </trkpt>
   <trkpt lat="44.1154500" lon="-73.8231100">
    <ele>680.5</ele>
    <time>2022-10-02T16:47:27Z</time>
   </trkpt>
   <trkpt lat="44.1154700" lon="-73.8230800">
    <ele>680.4</ele>
    <time>2022-10-02T16:47:31Z</time>
   </trkpt>
   <trkpt lat="44.1154900" lon="-73.8230500">
    <ele>680.2</ele>
    <time>2022-10-02T16:47:35Z</time>
   </trkpt>
   <trkpt lat="44.1155300" lon="-73.8230400">
    <ele>679.9</ele>
    <time>2022-10-02T16:47:39Z</time>
   </trkpt>
   <trkpt lat="44.1155600" lon="-73.8230200">
    <ele>679.6</ele>
    <time>2022-10-02T16:47:42Z</time>
   </trkpt>
   <trkpt lat="44.1155900" lon="-73.8230100">
    <ele>679.2</ele>
    <time>2022-10-02T16:47:45Z</time>
   </trkpt>
   <trkpt lat="44.1156300" lon="-73.8230300">
    <ele>678.5</ele>
    <time>2022-10-02T16:47:49Z</time>
   </trkpt>
   <trkpt lat="44.1156700" lon="-73.8230500">
    <ele>677.7</ele>
    <time>2022-10-02T16:47:51Z</time>
   </trkpt>
   <trkpt lat="44.1157000" lon="-73.8230500">
    <ele>677.1</ele>
    <time>2022-10-02T16:47:53Z</time>
   </trkpt>
   <trkpt lat="44.1157200" lon="-73.8230300">
    <ele>676.7</ele>
    <time>2022-10-02T16:48:02Z</time>
   </trkpt>
   <trkpt lat="44.1157400" lon="-73.8230000">
    <ele>676.2</ele>
    <time>2022-10-02T16:48:05Z</time>
   </trkpt>
   <trkpt lat="44.1157400" lon="-73.8229500">
    <ele>675.5</ele>
    <time>2022-10-02T16:48:09Z</time>
   </trkpt>
   <trkpt lat="44.1157400" lon="-73.8229000">
    <ele>674.9</ele>
    <time>2022-10-02T16:48:12Z</time>
   </trkpt>
   <trkpt lat="44.1157700" lon="-73.8228800">
    <ele>674.3</ele>
    <time>2022-10-02T16:48:17Z</time>
   </trkpt>
   <trkpt lat="44.1158000" lon="-73.8228700">
    <ele>673.7</ele>
    <time>2022-10-02T16:48:20Z</time>
   </trkpt>
   <trkpt lat="44.1158300" lon="-73.8228600">
    <ele>673.1</ele>
    <time>2022-10-02T16:48:25Z</time>
   </trkpt>
   <trkpt lat="44.1158800" lon="-73.8228700">
    <ele>672.2</ele>
    <time>2022-10-02T16:48:28Z</time>
   </trkpt>
   <trkpt lat="44.1159100" lon="-73.8228700">
    <ele>671.6</ele>
    <time>2022-10-02T16:48:31Z</time>
   </trkpt>
   <trkpt lat="44.1159400" lon="-73.8228500">
    <ele>670.9</ele>
    <time>2022-10-02T16:48:34Z</time>
   </trkpt>
   <trkpt lat="44.1159700" lon="-73.8228400">
    <ele>670.4</ele>
    <time>2022-10-02T16:48:36Z</time>
   </trkpt>
   <trkpt lat="44.1160000" lon="-73.8228200">
    <ele>669.7</ele>
    <time>2022-10-02T16:48:40Z</time>
   </trkpt>
   <trkpt lat="44.1160200" lon="-73.8227900">
    <ele>669.2</ele>
    <time>2022-10-02T16:48:44Z</time>
   </trkpt>
   <trkpt lat="44.1160500" lon="-73.8227700">
    <ele>668.7</ele>
    <time>2022-10-02T16:48:48Z</time>
   </trkpt>
   <trkpt lat="44.1160800" lon="-73.8227500">
    <ele>668.1</ele>
    <time>2022-10-02T16:48:53Z</time>
   </trkpt>
   <trkpt lat="44.1161100" lon="-73.8227500">
    <ele>667.6</ele>
    <time>2022-10-02T16:48:57Z</time>
   </trkpt>
   <trkpt lat="44.1161400" lon="-73.8227300">
    <ele>667.1</ele>
    <time>2022-10-02T16:49:00Z</time>
   </trkpt>
   <trkpt lat="44.1161700" lon="-73.8227000">
    <ele>666.6</ele>
    <time>2022-10-02T16:49:04Z</time>
   </trkpt>
   <trkpt lat="44.1161900" lon="-73.8226700">
    <ele>666.1</ele>
    <time>2022-10-02T16:49:08Z</time>
   </trkpt>
   <trkpt lat="44.1162100" lon="-73.8226400">
    <ele>665.6</ele>
    <time>2022-10-02T16:49:12Z</time>
   </trkpt>
   <trkpt lat="44.1162400" lon="-73.8226300">
    <ele>665.2</ele>
    <time>2022-10-02T16:49:16Z</time>
   </trkpt>
   <trkpt lat="44.1162700" lon="-73.8226100">
    <ele>664.6</ele>
    <time>2022-10-02T16:49:20Z</time>
   </trkpt>
   <trkpt lat="44.1162800" lon="-73.8225700">
    <ele>664.2</ele>
    <time>2022-10-02T16:49:25Z</time>
   </trkpt>
   <trkpt lat="44.1162800" lon="-73.8225300">
    <ele>663.7</ele>
    <time>2022-10-02T16:49:29Z</time>
   </trkpt>
   <trkpt lat="44.1163100" lon="-73.8225000">
    <ele>663.2</ele>
    <time>2022-10-02T16:49:32Z</time>
   </trkpt>
   <trkpt lat="44.1163200" lon="-73.8224600">
    <ele>662.7</ele>
    <time>2022-10-02T16:49:36Z</time>
   </trkpt>
   <trkpt lat="44.1163300" lon="-73.8224200">
    <ele>662.3</ele>
    <time>2022-10-02T16:49:41Z</time>
   </trkpt>
   <trkpt lat="44.1163500" lon="-73.8223900">
    <ele>661.9</ele>
    <time>2022-10-02T16:49:45Z</time>
   </trkpt>
   <trkpt lat="44.1163700" lon="-73.8223500">
    <ele>661.3</ele>
    <time>2022-10-02T16:49:49Z</time>
   </trkpt>
   <trkpt lat="44.1163800" lon="-73.8223000">
    <ele>660.7</ele>
    <time>2022-10-02T16:49:54Z</time>
   </trkpt>
   <trkpt lat="44.1163900" lon="-73.8222700">
    <ele>660.3</ele>
    <time>2022-10-02T16:50:01Z</time>
   </trkpt>
   <trkpt lat="44.1164200" lon="-73.8222600">
    <ele>659.7</ele>
    <time>2022-10-02T16:50:17Z</time>
   </trkpt>
   <trkpt lat="44.1164500" lon="-73.8222500">
    <ele>659.2</ele>
    <time>2022-10-02T16:50:22Z</time>
   </trkpt>
   <trkpt lat="44.1164800" lon="-73.8222500">
    <ele>658.5</ele>
    <time>2022-10-02T16:50:26Z</time>
   </trkpt>
   <trkpt lat="44.1164600" lon="-73.8222900">
    <ele>657.8</ele>
    <time>2022-10-02T16:50:37Z</time>
   </trkpt>
   <trkpt lat="44.1164400" lon="-73.8223300">
    <ele>657.1</ele>
    <time>2022-10-02T16:50:45Z</time>
   </trkpt>
   <trkpt lat="44.1164300" lon="-73.8223600">
    <ele>656.6</ele>
    <time>2022-10-02T16:50:47Z</time>
   </trkpt>
   <trkpt lat="44.1164200" lon="-73.8224100">
    <ele>655.8</ele>
    <time>2022-10-02T16:50:49Z</time>
   </trkpt>
   <trkpt lat="44.1164200" lon="-73.8224500">
    <ele>655.3</ele>
    <time>2022-10-02T16:50:52Z</time>
   </trkpt>
   <trkpt lat="44.1164000" lon="-73.8224900">
    <ele>654.7</ele>
    <time>2022-10-02T16:50:58Z</time>
   </trkpt>
   <trkpt lat="44.1164000" lon="-73.8225400">
    <ele>654.1</ele>
    <time>2022-10-02T16:51:02Z</time>
   </trkpt>
   <trkpt lat="44.1164000" lon="-73.8225800">
    <ele>653.6</ele>
    <time>2022-10-02T16:51:05Z</time>
   </trkpt>
   <trkpt lat="44.1164000" lon="-73.8226300">
    <ele>653.0</ele>
    <time>2022-10-02T16:51:08Z</time>
   </trkpt>
   <trkpt lat="44.1164000" lon="-73.8226700">
    <ele>652.5</ele>
    <time>2022-10-02T16:51:14Z</time>
   </trkpt>
   <trkpt lat="44.1163900" lon="-73.8227100">
    <ele>652.0</ele>
    <time>2022-10-02T16:51:18Z</time>
   </trkpt>
   <trkpt lat="44.1163900" lon="-73.8227500">
    <ele>651.6</ele>
    <time>2022-10-02T16:51:22Z</time>
   </trkpt>
   <trkpt lat="44.1163800" lon="-73.8228000">
    <ele>651.0</ele>
    <time>2022-10-02T16:51:25Z</time>
   </trkpt>
   <trkpt lat="44.1163700" lon="-73.8228400">
    <ele>650.6</ele>
    <time>2022-10-02T16:51:29Z</time>
   </trkpt>
   <trkpt lat="44.1163700" lon="-73.8228900">
    <ele>650.0</ele>
    <time>2022-10-02T16:51:33Z</time>
   </trkpt>
   <trkpt lat="44.1163700" lon="-73.8229400">
    <ele>649.4</ele>
    <time>2022-10-02T16:51:36Z</time>
   </trkpt>
   <trkpt lat="44.1163400" lon="-73.8229600">
    <ele>648.9</ele>
    <time>2022-10-02T16:51:40Z</time>
   </trkpt>
   <trkpt lat="44.1163300" lon="-73.8230000">
    <ele>648.3</ele>
    <time>2022-10-02T16:51:44Z</time>
   </trkpt>
   <trkpt lat="44.1163100" lon="-73.8230400">
    <ele>647.7</ele>
    <time>2022-10-02T16:51:48Z</time>
   </trkpt>
   <trkpt lat="44.1163100" lon="-73.8230800">
    <ele>647.2</ele>
    <time>2022-10-02T16:51:51Z</time>
   </trkpt>
   <trkpt lat="44.1163000" lon="-73.8231200">
    <ele>646.5</ele>
    <time>2022-10-02T16:51:55Z</time>
   </trkpt>
   <trkpt lat="44.1162900" lon="-73.8231700">
    <ele>645.7</ele>
    <time>2022-10-02T16:52:02Z</time>
   </trkpt>
   <trkpt lat="44.1162800" lon="-73.8232100">
    <ele>645.0</ele>
    <time>2022-10-02T16:52:05Z</time>
   </trkpt>
   <trkpt lat="44.1162800" lon="-73.8232600">
    <ele>644.1</ele>
    <time>2022-10-02T16:52:14Z</time>
   </trkpt>
   <trkpt lat="44.1162800" lon="-73.8233000">
    <ele>643.3</ele>
    <time>2022-10-02T16:52:17Z</time>
   </trkpt>
   <trkpt lat="44.1163000" lon="-73.8232700">
    <ele>642.5</ele>
    <time>2022-10-02T16:52:23Z</time>
   </trkpt>
   <trkpt lat="44.1163300" lon="-73.8232700">
    <ele>641.7</ele>
    <time>2022-10-02T16:52:27Z</time>
   </trkpt>
   <trkpt lat="44.1163600" lon="-73.8232700">
    <ele>640.8</ele>
    <time>2022-10-02T16:52:31Z</time>
   </trkpt>
   <trkpt lat="44.1163900" lon="-73.8232700">
    <ele>640.0</ele>
    <time>2022-10-02T16:52:34Z</time>
   </trkpt>
   <trkpt lat="44.1164200" lon="-73.8232700">
    <ele>639.2</ele>
    <time>2022-10-02T16:52:41Z</time>
   </trkpt>
   <trkpt lat="44.1164500" lon="-73.8232700">
    <ele>638.4</ele>
    <time>2022-10-02T16:52:45Z</time>
   </trkpt>
   <trkpt lat="44.1164800" lon="-73.8232800">
    <ele>637.6</ele>
    <time>2022-10-02T16:52:49Z</time>
   </trkpt>
   <trkpt lat="44.1165100" lon="-73.8232700">
    <ele>636.8</ele>
    <time>2022-10-02T16:52:54Z</time>
   </trkpt>
   <trkpt lat="44.1165400" lon="-73.8232600">
    <ele>636.1</ele>
    <time>2022-10-02T16:52:57Z</time>
   </trkpt>
   <trkpt lat="44.1165600" lon="-73.8232200">
    <ele>635.3</ele>
    <time>2022-10-02T16:53:00Z</time>
   </trkpt>
   <trkpt lat="44.1165800" lon="-73.8231800">
    <ele>634.5</ele>
    <time>2022-10-02T16:53:04Z</time>
   </trkpt>
   <trkpt lat="44.1166100" lon="-73.8231700">
    <ele>633.8</ele>
    <time>2022-10-02T16:53:09Z</time>
   </trkpt>
   <trkpt lat="44.1166500" lon="-73.8231800">
    <ele>632.8</ele>
    <time>2022-10-02T16:53:12Z</time>
   </trkpt>
   <trkpt lat="44.1166800" lon="-73.8231900">
    <ele>632.1</ele>
    <time>2022-10-02T16:53:16Z</time>
   </trkpt>
   <trkpt lat="44.1167000" lon="-73.8232200">
    <ele>631.4</ele>
    <time>2022-10-02T16:53:20Z</time>
   </trkpt>
   <trkpt lat="44.1167200" lon="-73.8232500">
    <ele>630.7</ele>
    <time>2022-10-02T16:53:22Z</time>
   </trkpt>
   <trkpt lat="44.1167500" lon="-73.8232800">
    <ele>629.8</ele>
    <time>2022-10-02T16:53:25Z</time>
   </trkpt>
   <trkpt lat="44.1167700" lon="-73.8232800">
    <ele>629.3</ele>
    <time>2022-10-02T16:53:29Z</time>
   </trkpt>
   <trkpt lat="44.1168000" lon="-73.8233100">
    <ele>628.5</ele>
    <time>2022-10-02T16:53:40Z</time>
   </trkpt>
   <trkpt lat="44.1168100" lon="-73.8233400">
    <ele>628.0</ele>
    <time>2022-10-02T16:53:43Z</time>
   </trkpt>
   <trkpt lat="44.1168500" lon="-73.8233500">
    <ele>627.1</ele>
    <time>2022-10-02T16:53:46Z</time>
   </trkpt>
   <trkpt lat="44.1168800" lon="-73.8233600">
    <ele>626.6</ele>
    <time>2022-10-02T16:53:52Z</time>
   </trkpt>
   <trkpt lat="44.1169000" lon="-73.8234000">
    <ele>626.0</ele>
    <time>2022-10-02T16:53:55Z</time>
   </trkpt>
   <trkpt lat="44.1169100" lon="-73.8234400">
    <ele>625.5</ele>
    <time>2022-10-02T16:53:58Z</time>
   </trkpt>
   <trkpt lat="44.1169300" lon="-73.8234700">
    <ele>625.1</ele>
    <time>2022-10-02T16:54:00Z</time>
   </trkpt>
   <trkpt lat="44.1169600" lon="-73.8235100">
    <ele>624.6</ele>
    <time>2022-10-02T16:54:03Z</time>
   </trkpt>
   <trkpt lat="44.1169800" lon="-73.8235400">
    <ele>624.2</ele>
    <time>2022-10-02T16:54:07Z</time>
   </trkpt>
   <trkpt lat="44.1170000" lon="-73.8235700">
    <ele>623.9</ele>
    <time>2022-10-02T16:54:11Z</time>
   </trkpt>
   <trkpt lat="44.1170000" lon="-73.8236100">
    <ele>623.5</ele>
    <time>2022-10-02T16:54:14Z</time>
   </trkpt>
   <trkpt lat="44.1169900" lon="-73.8236500">
    <ele>623.2</ele>
    <time>2022-10-02T16:54:17Z</time>
   </trkpt>
   <trkpt lat="44.1169800" lon="-73.8236900">
    <ele>622.9</ele>
    <time>2022-10-02T16:54:20Z</time>
   </trkpt>
   <trkpt lat="44.1169700" lon="-73.8237300">
    <ele>622.5</ele>
    <time>2022-10-02T16:54:23Z</time>
   </trkpt>
   <trkpt lat="44.1169700" lon="-73.8237800">
    <ele>622.1</ele>
    <time>2022-10-02T16:54:25Z</time>
   </trkpt>
   <trkpt lat="44.1169700" lon="-73.8238100">
    <ele>621.9</ele>
    <time>2022-10-02T16:54:27Z</time>
   </trkpt>
   <trkpt lat="44.1169700" lon="-73.8238700">
    <ele>621.4</ele>
    <time>2022-10-02T16:54:31Z</time>
   </trkpt>
   <trkpt lat="44.1169800" lon="-73.8239100">
    <ele>621.1</ele>
    <time>2022-10-02T16:54:34Z</time>
   </trkpt>
   <trkpt lat="44.1170000" lon="-73.8239400">
    <ele>620.8</ele>
    <time>2022-10-02T16:54:38Z</time>
   </trkpt>
   <trkpt lat="44.1170300" lon="-73.8239700">
    <ele>620.5</ele>
    <time>2022-10-02T16:54:41Z</time>
   </trkpt>
   <trkpt lat="44.1170600" lon="-73.8239900">
    <ele>620.2</ele>
    <time>2022-10-02T16:54:44Z</time>
   </trkpt>
   <trkpt lat="44.1170900" lon="-73.8240100">
    <ele>620.0</ele>
    <time>2022-10-02T16:54:47Z</time>
   </trkpt>
   <trkpt lat="44.1171100" lon="-73.8240400">
    <ele>619.7</ele>
    <time>2022-10-02T16:54:50Z</time>
   </trkpt>
   <trkpt lat="44.1171400" lon="-73.8240600">
    <ele>619.5</ele>
    <time>2022-10-02T16:54:53Z</time>
   </trkpt>
   <trkpt lat="44.1171700" lon="-73.8240800">
    <ele>619.3</ele>
    <time>2022-10-02T16:54:56Z</time>
   </trkpt>
   <trkpt lat="44.1171900" lon="-73.8241100">
    <ele>619.2</ele>
    <time>2022-10-02T16:55:00Z</time>
   </trkpt>
   <trkpt lat="44.1171800" lon="-73.8241500">
    <ele>619.0</ele>
    <time>2022-10-02T16:55:04Z</time>
   </trkpt>
   <trkpt lat="44.1171500" lon="-73.8241500">
    <ele>618.8</ele>
    <time>2022-10-02T16:55:39Z</time>
   </trkpt>
   <trkpt lat="44.1171700" lon="-73.8241200">
    <ele>618.6</ele>
    <time>2022-10-02T16:55:48Z</time>
   </trkpt>
   <trkpt lat="44.1172100" lon="-73.8241000">
    <ele>618.4</ele>
    <time>2022-10-02T16:55:50Z</time>
   </trkpt>
   <trkpt lat="44.1172400" lon="-73.8240900">
    <ele>618.2</ele>
    <time>2022-10-02T16:55:52Z</time>
   </trkpt>
   <trkpt lat="44.1172700" lon="-73.8240800">
    <ele>618.0</ele>
    <time>2022-10-02T16:55:54Z</time>
   </trkpt>
   <trkpt lat="44.1173000" lon="-73.8240800">
    <ele>617.9</ele>
    <time>2022-10-02T16:55:56Z</time>
   </trkpt>
   <trkpt lat="44.1173300" lon="-73.8240600">
    <ele>617.7</ele>
    <time>2022-10-02T16:55:59Z</time>
   </trkpt>
   <trkpt lat="44.1173600" lon="-73.8240400">
    <ele>617.6</ele>
    <time>2022-10-02T16:56:02Z</time>
   </trkpt>
   <trkpt lat="44.1174000" lon="-73.8240300">
    <ele>617.4</ele>
    <time>2022-10-02T16:56:05Z</time>
   </trkpt>
   <trkpt lat="44.1174200" lon="-73.8240100">
    <ele>617.4</ele>
    <time>2022-10-02T16:56:08Z</time>
   </trkpt>
   <trkpt lat="44.1174600" lon="-73.8239800">
    <ele>617.2</ele>
    <time>2022-10-02T16:56:11Z</time>
   </trkpt>
   <trkpt lat="44.1174800" lon="-73.8239600">
    <ele>617.2</ele>
    <time>2022-10-02T16:56:13Z</time>
   </trkpt>
   <trkpt lat="44.1175200" lon="-73.8239500">
    <ele>617.1</ele>
    <time>2022-10-02T16:56:16Z</time>
   </trkpt>
   <trkpt lat="44.1175600" lon="-73.8239400">
    <ele>617.0</ele>
    <time>2022-10-02T16:56:19Z</time>
   </trkpt>
   <trkpt lat="44.1175900" lon="-73.8239200">
    <ele>616.9</ele>
    <time>2022-10-02T16:56:22Z</time>
   </trkpt>
   <trkpt lat="44.1176200" lon="-73.8238900">
    <ele>616.8</ele>
    <time>2022-10-02T16:56:25Z</time>
   </trkpt>
   <trkpt lat="44.1176300" lon="-73.8238500">
    <ele>616.8</ele>
    <time>2022-10-02T16:56:28Z</time>
   </trkpt>
   <trkpt lat="44.1176300" lon="-73.8238100">
    <ele>616.8</ele>
    <time>2022-10-02T16:56:31Z</time>
   </trkpt>
   <trkpt lat="44.1176500" lon="-73.8237700">
    <ele>616.7</ele>
    <time>2022-10-02T16:56:34Z</time>
   </trkpt>
   <trkpt lat="44.1176700" lon="-73.8237300">
    <ele>616.7</ele>
    <time>2022-10-02T16:56:37Z</time>
   </trkpt>
   <trkpt lat="44.1177000" lon="-73.8237000">
    <ele>616.7</ele>
    <time>2022-10-02T16:56:41Z</time>
   </trkpt>
   <trkpt lat="44.1177300" lon="-73.8236900">
    <ele>616.7</ele>
    <time>2022-10-02T16:56:45Z</time>
   </trkpt>
   <trkpt lat="44.1177400" lon="-73.8237200">
    <ele>616.6</ele>
    <time>2022-10-02T16:56:55Z</time>
   </trkpt>
   <trkpt lat="44.1177400" lon="-73.8237700">
    <ele>616.5</ele>
    <time>2022-10-02T16:56:59Z</time>
   </trkpt>
   <trkpt lat="44.1177500" lon="-73.8238100">
    <ele>616.4</ele>
    <time>2022-10-02T16:57:03Z</time>
   </trkpt>
   <trkpt lat="44.1177500" lon="-73.8238700">
    <ele>616.3</ele>
    <time>2022-10-02T16:57:06Z</time>
   </trkpt>
   <trkpt lat="44.1177500" lon="-73.8239100">
    <ele>616.2</ele>
    <time>2022-10-02T16:57:09Z</time>
   </trkpt>
   <trkpt lat="44.1177700" lon="-73.8239500">
    <ele>616.1</ele>
    <time>2022-10-02T16:57:12Z</time>
   </trkpt>
   <trkpt lat="44.1177800" lon="-73.8240000">
    <ele>616.1</ele>
    <time>2022-10-02T16:57:15Z</time>
   </trkpt>
   <trkpt lat="44.1177900" lon="-73.8240400">
    <ele>616.0</ele>
    <time>2022-10-02T16:57:17Z</time>
   </trkpt>
   <trkpt lat="44.1178000" lon="-73.8240800">
    <ele>615.9</ele>
    <time>2022-10-02T16:57:36Z</time>
   </trkpt>
   <trkpt lat="44.1178000" lon="-73.8241200">
    <ele>615.9</ele>
    <time>2022-10-02T16:57:39Z</time>
   </trkpt>
   <trkpt lat="44.1178200" lon="-73.8241600">
    <ele>615.8</ele>
    <time>2022-10-02T16:57:43Z</time>
   </trkpt>
   <trkpt lat="44.1178300" lon="-73.8242000">
    <ele>615.8</ele>
    <time>2022-10-02T16:57:47Z</time>
   </trkpt>
   <trkpt lat="44.1178300" lon="-73.8242500">
    <ele>615.7</ele>
    <time>2022-10-02T16:57:51Z</time>
   </trkpt>
   <trkpt lat="44.1178400" lon="-73.8243000">
    <ele>615.5</ele>
    <time>2022-10-02T16:57:56Z</time>
   </trkpt>
   <trkpt lat="44.1178400" lon="-73.8243400">
    <ele>615.4</ele>
    <time>2022-10-02T16:57:59Z</time>
   </trkpt>
   <trkpt lat="44.1178300" lon="-73.8243800">
    <ele>615.3</ele>
    <time>2022-10-02T16:58:03Z</time>
   </trkpt>
   <trkpt lat="44.1178100" lon="-73.8244200">
    <ele>615.1</ele>
    <time>2022-10-02T16:58:07Z</time>
   </trkpt>
   <trkpt lat="44.1178000" lon="-73.8244500">
    <ele>615.0</ele>
    <time>2022-10-02T16:58:11Z</time>
   </trkpt>
   <trkpt lat="44.1177800" lon="-73.8244900">
    <ele>614.7</ele>
    <time>2022-10-02T16:58:15Z</time>
   </trkpt>
   <trkpt lat="44.1177800" lon="-73.8245400">
    <ele>614.5</ele>
    <time>2022-10-02T16:58:19Z</time>
   </trkpt>
   <trkpt lat="44.1177800" lon="-73.8245900">
    <ele>614.2</ele>
    <time>2022-10-02T16:58:22Z</time>
   </trkpt>
   <trkpt lat="44.1177700" lon="-73.8245500">
    <ele>614.0</ele>
    <time>2022-10-02T16:58:30Z</time>
   </trkpt>
   <trkpt lat="44.1177500" lon="-73.8245200">
    <ele>614.0</ele>
    <time>2022-10-02T16:58:41Z</time>
   </trkpt>
   <trkpt lat="44.1177800" lon="-73.8245500">
    <ele>613.6</ele>
    <time>2022-10-02T16:58:48Z</time>
   </trkpt>
   <trkpt lat="44.1178100" lon="-73.8245700">
    <ele>613.3</ele>
    <time>2022-10-02T16:58:51Z</time>
   </trkpt>
   <trkpt lat="44.1178500" lon="-73.8245800">
    <ele>612.8</ele>
    <time>2022-10-02T16:58:54Z</time>
   </trkpt>
   <trkpt lat="44.1178800" lon="-73.8245900">
    <ele>612.5</ele>
    <time>2022-10-02T16:58:57Z</time>
   </trkpt>
   <trkpt lat="44.1179200" lon="-73.8246000">
    <ele>612.1</ele>
    <time>2022-10-02T16:59:00Z</time>
   </trkpt>
   <trkpt lat="44.1179500" lon="-73.8246000">
    <ele>611.8</ele>
    <time>2022-10-02T16:59:03Z</time>
   </trkpt>
   <trkpt lat="44.1179900" lon="-73.8246000">
    <ele>611.4</ele>
    <time>2022-10-02T16:59:06Z</time>
   </trkpt>
   <trkpt lat="44.1180200" lon="-73.8246000">
    <ele>611.1</ele>
    <time>2022-10-02T16:59:08Z</time>
   </trkpt>
   <trkpt lat="44.1180500" lon="-73.8245900">
    <ele>610.9</ele>
    <time>2022-10-02T16:59:10Z</time>
   </trkpt>
   <trkpt lat="44.1180800" lon="-73.8245900">
    <ele>610.6</ele>
    <time>2022-10-02T16:59:13Z</time>
   </trkpt>
   <trkpt lat="44.1181100" lon="-73.8246100">
    <ele>610.2</ele>
    <time>2022-10-02T16:59:18Z</time>
   </trkpt>
   <trkpt lat="44.1181300" lon="-73.8246300">
    <ele>610.0</ele>
    <time>2022-10-02T16:59:23Z</time>
   </trkpt>
   <trkpt lat="44.1181400" lon="-73.8246700">
    <ele>609.7</ele>
    <time>2022-10-02T16:59:29Z</time>
   </trkpt>
   <trkpt lat="44.1181500" lon="-73.8247100">
    <ele>609.3</ele>
    <time>2022-10-02T16:59:33Z</time>
   </trkpt>
   <trkpt lat="44.1181600" lon="-73.8247400">
    <ele>609.0</ele>
    <time>2022-10-02T16:59:36Z</time>
   </trkpt>
   <trkpt lat="44.1181800" lon="-73.8247800">
    <ele>608.5</ele>
    <time>2022-10-02T16:59:40Z</time>
   </trkpt>
   <trkpt lat="44.1182000" lon="-73.8248200">
    <ele>608.1</ele>
    <time>2022-10-02T16:59:44Z</time>
   </trkpt>
   <trkpt lat="44.1182200" lon="-73.8248300">
    <ele>607.7</ele>
    <time>2022-10-02T16:59:49Z</time>
   </trkpt>
   <trkpt lat="44.1182500" lon="-73.8248200">
    <ele>607.3</ele>
    <time>2022-10-02T16:59:58Z</time>
   </trkpt>
   <trkpt lat="44.1182800" lon="-73.8248200">
    <ele>606.8</ele>
    <time>2022-10-02T17:00:03Z</time>
   </trkpt>
   <trkpt lat="44.1183000" lon="-73.8248600">
    <ele>606.2</ele>
    <time>2022-10-02T17:01:53Z</time>
   </trkpt>
   <trkpt lat="44.1183100" lon="-73.8248900">
    <ele>605.7</ele>
    <time>2022-10-02T17:01:56Z</time>
   </trkpt>
   <trkpt lat="44.1183000" lon="-73.8249300">
    <ele>605.2</ele>
    <time>2022-10-02T17:02:00Z</time>
   </trkpt>
   <trkpt lat="44.1183300" lon="-73.8249200">
    <ele>604.7</ele>
    <time>2022-10-02T17:02:34Z</time>
   </trkpt>
   <trkpt lat="44.1183500" lon="-73.8249100">
    <ele>604.3</ele>
    <time>2022-10-02T17:02:49Z</time>
   </trkpt>
   <trkpt lat="44.1183800" lon="-73.8248800">
    <ele>603.7</ele>
    <time>2022-10-02T17:04:02Z</time>
   </trkpt>
   <trkpt lat="44.1183500" lon="-73.8248600">
    <ele>603.1</ele>
    <time>2022-10-02T17:05:00Z</time>
   </trkpt>
   <trkpt lat="44.1183400" lon="-73.8248300">
    <ele>602.7</ele>
    <time>2022-10-02T17:05:05Z</time>
   </trkpt>
   <trkpt lat="44.1183600" lon="-73.8248000">
    <ele>602.2</ele>
    <time>2022-10-02T17:05:26Z</time>
   </trkpt>
   <trkpt lat="44.1183900" lon="-73.8247900">
    <ele>601.8</ele>
    <time>2022-10-02T17:05:29Z</time>
   </trkpt>
   <trkpt lat="44.1184000" lon="-73.8248300">
    <ele>601.3</ele>
    <time>2022-10-02T17:05:38Z</time>
   </trkpt>
   <trkpt lat="44.1183700" lon="-73.8248600">
    <ele>600.8</ele>
    <time>2022-10-02T17:05:44Z</time>
   </trkpt>
   <trkpt lat="44.1183700" lon="-73.8249000">
    <ele>600.4</ele>
    <time>2022-10-02T17:05:57Z</time>
   </trkpt>
   <trkpt lat="44.1183600" lon="-73.8249300">
    <ele>600.1</ele>
    <time>2022-10-02T17:06:10Z</time>
   </trkpt>
   <trkpt lat="44.1183800" lon="-73.8248900">
    <ele>599.7</ele>
    <time>2022-10-02T17:06:16Z</time>
   </trkpt>
   <trkpt lat="44.1184100" lon="-73.8248600">
    <ele>599.3</ele>
    <time>2022-10-02T17:06:19Z</time>
   </trkpt>
   <trkpt lat="44.1184400" lon="-73.8248300">
    <ele>598.9</ele>
    <time>2022-10-02T17:06:22Z</time>
   </trkpt>
   <trkpt lat="44.1184700" lon="-73.8248100">
    <ele>598.6</ele>
    <time>2022-10-02T17:06:25Z</time>
   </trkpt>
   <trkpt lat="44.1185000" lon="-73.8248100">
    <ele>598.3</ele>
    <time>2022-10-02T17:06:28Z</time>
   </trkpt>
   <trkpt lat="44.1185200" lon="-73.8248300">
    <ele>598.1</ele>
    <time>2022-10-02T17:06:31Z</time>
   </trkpt>
   <trkpt lat="44.1185300" lon="-73.8248800">
    <ele>598.1</ele>
    <time>2022-10-02T17:06:34Z</time>
   </trkpt>
   <trkpt lat="44.1185400" lon="-73.8249300">
    <ele>598.1</ele>
    <time>2022-10-02T17:06:37Z</time>
   </trkpt>
   <trkpt lat="44.1185500" lon="-73.8249800">
    <ele>598.1</ele>
    <time>2022-10-02T17:06:40Z</time>
   </trkpt>
   <trkpt lat="44.1185500" lon="-73.8250200">
    <ele>598.1</ele>
    <time>2022-10-02T17:06:42Z</time>
   </trkpt>
   <trkpt lat="44.1185500" lon="-73.8250700">
    <ele>598.1</ele>
    <time>2022-10-02T17:06:44Z</time>
   </trkpt>
   <trkpt lat="44.1185400" lon="-73.8251100">
    <ele>598.1</ele>
    <time>2022-10-02T17:06:48Z</time>
   </trkpt>
   <trkpt lat="44.1185600" lon="-73.8250800">
    <ele>598.1</ele>
    <time>2022-10-02T17:07:00Z</time>
   </trkpt>
   <trkpt lat="44.1185300" lon="-73.8250500">
    <ele>598.1</ele>
    <time>2022-10-02T17:07:09Z</time>
   </trkpt>
   <trkpt lat="44.1185200" lon="-73.8251000">
    <ele>598.1</ele>
    <time>2022-10-02T17:07:17Z</time>
   </trkpt>
   <trkpt lat="44.1185200" lon="-73.8251400">
    <ele>598.1</ele>
    <time>2022-10-02T17:07:21Z</time>
   </trkpt>
   <trkpt lat="44.1184900" lon="-73.8251200">
    <ele>598.1</ele>
    <time>2022-10-02T17:07:44Z</time>
   </trkpt>
   <trkpt lat="44.1185100" lon="-73.8250800">
    <ele>598.0</ele>
    <time>2022-10-02T17:07:54Z</time>
   </trkpt>
   <trkpt lat="44.1185200" lon="-73.8251200">
    <ele>598.0</ele>
    <time>2022-10-02T17:08:05Z</time>
   </trkpt>
   <trkpt lat="44.1185400" lon="-73.8251400">
    <ele>598.0</ele>
    <time>2022-10-02T17:08:15Z</time>
   </trkpt>
   <trkpt lat="44.1185400" lon="-73.8251800">
    <ele>598.0</ele>
    <time>2022-10-02T17:08:36Z</time>
   </trkpt>
   <trkpt lat="44.1185600" lon="-73.8251600">
    <ele>598.0</ele>
    <time>2022-10-02T17:08:55Z</time>
   </trkpt>
   <trkpt lat="44.1185900" lon="-73.8251800">
    <ele>598.0</ele>
    <time>2022-10-02T17:09:05Z</time>
   </trkpt>
   <trkpt lat="44.1185800" lon="-73.8251500">
    <ele>598.0</ele>
    <time>2022-10-02T17:09:16Z</time>
   </trkpt>
   <trkpt lat="44.1185700" lon="-73.8251900">
    <ele>598.0</ele>
    <time>2022-10-02T17:09:26Z</time>
   </trkpt>
   <trkpt lat="44.1185800" lon="-73.8252400">
    <ele>598.0</ele>
    <time>2022-10-02T17:09:29Z</time>
   </trkpt>
   <trkpt lat="44.1185800" lon="-73.8252900">
    <ele>598.0</ele>
    <time>2022-10-02T17:09:32Z</time>
   </trkpt>
   <trkpt lat="44.1185900" lon="-73.8253300">
    <ele>598.1</ele>
    <time>2022-10-02T17:09:34Z</time>
   </trkpt>
   <trkpt lat="44.1185900" lon="-73.8253700">
    <ele>598.2</ele>
    <time>2022-10-02T17:09:37Z</time>
   </trkpt>
   <trkpt lat="44.1185800" lon="-73.8254200">
    <ele>598.4</ele>
    <time>2022-10-02T17:09:41Z</time>
   </trkpt>
   <trkpt lat="44.1185700" lon="-73.8254500">
    <ele>598.6</ele>
    <time>2022-10-02T17:09:44Z</time>
   </trkpt>
   <trkpt lat="44.1185600" lon="-73.8254900">
    <ele>598.8</ele>
    <time>2022-10-02T17:09:47Z</time>
   </trkpt>
   <trkpt lat="44.1185500" lon="-73.8255300">
    <ele>599.2</ele>
    <time>2022-10-02T17:09:50Z</time>
   </trkpt>
   <trkpt lat="44.1185500" lon="-73.8255700">
    <ele>599.5</ele>
    <time>2022-10-02T17:09:53Z</time>
   </trkpt>
   <trkpt lat="44.1185500" lon="-73.8256200">
    <ele>599.9</ele>
    <time>2022-10-02T17:09:57Z</time>
   </trkpt>
   <trkpt lat="44.1185600" lon="-73.8256600">
    <ele>600.4</ele>
    <time>2022-10-02T17:10:03Z</time>
   </trkpt>
   <trkpt lat="44.1185700" lon="-73.8257000">
    <ele>600.8</ele>
    <time>2022-10-02T17:10:09Z</time>
   </trkpt>
   <trkpt lat="44.1185800" lon="-73.8257300">
    <ele>601.1</ele>
    <time>2022-10-02T17:10:14Z</time>
   </trkpt>
   <trkpt lat="44.1185600" lon="-73.8257700">
    <ele>601.6</ele>
    <time>2022-10-02T17:10:18Z</time>
   </trkpt>
   <trkpt lat="44.1185500" lon="-73.8258100">
    <ele>601.9</ele>
    <time>2022-10-02T17:10:22Z</time>
   </trkpt>
   <trkpt lat="44.1185300" lon="-73.8258600">
    <ele>602.4</ele>
    <time>2022-10-02T17:10:26Z</time>
   </trkpt>
   <trkpt lat="44.1185200" lon="-73.8258900">
    <ele>602.6</ele>
    <time>2022-10-02T17:10:29Z</time>
   </trkpt>
   <trkpt lat="44.1185000" lon="-73.8259200">
    <ele>602.8</ele>
    <time>2022-10-02T17:10:33Z</time>
   </trkpt>
   <trkpt lat="44.1184800" lon="-73.8259500">
    <ele>603.0</ele>
    <time>2022-10-02T17:10:37Z</time>
   </trkpt>
   <trkpt lat="44.1184500" lon="-73.8259500">
    <ele>603.2</ele>
    <time>2022-10-02T17:10:41Z</time>
   </trkpt>
   <trkpt lat="44.1184200" lon="-73.8259600">
    <ele>603.4</ele>
    <time>2022-10-02T17:10:46Z</time>
   </trkpt>
   <trkpt lat="44.1183800" lon="-73.8259500">
    <ele>603.6</ele>
    <time>2022-10-02T17:10:51Z</time>
   </trkpt>
   <trkpt lat="44.1183500" lon="-73.8259600">
    <ele>603.8</ele>
    <time>2022-10-02T17:10:55Z</time>
   </trkpt>
   <trkpt lat="44.1183400" lon="-73.8260100">
    <ele>604.1</ele>
    <time>2022-10-02T17:10:58Z</time>
   </trkpt>
   <trkpt lat="44.1183200" lon="-73.8260500">
    <ele>604.3</ele>
    <time>2022-10-02T17:11:01Z</time>
   </trkpt>
   <trkpt lat="44.1182900" lon="-73.8260700">
    <ele>604.5</ele>
    <time>2022-10-02T17:11:04Z</time>
   </trkpt>
   <trkpt lat="44.1182700" lon="-73.8261000">
    <ele>604.7</ele>
    <time>2022-10-02T17:11:07Z</time>
   </trkpt>
   <trkpt lat="44.1182400" lon="-73.8261500">
    <ele>605.2</ele>
    <time>2022-10-02T17:11:10Z</time>
   </trkpt>
   <trkpt lat="44.1182300" lon="-73.8261900">
    <ele>605.5</ele>
    <time>2022-10-02T17:11:12Z</time>
   </trkpt>
   <trkpt lat="44.1182300" lon="-73.8262200">
    <ele>605.8</ele>
    <time>2022-10-02T17:11:14Z</time>
   </trkpt>
   <trkpt lat="44.1182200" lon="-73.8262700">
    <ele>606.3</ele>
    <time>2022-10-02T17:11:17Z</time>
   </trkpt>
   <trkpt lat="44.1182200" lon="-73.8263200">
    <ele>606.9</ele>
    <time>2022-10-02T17:11:20Z</time>
   </trkpt>
   <trkpt lat="44.1182200" lon="-73.8263600">
    <ele>607.3</ele>
    <time>2022-10-02T17:11:25Z</time>
   </trkpt>
   <trkpt lat="44.1182300" lon="-73.8264100">
    <ele>608.0</ele>
    <time>2022-10-02T17:11:29Z</time>
   </trkpt>
   <trkpt lat="44.1182500" lon="-73.8264500">
    <ele>608.6</ele>
    <time>2022-10-02T17:11:33Z</time>
   </trkpt>
   <trkpt lat="44.1182500" lon="-73.8264900">
    <ele>609.2</ele>
    <time>2022-10-02T17:11:37Z</time>
   </trkpt>
   <trkpt lat="44.1182500" lon="-73.8265300">
    <ele>609.7</ele>
    <time>2022-10-02T17:11:41Z</time>
   </trkpt>
   <trkpt lat="44.1182700" lon="-73.8265600">
    <ele>610.3</ele>
    <time>2022-10-02T17:11:48Z</time>
   </trkpt>
   <trkpt lat="44.1182800" lon="-73.8265900">
    <ele>610.8</ele>
    <time>2022-10-02T17:11:53Z</time>
   </trkpt>
   <trkpt lat="44.1182900" lon="-73.8266300">
    <ele>611.4</ele>
    <time>2022-10-02T17:11:59Z</time>
   </trkpt>
   <trkpt lat="44.1183000" lon="-73.8266700">
    <ele>612.0</ele>
    <time>2022-10-02T17:12:06Z</time>
   </trkpt>
   <trkpt lat="44.1183100" lon="-73.8267100">
    <ele>612.5</ele>
    <time>2022-10-02T17:12:10Z</time>
   </trkpt>
   <trkpt lat="44.1183300" lon="-73.8267300">
    <ele>612.9</ele>
    <time>2022-10-02T17:12:13Z</time>
   </trkpt>
   <trkpt lat="44.1183500" lon="-73.8267600">
    <ele>613.4</ele>
    <time>2022-10-02T17:12:18Z</time>
   </trkpt>
   <trkpt lat="44.1183600" lon="-73.8268100">
    <ele>613.9</ele>
    <time>2022-10-02T17:12:22Z</time>
   </trkpt>
   <trkpt lat="44.1183600" lon="-73.8268500">
    <ele>614.3</ele>
    <time>2022-10-02T17:12:25Z</time>
   </trkpt>
   <trkpt lat="44.1183700" lon="-73.8269000">
    <ele>614.8</ele>
    <time>2022-10-02T17:12:29Z</time>
   </trkpt>
   <trkpt lat="44.1183600" lon="-73.8269300">
    <ele>615.1</ele>
    <time>2022-10-02T17:12:33Z</time>
   </trkpt>
   <trkpt lat="44.1183200" lon="-73.8269300">
    <ele>615.6</ele>
    <time>2022-10-02T17:12:37Z</time>
   </trkpt>
   <trkpt lat="44.1182900" lon="-73.8269200">
    <ele>615.9</ele>
    <time>2022-10-02T17:12:41Z</time>
   </trkpt>
   <trkpt lat="44.1182600" lon="-73.8269000">
    <ele>616.2</ele>
    <time>2022-10-02T17:12:44Z</time>
   </trkpt>
   <trkpt lat="44.1182200" lon="-73.8268900">
    <ele>616.5</ele>
    <time>2022-10-02T17:12:47Z</time>
   </trkpt>
   <trkpt lat="44.1181900" lon="-73.8269100">
    <ele>616.7</ele>
    <time>2022-10-02T17:12:51Z</time>
   </trkpt>
   <trkpt lat="44.1181600" lon="-73.8269300">
    <ele>616.9</ele>
    <time>2022-10-02T17:12:55Z</time>
   </trkpt>
   <trkpt lat="44.1181400" lon="-73.8269300">
    <ele>617.0</ele>
    <time>2022-10-02T17:13:00Z</time>
   </trkpt>
   <trkpt lat="44.1181200" lon="-73.8269800">
    <ele>617.2</ele>
    <time>2022-10-02T17:13:06Z</time>
   </trkpt>
   <trkpt lat="44.1181200" lon="-73.8270300">
    <ele>617.3</ele>
    <time>2022-10-02T17:13:08Z</time>
   </trkpt>
   <trkpt lat="44.1181300" lon="-73.8270800">
    <ele>618.1</ele>
    <time>2022-10-02T17:13:10Z</time>
   </trkpt>
   <trkpt lat="44.1181400" lon="-73.8271100">
    <ele>618.3</ele>
    <time>2022-10-02T17:13:12Z</time>
   </trkpt>
   <trkpt lat="44.1181600" lon="-73.8271500">
    <ele>618.7</ele>
    <time>2022-10-02T17:13:15Z</time>
   </trkpt>
   <trkpt lat="44.1181800" lon="-73.8271800">
    <ele>619.1</ele>
    <time>2022-10-02T17:13:18Z</time>
   </trkpt>
   <trkpt lat="44.1182000" lon="-73.8272200">
    <ele>619.5</ele>
    <time>2022-10-02T17:13:21Z</time>
   </trkpt>
   <trkpt lat="44.1182100" lon="-73.8272500">
    <ele>619.7</ele>
    <time>2022-10-02T17:13:24Z</time>
   </trkpt>
   <trkpt lat="44.1182300" lon="-73.8272800">
    <ele>620.1</ele>
    <time>2022-10-02T17:13:27Z</time>
   </trkpt>
   <trkpt lat="44.1182400" lon="-73.8273100">
    <ele>620.3</ele>
    <time>2022-10-02T17:13:31Z</time>
   </trkpt>
   <trkpt lat="44.1182700" lon="-73.8273400">
    <ele>620.7</ele>
    <time>2022-10-02T17:13:36Z</time>
   </trkpt>
   <trkpt lat="44.1182700" lon="-73.8273800">
    <ele>621.1</ele>
    <time>2022-10-02T17:13:42Z</time>
   </trkpt>
   <trkpt lat="44.1182700" lon="-73.8274300">
    <ele>621.5</ele>
    <time>2022-10-02T17:13:46Z</time>
   </trkpt>
   <trkpt lat="44.1182800" lon="-73.8274700">
    <ele>621.8</ele>
    <time>2022-10-02T17:13:49Z</time>
   </trkpt>
   <trkpt lat="44.1183000" lon="-73.8275100">
    <ele>622.2</ele>
    <time>2022-10-02T17:13:53Z</time>
   </trkpt>
   <trkpt lat="44.1183200" lon="-73.8275400">
    <ele>622.5</ele>
    <time>2022-10-02T17:13:56Z</time>
   </trkpt>
   <trkpt lat="44.1183300" lon="-73.8275800">
    <ele>622.8</ele>
    <time>2022-10-02T17:13:59Z</time>
   </trkpt>
   <trkpt lat="44.1183300" lon="-73.8276300">
    <ele>623.1</ele>
    <time>2022-10-02T17:14:02Z</time>
   </trkpt>
   <trkpt lat="44.1183300" lon="-73.8276700">
    <ele>623.4</ele>
    <time>2022-10-02T17:14:05Z</time>
   </trkpt>
   <trkpt lat="44.1183400" lon="-73.8277200">
    <ele>623.7</ele>
    <time>2022-10-02T17:14:08Z</time>
   </trkpt>
   <trkpt lat="44.1183600" lon="-73.8277500">
    <ele>624.0</ele>
    <time>2022-10-02T17:14:11Z</time>
   </trkpt>
   <trkpt lat="44.1183700" lon="-73.8277900">
    <ele>624.3</ele>
    <time>2022-10-02T17:14:14Z</time>
   </trkpt>
   <trkpt lat="44.1183900" lon="-73.8278300">
    <ele>624.6</ele>
    <time>2022-10-02T17:14:17Z</time>
   </trkpt>
   <trkpt lat="44.1184200" lon="-73.8278600">
    <ele>624.9</ele>
    <time>2022-10-02T17:14:21Z</time>
   </trkpt>
   <trkpt lat="44.1184300" lon="-73.8279000">
    <ele>625.1</ele>
    <time>2022-10-02T17:14:25Z</time>
   </trkpt>
   <trkpt lat="44.1184500" lon="-73.8279300">
    <ele>625.4</ele>
    <time>2022-10-02T17:14:29Z</time>
   </trkpt>
   <trkpt lat="44.1184700" lon="-73.8279700">
    <ele>625.7</ele>
    <time>2022-10-02T17:14:33Z</time>
   </trkpt>
   <trkpt lat="44.1184800" lon="-73.8280100">
    <ele>626.0</ele>
    <time>2022-10-02T17:14:37Z</time>
   </trkpt>
   <trkpt lat="44.1184900" lon="-73.8280600">
    <ele>626.4</ele>
    <time>2022-10-02T17:14:40Z</time>
   </trkpt>
   <trkpt lat="44.1185000" lon="-73.8280900">
    <ele>626.6</ele>
    <time>2022-10-02T17:14:43Z</time>
   </trkpt>
   <trkpt lat="44.1185200" lon="-73.8281500">
    <ele>627.0</ele>
    <time>2022-10-02T17:14:47Z</time>
   </trkpt>
   <trkpt lat="44.1185400" lon="-73.8281800">
    <ele>627.3</ele>
    <time>2022-10-02T17:14:50Z</time>
   </trkpt>
   <trkpt lat="44.1185400" lon="-73.8282300">
    <ele>627.7</ele>
    <time>2022-10-02T17:14:54Z</time>
   </trkpt>
   <trkpt lat="44.1185500" lon="-73.8282700">
    <ele>628.0</ele>
    <time>2022-10-02T17:14:58Z</time>
   </trkpt>
   <trkpt lat="44.1185600" lon="-73.8283200">
    <ele>628.4</ele>
    <time>2022-10-02T17:15:01Z</time>
   </trkpt>
   <trkpt lat="44.1185400" lon="-73.8283500">
    <ele>628.7</ele>
    <time>2022-10-02T17:15:07Z</time>
   </trkpt>
   <trkpt lat="44.1185400" lon="-73.8283900">
    <ele>629.0</ele>
    <time>2022-10-02T17:15:10Z</time>
   </trkpt>
   <trkpt lat="44.1185600" lon="-73.8284300">
    <ele>629.4</ele>
    <time>2022-10-02T17:15:12Z</time>
   </trkpt>
   <trkpt lat="44.1185700" lon="-73.8284700">
    <ele>629.7</ele>
    <time>2022-10-02T17:15:15Z</time>
   </trkpt>
   <trkpt lat="44.1185700" lon="-73.8285300">
    <ele>630.1</ele>
    <time>2022-10-02T17:15:19Z</time>
   </trkpt>
   <trkpt lat="44.1185700" lon="-73.8285700">
    <ele>630.4</ele>
    <time>2022-10-02T17:15:22Z</time>
   </trkpt>
   <trkpt lat="44.1185600" lon="-73.8286100">
    <ele>630.8</ele>
    <time>2022-10-02T17:15:26Z</time>
   </trkpt>
   <trkpt lat="44.1185600" lon="-73.8286500">
    <ele>631.1</ele>
    <time>2022-10-02T17:15:31Z</time>
   </trkpt>
   <trkpt lat="44.1185500" lon="-73.8286900">
    <ele>631.4</ele>
    <time>2022-10-02T17:15:35Z</time>
   </trkpt>
   <trkpt lat="44.1185600" lon="-73.8287300">
    <ele>631.7</ele>
    <time>2022-10-02T17:15:40Z</time>
   </trkpt>
   <trkpt lat="44.1185900" lon="-73.8287400">
    <ele>632.0</ele>
    <time>2022-10-02T17:15:42Z</time>
   </trkpt>
   <trkpt lat="44.1186100" lon="-73.8287600">
    <ele>632.3</ele>
    <time>2022-10-02T17:15:44Z</time>
   </trkpt>
   <trkpt lat="44.1186400" lon="-73.8287800">
    <ele>632.6</ele>
    <time>2022-10-02T17:15:47Z</time>
   </trkpt>
   <trkpt lat="44.1186700" lon="-73.8288000">
    <ele>633.0</ele>
    <time>2022-10-02T17:15:51Z</time>
   </trkpt>
   <trkpt lat="44.1186900" lon="-73.8288200">
    <ele>633.2</ele>
    <time>2022-10-02T17:15:58Z</time>
   </trkpt>
   <trkpt lat="44.1186800" lon="-73.8288600">
    <ele>633.5</ele>
    <time>2022-10-02T17:16:09Z</time>
   </trkpt>
   <trkpt lat="44.1187000" lon="-73.8289000">
    <ele>633.9</ele>
    <time>2022-10-02T17:16:13Z</time>
   </trkpt>
   <trkpt lat="44.1186800" lon="-73.8289200">
    <ele>634.2</ele>
    <time>2022-10-02T17:16:33Z</time>
   </trkpt>
   <trkpt lat="44.1186500" lon="-73.8289100">
    <ele>634.5</ele>
    <time>2022-10-02T17:16:38Z</time>
   </trkpt>
   <trkpt lat="44.1186200" lon="-73.8289000">
    <ele>634.8</ele>
    <time>2022-10-02T17:16:50Z</time>
   </trkpt>
   <trkpt lat="44.1186000" lon="-73.8289400">
    <ele>635.2</ele>
    <time>2022-10-02T17:16:55Z</time>
   </trkpt>
   <trkpt lat="44.1185700" lon="-73.8289600">
    <ele>635.5</ele>
    <time>2022-10-02T17:17:00Z</time>
   </trkpt>
   <trkpt lat="44.1185600" lon="-73.8290000">
    <ele>635.8</ele>
    <time>2022-10-02T17:17:08Z</time>
   </trkpt>
   <trkpt lat="44.1185400" lon="-73.8290400">
    <ele>636.2</ele>
    <time>2022-10-02T17:17:20Z</time>
   </trkpt>
   <trkpt lat="44.1185600" lon="-73.8290700">
    <ele>636.5</ele>
    <time>2022-10-02T17:17:25Z</time>
   </trkpt>
   <trkpt lat="44.1185100" lon="-73.8291000">
    <ele>637.1</ele>
    <time>2022-10-02T17:17:48Z</time>
   </trkpt>
   <trkpt lat="44.1185400" lon="-73.8291800">
    <ele>637.8</ele>
    <time>2022-10-02T17:18:07Z</time>
   </trkpt>
   <trkpt lat="44.1185400" lon="-73.8291400">
    <ele>638.1</ele>
    <time>2022-10-02T17:18:51Z</time>
   </trkpt>
   <trkpt lat="44.1185500" lon="-73.8291000">
    <ele>638.4</ele>
    <time>2022-10-02T17:18:54Z</time>
   </trkpt>
   <trkpt lat="44.1185600" lon="-73.8290700">
    <ele>638.7</ele>
    <time>2022-10-02T17:18:59Z</time>
   </trkpt>
   <trkpt lat="44.1185500" lon="-73.8290300">
    <ele>639.0</ele>
    <time>2022-10-02T17:19:05Z</time>
   </trkpt>
   <trkpt lat="44.1185900" lon="-73.8290200">
    <ele>639.5</ele>
    <time>2022-10-02T17:19:14Z</time>
   </trkpt>
   <trkpt lat="44.1185700" lon="-73.8289900">
    <ele>639.8</ele>
    <time>2022-10-02T17:19:19Z</time>
   </trkpt>
   <trkpt lat="44.1185500" lon="-73.8290000">
    <ele>640.0</ele>
    <time>2022-10-02T17:19:22Z</time>
   </trkpt>
   <trkpt lat="44.1185700" lon="-73.8289800">
    <ele>640.3</ele>
    <time>2022-10-02T17:19:49Z</time>
   </trkpt>
   <trkpt lat="44.1186000" lon="-73.8289800">
    <ele>640.6</ele>
    <time>2022-10-02T17:19:53Z</time>
   </trkpt>
   <trkpt lat="44.1186100" lon="-73.8290400">
    <ele>641.1</ele>
    <time>2022-10-02T17:20:06Z</time>
   </trkpt>
   <trkpt lat="44.1186000" lon="-73.8290700">
    <ele>641.4</ele>
    <time>2022-10-02T17:20:09Z</time>
   </trkpt>
   <trkpt lat="44.1185800" lon="-73.8291100">
    <ele>641.8</ele>
    <time>2022-10-02T17:20:13Z</time>
   </trkpt>
   <trkpt lat="44.1185500" lon="-73.8291100">
    <ele>642.2</ele>
    <time>2022-10-02T17:20:39Z</time>
   </trkpt>
   <trkpt lat="44.1185300" lon="-73.8290800">
    <ele>642.5</ele>
    <time>2022-10-02T17:21:11Z</time>
   </trkpt>
   <trkpt lat="44.1185000" lon="-73.8290600">
    <ele>642.9</ele>
    <time>2022-10-02T17:21:26Z</time>
   </trkpt>
   <trkpt lat="44.1185200" lon="-73.8290400">
    <ele>643.2</ele>
    <time>2022-10-02T17:21:39Z</time>
   </trkpt>
   <trkpt lat="44.1185500" lon="-73.8290400">
    <ele>643.5</ele>
    <time>2022-10-02T17:21:48Z</time>
   </trkpt>
   <trkpt lat="44.1185900" lon="-73.8290500">
    <ele>644.0</ele>
    <time>2022-10-02T17:21:53Z</time>
   </trkpt>
   <trkpt lat="44.1185600" lon="-73.8290600">
    <ele>644.4</ele>
    <time>2022-10-02T17:22:02Z</time>
   </trkpt>
   <trkpt lat="44.1185800" lon="-73.8290900">
    <ele>644.8</ele>
    <time>2022-10-02T17:22:17Z</time>
   </trkpt>
   <trkpt lat="44.1186100" lon="-73.8290900">
    <ele>645.1</ele>
    <time>2022-10-02T17:22:27Z</time>
   </trkpt>
   <trkpt lat="44.1186400" lon="-73.8290300">
    <ele>645.8</ele>
    <time>2022-10-02T17:22:36Z</time>
   </trkpt>
   <trkpt lat="44.1186400" lon="-73.8290600">
    <ele>646.1</ele>
    <time>2022-10-02T17:22:44Z</time>
   </trkpt>
   <trkpt lat="44.1187000" lon="-73.8290800">
    <ele>646.8</ele>
    <time>2022-10-02T17:23:03Z</time>
   </trkpt>
   <trkpt lat="44.1186500" lon="-73.8292400">
    <ele>648.5</ele>
    <time>2022-10-02T17:23:22Z</time>
   </trkpt>
   <trkpt lat="44.1186200" lon="-73.8292200">
    <ele>649.0</ele>
    <time>2022-10-02T17:23:36Z</time>
   </trkpt>
   <trkpt lat="44.1185900" lon="-73.8292300">
    <ele>649.4</ele>
    <time>2022-10-02T17:23:41Z</time>
   </trkpt>
   <trkpt lat="44.1186100" lon="-73.8292000">
    <ele>649.8</ele>
    <time>2022-10-02T17:24:01Z</time>
   </trkpt>
   <trkpt lat="44.1185900" lon="-73.8292300">
    <ele>650.3</ele>
    <time>2022-10-02T17:24:18Z</time>
   </trkpt>
   <trkpt lat="44.1186200" lon="-73.8292600">
    <ele>650.8</ele>
    <time>2022-10-02T17:24:31Z</time>
   </trkpt>
   <trkpt lat="44.1186600" lon="-73.8292700">
    <ele>651.4</ele>
    <time>2022-10-02T17:24:35Z</time>
   </trkpt>
   <trkpt lat="44.1186500" lon="-73.8292300">
    <ele>651.8</ele>
    <time>2022-10-02T17:24:43Z</time>
   </trkpt>
   <trkpt lat="44.1186300" lon="-73.8291900">
    <ele>652.3</ele>
    <time>2022-10-02T17:24:47Z</time>
   </trkpt>
   <trkpt lat="44.1186500" lon="-73.8291400">
    <ele>652.9</ele>
    <time>2022-10-02T17:24:59Z</time>
   </trkpt>
   <trkpt lat="44.1186500" lon="-73.8291000">
    <ele>653.2</ele>
    <time>2022-10-02T17:25:19Z</time>
   </trkpt>
   <trkpt lat="44.1186200" lon="-73.8291000">
    <ele>653.6</ele>
    <time>2022-10-02T17:25:31Z</time>
   </trkpt>
   <trkpt lat="44.1186200" lon="-73.8290600">
    <ele>654.0</ele>
    <time>2022-10-02T17:25:43Z</time>
   </trkpt>
   <trkpt lat="44.1186200" lon="-73.8290200">
    <ele>653.4</ele>
    <time>2022-10-02T17:25:47Z</time>
   </trkpt>
   <trkpt lat="44.1185900" lon="-73.8290200">
    <ele>653.0</ele>
    <time>2022-10-02T17:26:09Z</time>
   </trkpt>
   <trkpt lat="44.1186200" lon="-73.8290300">
    <ele>652.5</ele>
    <time>2022-10-02T17:26:27Z</time>
   </trkpt>
   <trkpt lat="44.1186200" lon="-73.8290700">
    <ele>652.1</ele>
    <time>2022-10-02T17:26:31Z</time>
   </trkpt>
   <trkpt lat="44.1185900" lon="-73.8291100">
    <ele>651.4</ele>
    <time>2022-10-02T17:26:35Z</time>
   </trkpt>
   <trkpt lat="44.1185700" lon="-73.8291400">
    <ele>650.9</ele>
    <time>2022-10-02T17:26:38Z</time>
   </trkpt>
   <trkpt lat="44.1185500" lon="-73.8291700">
    <ele>650.4</ele>
    <time>2022-10-02T17:26:42Z</time>
   </trkpt>
   <trkpt lat="44.1185900" lon="-73.8291400">
    <ele>649.7</ele>
    <time>2022-10-02T17:26:50Z</time>
   </trkpt>
   <trkpt lat="44.1186100" lon="-73.8291100">
    <ele>649.2</ele>
    <time>2022-10-02T17:26:54Z</time>
   </trkpt>
   <trkpt lat="44.1186200" lon="-73.8290700">
    <ele>648.7</ele>
    <time>2022-10-02T17:27:00Z</time>
   </trkpt>
   <trkpt lat="44.1186500" lon="-73.8290600">
    <ele>648.2</ele>
    <time>2022-10-02T17:27:13Z</time>
   </trkpt>
   <trkpt lat="44.1187600" lon="-73.8289500">
    <ele>646.2</ele>
    <time>2022-10-02T17:27:55Z</time>
   </trkpt>
   <trkpt lat="44.1187300" lon="-73.8289500">
    <ele>645.8</ele>
    <time>2022-10-02T17:28:00Z</time>
   </trkpt>
   <trkpt lat="44.1187000" lon="-73.8289800">
    <ele>645.2</ele>
    <time>2022-10-02T17:28:03Z</time>
   </trkpt>
   <trkpt lat="44.1186800" lon="-73.8290100">
    <ele>644.8</ele>
    <time>2022-10-02T17:28:05Z</time>
   </trkpt>
   <trkpt lat="44.1186600" lon="-73.8290400">
    <ele>644.4</ele>
    <time>2022-10-02T17:28:07Z</time>
   </trkpt>
   <trkpt lat="44.1186400" lon="-73.8290700">
    <ele>644.0</ele>
    <time>2022-10-02T17:28:11Z</time>
   </trkpt>
   <trkpt lat="44.1186400" lon="-73.8290100">
    <ele>643.4</ele>
    <time>2022-10-02T17:28:22Z</time>
   </trkpt>
   <trkpt lat="44.1186200" lon="-73.8289900">
    <ele>643.0</ele>
    <time>2022-10-02T17:28:25Z</time>
   </trkpt>
   <trkpt lat="44.1186000" lon="-73.8290200">
    <ele>642.6</ele>
    <time>2022-10-02T17:28:32Z</time>
   </trkpt>
   <trkpt lat="44.1185900" lon="-73.8290900">
    <ele>642.0</ele>
    <time>2022-10-02T17:28:45Z</time>
   </trkpt>
   <trkpt lat="44.1185700" lon="-73.8290400">
    <ele>641.4</ele>
    <time>2022-10-02T17:29:05Z</time>
   </trkpt>
   <trkpt lat="44.1185800" lon="-73.8290800">
    <ele>641.0</ele>
    <time>2022-10-02T17:29:20Z</time>
   </trkpt>
   <trkpt lat="44.1186100" lon="-73.8290900">
    <ele>640.6</ele>
    <time>2022-10-02T17:29:29Z</time>
   </trkpt>
   <trkpt lat="44.1186300" lon="-73.8290800">
    <ele>640.4</ele>
    <time>2022-10-02T17:29:36Z</time>
   </trkpt>
   <trkpt lat="44.1186700" lon="-73.8290800">
    <ele>639.9</ele>
    <time>2022-10-02T17:29:38Z</time>
   </trkpt>
   <trkpt lat="44.1186540" lon="-73.8290830">
    <ele>639.7</ele>
    <time>2022-10-02T17:29:48Z</time>
   </trkpt>
   <trkpt lat="44.1186570" lon="-73.8290660">
    <ele>639.5</ele>
    <time>2022-10-02T17:29:50Z</time>
   </trkpt>
   <trkpt lat="44.1186610" lon="-73.8290490">
    <ele>639.3</ele>
    <time>2022-10-02T17:29:54Z</time>
   </trkpt>
   <trkpt lat="44.1186640" lon="-73.8290320">
    <ele>639.2</ele>
    <time>2022-10-02T17:30:40Z</time>
   </trkpt>
   <trkpt lat="44.1186680" lon="-73.8290150">
    <ele>639.0</ele>
    <time>2022-10-02T17:30:43Z</time>
   </trkpt>
   <trkpt lat="44.1186710" lon="-73.8289980">
    <ele>638.9</ele>
    <time>2022-10-02T17:30:47Z</time>
   </trkpt>
   <trkpt lat="44.1186750" lon="-73.8289810">
    <ele>638.7</ele>
    <time>2022-10-02T17:30:54Z</time>
   </trkpt>
   <trkpt lat="44.1186780" lon="-73.8289640">
    <ele>638.5</ele>
    <time>2022-10-02T17:31:03Z</time>
   </trkpt>
   <trkpt lat="44.1186820" lon="-73.8289460">
    <ele>638.4</ele>
    <time>2022-10-02T17:31:07Z</time>
   </trkpt>
   <trkpt lat="44.1186850" lon="-73.8289290">
    <ele>638.2</ele>
    <time>2022-10-02T17:31:14Z</time>
   </trkpt>
   <trkpt lat="44.1186890" lon="-73.8289120">
    <ele>638.1</ele>
    <time>2022-10-02T17:31:18Z</time>
   </trkpt>
   <trkpt lat="44.1186920" lon="-73.8288950">
    <ele>637.9</ele>
    <time>2022-10-02T17:31:22Z</time>
   </trkpt>
   <trkpt lat="44.1186960" lon="-73.8288780">
    <ele>637.7</ele>
    <time>2022-10-02T17:31:27Z</time>
   </trkpt>
   <trkpt lat="44.1186990" lon="-73.8288610">
    <ele>637.6</ele>
    <time>2022-10-02T17:31:39Z</time>
   </trkpt>
   <trkpt lat="44.1187030" lon="-73.8288440">
    <ele>637.4</ele>
    <time>2022-10-02T17:31:49Z</time>
   </trkpt>
   <trkpt lat="44.1187060" lon="-73.8288270">
    <ele>637.3</ele>
    <time>2022-10-02T17:31:58Z</time>
   </trkpt>
   <trkpt lat="44.1187100" lon="-73.8288100">
    <ele>637.1</ele>
    <time>2022-10-02T17:31:59Z</time>
   </trkpt>
   <trkpt lat="44.1187100" lon="-73.8287700">
    <ele>636.8</ele>
    <time>2022-10-02T17:32:03Z</time>
   </trkpt>
   <trkpt lat="44.1186700" lon="-73.8287400">
    <ele>636.2</ele>
    <time>2022-10-02T17:32:05Z</time>
   </trkpt>
   <trkpt lat="44.1186400" lon="-73.8287200">
    <ele>635.8</ele>
    <time>2022-10-02T17:32:07Z</time>
   </trkpt>
   <trkpt lat="44.1186800" lon="-73.8287100">
    <ele>635.3</ele>
    <time>2022-10-02T17:32:15Z</time>
   </trkpt>
   <trkpt lat="44.1187000" lon="-73.8286700">
    <ele>634.9</ele>
    <time>2022-10-02T17:32:17Z</time>
   </trkpt>
   <trkpt lat="44.1187200" lon="-73.8286400">
    <ele>634.5</ele>
    <time>2022-10-02T17:32:20Z</time>
   </trkpt>
   <trkpt lat="44.1187400" lon="-73.8286000">
    <ele>634.1</ele>
    <time>2022-10-02T17:32:26Z</time>
   </trkpt>
   <trkpt lat="44.1187500" lon="-73.8285600">
    <ele>633.8</ele>
    <time>2022-10-02T17:32:32Z</time>
   </trkpt>
   <trkpt lat="44.1187500" lon="-73.8285100">
    <ele>633.3</ele>
    <time>2022-10-02T17:32:35Z</time>
   </trkpt>
   <trkpt lat="44.1187200" lon="-73.8284800">
    <ele>632.9</ele>
    <time>2022-10-02T17:32:38Z</time>
   </trkpt>
   <trkpt lat="44.1187200" lon="-73.8284400">
    <ele>632.5</ele>
    <time>2022-10-02T17:32:48Z</time>
   </trkpt>
   <trkpt lat="44.1187200" lon="-73.8284000">
    <ele>632.2</ele>
    <time>2022-10-02T17:32:50Z</time>
   </trkpt>
   <trkpt lat="44.1187100" lon="-73.8283700">
    <ele>631.9</ele>
    <time>2022-10-02T17:32:52Z</time>
   </trkpt>
   <trkpt lat="44.1186800" lon="-73.8283400">
    <ele>631.5</ele>
    <time>2022-10-02T17:32:54Z</time>
   </trkpt>
   <trkpt lat="44.1186500" lon="-73.8283200">
    <ele>631.1</ele>
    <time>2022-10-02T17:32:56Z</time>
   </trkpt>
   <trkpt lat="44.1186000" lon="-73.8283000">
    <ele>630.5</ele>
    <time>2022-10-02T17:32:58Z</time>
   </trkpt>
   <trkpt lat="44.1185800" lon="-73.8282600">
    <ele>630.0</ele>
    <time>2022-10-02T17:33:01Z</time>
   </trkpt>
   <trkpt lat="44.1185700" lon="-73.8282100">
    <ele>629.6</ele>
    <time>2022-10-02T17:33:04Z</time>
   </trkpt>
   <trkpt lat="44.1185800" lon="-73.8281600">
    <ele>629.1</ele>
    <time>2022-10-02T17:33:07Z</time>
   </trkpt>
   <trkpt lat="44.1186000" lon="-73.8281100">
    <ele>628.6</ele>
    <time>2022-10-02T17:33:11Z</time>
   </trkpt>
   <trkpt lat="44.1186000" lon="-73.8280700">
    <ele>628.3</ele>
    <time>2022-10-02T17:33:14Z</time>
   </trkpt>
   <trkpt lat="44.1185900" lon="-73.8280300">
    <ele>627.9</ele>
    <time>2022-10-02T17:33:18Z</time>
   </trkpt>
   <trkpt lat="44.1185600" lon="-73.8280100">
    <ele>627.5</ele>
    <time>2022-10-02T17:33:21Z</time>
   </trkpt>
   <trkpt lat="44.1185300" lon="-73.8280000">
    <ele>627.2</ele>
    <time>2022-10-02T17:33:24Z</time>
   </trkpt>
   <trkpt lat="44.1185200" lon="-73.8279500">
    <ele>626.8</ele>
    <time>2022-10-02T17:33:28Z</time>
   </trkpt>
   <trkpt lat="44.1185000" lon="-73.8279100">
    <ele>626.4</ele>
    <time>2022-10-02T17:33:32Z</time>
   </trkpt>
   <trkpt lat="44.1184700" lon="-73.8278900">
    <ele>626.0</ele>
    <time>2022-10-02T17:33:35Z</time>
   </trkpt>
   <trkpt lat="44.1184400" lon="-73.8278600">
    <ele>625.6</ele>
    <time>2022-10-02T17:33:39Z</time>
   </trkpt>
   <trkpt lat="44.1184200" lon="-73.8278300">
    <ele>625.3</ele>
    <time>2022-10-02T17:33:42Z</time>
   </trkpt>
   <trkpt lat="44.1183900" lon="-73.8278000">
    <ele>625.0</ele>
    <time>2022-10-02T17:33:45Z</time>
   </trkpt>
   <trkpt lat="44.1183800" lon="-73.8277700">
    <ele>624.7</ele>
    <time>2022-10-02T17:33:49Z</time>
   </trkpt>
   <trkpt lat="44.1183700" lon="-73.8277200">
    <ele>624.4</ele>
    <time>2022-10-02T17:33:53Z</time>
   </trkpt>
   <trkpt lat="44.1183800" lon="-73.8276800">
    <ele>624.1</ele>
    <time>2022-10-02T17:33:55Z</time>
   </trkpt>
   <trkpt lat="44.1183800" lon="-73.8276200">
    <ele>623.6</ele>
    <time>2022-10-02T17:33:58Z</time>
   </trkpt>
   <trkpt lat="44.1183700" lon="-73.8275700">
    <ele>623.2</ele>
    <time>2022-10-02T17:34:01Z</time>
   </trkpt>
   <trkpt lat="44.1183500" lon="-73.8275400">
    <ele>622.9</ele>
    <time>2022-10-02T17:34:06Z</time>
   </trkpt>
   <trkpt lat="44.1183400" lon="-73.8274900">
    <ele>622.5</ele>
    <time>2022-10-02T17:34:09Z</time>
   </trkpt>
   <trkpt lat="44.1183200" lon="-73.8274500">
    <ele>622.1</ele>
    <time>2022-10-02T17:34:12Z</time>
   </trkpt>
   <trkpt lat="44.1183100" lon="-73.8274000">
    <ele>621.6</ele>
    <time>2022-10-02T17:34:15Z</time>
   </trkpt>
   <trkpt lat="44.1183000" lon="-73.8273700">
    <ele>621.3</ele>
    <time>2022-10-02T17:34:18Z</time>
   </trkpt>
   <trkpt lat="44.1182800" lon="-73.8273500">
    <ele>621.0</ele>
    <time>2022-10-02T17:34:21Z</time>
   </trkpt>
   <trkpt lat="44.1182500" lon="-73.8273100">
    <ele>620.5</ele>
    <time>2022-10-02T17:34:25Z</time>
   </trkpt>
   <trkpt lat="44.1182400" lon="-73.8272800">
    <ele>620.2</ele>
    <time>2022-10-02T17:34:29Z</time>
   </trkpt>
   <trkpt lat="44.1182200" lon="-73.8272400">
    <ele>619.7</ele>
    <time>2022-10-02T17:34:32Z</time>
   </trkpt>
   <trkpt lat="44.1182000" lon="-73.8272100">
    <ele>619.3</ele>
    <time>2022-10-02T17:34:35Z</time>
   </trkpt>
   <trkpt lat="44.1181800" lon="-73.8271800">
    <ele>618.9</ele>
    <time>2022-10-02T17:34:38Z</time>
   </trkpt>
   <trkpt lat="44.1181700" lon="-73.8271500">
    <ele>618.6</ele>
    <time>2022-10-02T17:34:41Z</time>
   </trkpt>
   <trkpt lat="44.1181600" lon="-73.8271100">
    <ele>618.2</ele>
    <time>2022-10-02T17:34:44Z</time>
   </trkpt>
   <trkpt lat="44.1181500" lon="-73.8270600">
    <ele>617.7</ele>
    <time>2022-10-02T17:34:48Z</time>
   </trkpt>
   <trkpt lat="44.1181500" lon="-73.8270200">
    <ele>617.4</ele>
    <time>2022-10-02T17:34:51Z</time>
   </trkpt>
   <trkpt lat="44.1181600" lon="-73.8269700">
    <ele>617.3</ele>
    <time>2022-10-02T17:34:55Z</time>
   </trkpt>
   <trkpt lat="44.1181800" lon="-73.8269400">
    <ele>617.2</ele>
    <time>2022-10-02T17:34:58Z</time>
   </trkpt>
   <trkpt lat="44.1182100" lon="-73.8269100">
    <ele>617.0</ele>
    <time>2022-10-02T17:35:02Z</time>
   </trkpt>
   <trkpt lat="44.1182300" lon="-73.8268900">
    <ele>616.8</ele>
    <time>2022-10-02T17:35:05Z</time>
   </trkpt>
   <trkpt lat="44.1182600" lon="-73.8268700">
    <ele>616.5</ele>
    <time>2022-10-02T17:35:08Z</time>
   </trkpt>
   <trkpt lat="44.1182800" lon="-73.8268400">
    <ele>616.2</ele>
    <time>2022-10-02T17:35:11Z</time>
   </trkpt>
   <trkpt lat="44.1183100" lon="-73.8268300">
    <ele>615.9</ele>
    <time>2022-10-02T17:35:15Z</time>
   </trkpt>
   <trkpt lat="44.1183200" lon="-73.8267900">
    <ele>615.4</ele>
    <time>2022-10-02T17:35:25Z</time>
   </trkpt>
   <trkpt lat="44.1183200" lon="-73.8267600">
    <ele>615.1</ele>
    <time>2022-10-02T17:35:30Z</time>
   </trkpt>
   <trkpt lat="44.1183000" lon="-73.8267200">
    <ele>614.5</ele>
    <time>2022-10-02T17:35:36Z</time>
   </trkpt>
   <trkpt lat="44.1182900" lon="-73.8266800">
    <ele>614.0</ele>
    <time>2022-10-02T17:35:41Z</time>
   </trkpt>
   <trkpt lat="44.1182900" lon="-73.8266300">
    <ele>613.2</ele>
    <time>2022-10-02T17:35:45Z</time>
   </trkpt>
   <trkpt lat="44.1182900" lon="-73.8265900">
    <ele>612.6</ele>
    <time>2022-10-02T17:35:52Z</time>
   </trkpt>
   <trkpt lat="44.1182800" lon="-73.8265500">
    <ele>611.9</ele>
    <time>2022-10-02T17:35:56Z</time>
   </trkpt>
   <trkpt lat="44.1182500" lon="-73.8262300">
    <ele>606.2</ele>
    <time>2022-10-02T17:36:20Z</time>
   </trkpt>
   <trkpt lat="44.1182500" lon="-73.8261800">
    <ele>605.6</ele>
    <time>2022-10-02T17:36:22Z</time>
   </trkpt>
   <trkpt lat="44.1182700" lon="-73.8261500">
    <ele>605.1</ele>
    <time>2022-10-02T17:36:24Z</time>
   </trkpt>
   <trkpt lat="44.1182900" lon="-73.8261300">
    <ele>604.8</ele>
    <time>2022-10-02T17:36:27Z</time>
   </trkpt>
   <trkpt lat="44.1183200" lon="-73.8261000">
    <ele>604.6</ele>
    <time>2022-10-02T17:36:30Z</time>
   </trkpt>
   <trkpt lat="44.1183500" lon="-73.8260800">
    <ele>604.4</ele>
    <time>2022-10-02T17:36:33Z</time>
   </trkpt>
   <trkpt lat="44.1183800" lon="-73.8260700">
    <ele>604.2</ele>
    <time>2022-10-02T17:36:36Z</time>
   </trkpt>
   <trkpt lat="44.1184100" lon="-73.8260300">
    <ele>604.0</ele>
    <time>2022-10-02T17:36:39Z</time>
   </trkpt>
   <trkpt lat="44.1184400" lon="-73.8260100">
    <ele>603.8</ele>
    <time>2022-10-02T17:36:42Z</time>
   </trkpt>
   <trkpt lat="44.1184700" lon="-73.8260000">
    <ele>603.6</ele>
    <time>2022-10-02T17:36:46Z</time>
   </trkpt>
   <trkpt lat="44.1184900" lon="-73.8260000">
    <ele>603.5</ele>
    <time>2022-10-02T17:36:53Z</time>
   </trkpt>
   <trkpt lat="44.1185200" lon="-73.8259900">
    <ele>603.4</ele>
    <time>2022-10-02T17:37:04Z</time>
   </trkpt>
   <trkpt lat="44.1185500" lon="-73.8259600">
    <ele>603.2</ele>
    <time>2022-10-02T17:37:08Z</time>
   </trkpt>
   <trkpt lat="44.1185800" lon="-73.8259300">
    <ele>603.0</ele>
    <time>2022-10-02T17:37:12Z</time>
   </trkpt>
   <trkpt lat="44.1186000" lon="-73.8259100">
    <ele>602.8</ele>
    <time>2022-10-02T17:37:15Z</time>
   </trkpt>
   <trkpt lat="44.1186200" lon="-73.8258800">
    <ele>602.6</ele>
    <time>2022-10-02T17:37:18Z</time>
   </trkpt>
   <trkpt lat="44.1186500" lon="-73.8258700">
    <ele>602.4</ele>
    <time>2022-10-02T17:37:26Z</time>
   </trkpt>
   <trkpt lat="44.1186800" lon="-73.8258500">
    <ele>602.1</ele>
    <time>2022-10-02T17:37:37Z</time>
   </trkpt>
   <trkpt lat="44.1186700" lon="-73.8258000">
    <ele>601.8</ele>
    <time>2022-10-02T17:37:44Z</time>
   </trkpt>
   <trkpt lat="44.1186800" lon="-73.8257600">
    <ele>601.5</ele>
    <time>2022-10-02T17:37:58Z</time>
   </trkpt>
   <trkpt lat="44.1186800" lon="-73.8257300">
    <ele>601.2</ele>
    <time>2022-10-02T17:38:04Z</time>
   </trkpt>
   <trkpt lat="44.1186800" lon="-73.8256900">
    <ele>600.9</ele>
    <time>2022-10-02T17:38:14Z</time>
   </trkpt>
   <trkpt lat="44.1186500" lon="-73.8256500">
    <ele>600.4</ele>
    <time>2022-10-02T17:38:17Z</time>
   </trkpt>
   <trkpt lat="44.1186300" lon="-73.8256200">
    <ele>600.0</ele>
    <time>2022-10-02T17:38:19Z</time>
   </trkpt>
   <trkpt lat="44.1186200" lon="-73.8255800">
    <ele>599.6</ele>
    <time>2022-10-02T17:38:23Z</time>
   </trkpt>
   <trkpt lat="44.1186100" lon="-73.8255300">
    <ele>599.2</ele>
    <time>2022-10-02T17:38:27Z</time>
   </trkpt>
   <trkpt lat="44.1186100" lon="-73.8254800">
    <ele>598.8</ele>
    <time>2022-10-02T17:38:29Z</time>
   </trkpt>
   <trkpt lat="44.1186100" lon="-73.8254300">
    <ele>598.6</ele>
    <time>2022-10-02T17:38:32Z</time>
   </trkpt>
   <trkpt lat="44.1186100" lon="-73.8253800">
    <ele>598.3</ele>
    <time>2022-10-02T17:38:35Z</time>
   </trkpt>
   <trkpt lat="44.1186300" lon="-73.8253300">
    <ele>598.2</ele>
    <time>2022-10-02T17:38:38Z</time>
   </trkpt>
   <trkpt lat="44.1186400" lon="-73.8253000">
    <ele>598.1</ele>
    <time>2022-10-02T17:38:41Z</time>
   </trkpt>
   <trkpt lat="44.1186500" lon="-73.8252600">
    <ele>598.0</ele>
    <time>2022-10-02T17:38:44Z</time>
   </trkpt>
   <trkpt lat="44.1186500" lon="-73.8252200">
    <ele>598.0</ele>
    <time>2022-10-02T17:38:47Z</time>
   </trkpt>
   <trkpt lat="44.1186400" lon="-73.8251800">
    <ele>598.0</ele>
    <time>2022-10-02T17:38:50Z</time>
   </trkpt>
   <trkpt lat="44.1186400" lon="-73.8251300">
    <ele>598.0</ele>
    <time>2022-10-02T17:38:54Z</time>
   </trkpt>
   <trkpt lat="44.1186200" lon="-73.8251000">
    <ele>598.0</ele>
    <time>2022-10-02T17:38:57Z</time>
   </trkpt>
   <trkpt lat="44.1186000" lon="-73.8250500">
    <ele>598.1</ele>
    <time>2022-10-02T17:39:00Z</time>
   </trkpt>
   <trkpt lat="44.1185900" lon="-73.8250200">
    <ele>598.1</ele>
    <time>2022-10-02T17:39:03Z</time>
   </trkpt>
   <trkpt lat="44.1185900" lon="-73.8249800">
    <ele>598.1</ele>
    <time>2022-10-02T17:39:06Z</time>
   </trkpt>
   <trkpt lat="44.1185900" lon="-73.8249400">
    <ele>598.1</ele>
    <time>2022-10-02T17:39:09Z</time>
   </trkpt>
   <trkpt lat="44.1185700" lon="-73.8249000">
    <ele>598.1</ele>
    <time>2022-10-02T17:39:22Z</time>
   </trkpt>
   <trkpt lat="44.1185600" lon="-73.8248600">
    <ele>598.1</ele>
    <time>2022-10-02T17:39:25Z</time>
   </trkpt>
   <trkpt lat="44.1185500" lon="-73.8248300">
    <ele>598.1</ele>
    <time>2022-10-02T17:39:29Z</time>
   </trkpt>
   <trkpt lat="44.1185200" lon="-73.8248400">
    <ele>598.1</ele>
    <time>2022-10-02T17:39:38Z</time>
   </trkpt>
   <trkpt lat="44.1185200" lon="-73.8248900">
    <ele>598.1</ele>
    <time>2022-10-02T17:39:56Z</time>
   </trkpt>
   <trkpt lat="44.1185200" lon="-73.8248500">
    <ele>598.1</ele>
    <time>2022-10-02T17:40:36Z</time>
   </trkpt>
   <trkpt lat="44.1184900" lon="-73.8248200">
    <ele>598.1</ele>
    <time>2022-10-02T17:40:44Z</time>
   </trkpt>
   <trkpt lat="44.1184900" lon="-73.8248600">
    <ele>598.2</ele>
    <time>2022-10-02T17:41:08Z</time>
   </trkpt>
   <trkpt lat="44.1185200" lon="-73.8248500">
    <ele>598.3</ele>
    <time>2022-10-02T17:41:17Z</time>
   </trkpt>
   <trkpt lat="44.1185500" lon="-73.8248400">
    <ele>598.4</ele>
    <time>2022-10-02T17:41:42Z</time>
   </trkpt>
   <trkpt lat="44.1185800" lon="-73.8248300">
    <ele>598.5</ele>
    <time>2022-10-02T17:41:46Z</time>
   </trkpt>
   <trkpt lat="44.1186100" lon="-73.8248300">
    <ele>598.5</ele>
    <time>2022-10-02T17:41:50Z</time>
   </trkpt>
   <trkpt lat="44.1186400" lon="-73.8248200">
    <ele>598.5</ele>
    <time>2022-10-02T17:41:53Z</time>
   </trkpt>
   <trkpt lat="44.1186800" lon="-73.8248100">
    <ele>598.4</ele>
    <time>2022-10-02T17:41:55Z</time>
   </trkpt>
   <trkpt lat="44.1187100" lon="-73.8248100">
    <ele>598.3</ele>
    <time>2022-10-02T17:41:59Z</time>
   </trkpt>
   <trkpt lat="44.1187400" lon="-73.8248100">
    <ele>598.1</ele>
    <time>2022-10-02T17:42:03Z</time>
   </trkpt>
   <trkpt lat="44.1187700" lon="-73.8248200">
    <ele>598.0</ele>
    <time>2022-10-02T17:42:06Z</time>
   </trkpt>
   <trkpt lat="44.1188000" lon="-73.8248200">
    <ele>597.8</ele>
    <time>2022-10-02T17:42:10Z</time>
   </trkpt>
   <trkpt lat="44.1188400" lon="-73.8248200">
    <ele>597.6</ele>
    <time>2022-10-02T17:42:13Z</time>
   </trkpt>
   <trkpt lat="44.1188700" lon="-73.8248200">
    <ele>597.5</ele>
    <time>2022-10-02T17:42:16Z</time>
   </trkpt>
   <trkpt lat="44.1189000" lon="-73.8248200">
    <ele>597.3</ele>
    <time>2022-10-02T17:42:19Z</time>
   </trkpt>
   <trkpt lat="44.1189300" lon="-73.8248200">
    <ele>597.1</ele>
    <time>2022-10-02T17:42:23Z</time>
   </trkpt>
   <trkpt lat="44.1189600" lon="-73.8248200">
    <ele>597.0</ele>
    <time>2022-10-02T17:42:25Z</time>
   </trkpt>
   <trkpt lat="44.1190000" lon="-73.8248300">
    <ele>596.8</ele>
    <time>2022-10-02T17:42:28Z</time>
   </trkpt>
   <trkpt lat="44.1190300" lon="-73.8248400">
    <ele>596.6</ele>
    <time>2022-10-02T17:42:31Z</time>
   </trkpt>
   <trkpt lat="44.1190700" lon="-73.8248500">
    <ele>596.4</ele>
    <time>2022-10-02T17:42:34Z</time>
   </trkpt>
   <trkpt lat="44.1190900" lon="-73.8248600">
    <ele>596.3</ele>
    <time>2022-10-02T17:42:37Z</time>
   </trkpt>
   <trkpt lat="44.1191200" lon="-73.8248900">
    <ele>596.2</ele>
    <time>2022-10-02T17:42:40Z</time>
   </trkpt>
   <trkpt lat="44.1191500" lon="-73.8248900">
    <ele>596.2</ele>
    <time>2022-10-02T17:42:45Z</time>
   </trkpt>
   <trkpt lat="44.1191900" lon="-73.8248900">
    <ele>596.1</ele>
    <time>2022-10-02T17:42:49Z</time>
   </trkpt>
   <trkpt lat="44.1192200" lon="-73.8248800">
    <ele>596.1</ele>
    <time>2022-10-02T17:42:52Z</time>
   </trkpt>
   <trkpt lat="44.1192600" lon="-73.8248700">
    <ele>596.2</ele>
    <time>2022-10-02T17:42:55Z</time>
   </trkpt>
   <trkpt lat="44.1193000" lon="-73.8248700">
    <ele>596.2</ele>
    <time>2022-10-02T17:42:58Z</time>
   </trkpt>
   <trkpt lat="44.1193200" lon="-73.8248800">
    <ele>596.3</ele>
    <time>2022-10-02T17:43:00Z</time>
   </trkpt>
   <trkpt lat="44.1193500" lon="-73.8248900">
    <ele>596.4</ele>
    <time>2022-10-02T17:43:02Z</time>
   </trkpt>
   <trkpt lat="44.1193800" lon="-73.8249100">
    <ele>596.4</ele>
    <time>2022-10-02T17:43:06Z</time>
   </trkpt>
   <trkpt lat="44.1194100" lon="-73.8249100">
    <ele>596.5</ele>
    <time>2022-10-02T17:43:09Z</time>
   </trkpt>
   <trkpt lat="44.1194400" lon="-73.8248900">
    <ele>596.5</ele>
    <time>2022-10-02T17:43:13Z</time>
   </trkpt>
   <trkpt lat="44.1194600" lon="-73.8249000">
    <ele>596.5</ele>
    <time>2022-10-02T17:43:20Z</time>
   </trkpt>
   <trkpt lat="44.1194900" lon="-73.8249200">
    <ele>596.5</ele>
    <time>2022-10-02T17:43:24Z</time>
   </trkpt>
   <trkpt lat="44.1195200" lon="-73.8249100">
    <ele>596.4</ele>
    <time>2022-10-02T17:43:26Z</time>
   </trkpt>
   <trkpt lat="44.1195600" lon="-73.8248900">
    <ele>596.4</ele>
    <time>2022-10-02T17:43:29Z</time>
   </trkpt>
   <trkpt lat="44.1195900" lon="-73.8248700">
    <ele>596.4</ele>
    <time>2022-10-02T17:43:32Z</time>
   </trkpt>
   <trkpt lat="44.1196200" lon="-73.8248600">
    <ele>596.5</ele>
    <time>2022-10-02T17:43:34Z</time>
   </trkpt>
   <trkpt lat="44.1196500" lon="-73.8248400">
    <ele>596.5</ele>
    <time>2022-10-02T17:43:36Z</time>
   </trkpt>
   <trkpt lat="44.1196800" lon="-73.8248200">
    <ele>596.6</ele>
    <time>2022-10-02T17:43:38Z</time>
   </trkpt>
   <trkpt lat="44.1197100" lon="-73.8248100">
    <ele>596.7</ele>
    <time>2022-10-02T17:43:42Z</time>
   </trkpt>
   <trkpt lat="44.1197400" lon="-73.8248100">
    <ele>596.7</ele>
    <time>2022-10-02T17:43:45Z</time>
   </trkpt>
   <trkpt lat="44.1197800" lon="-73.8247800">
    <ele>596.8</ele>
    <time>2022-10-02T17:43:48Z</time>
   </trkpt>
   <trkpt lat="44.1198000" lon="-73.8247600">
    <ele>596.8</ele>
    <time>2022-10-02T17:43:51Z</time>
   </trkpt>
   <trkpt lat="44.1198400" lon="-73.8247500">
    <ele>596.9</ele>
    <time>2022-10-02T17:43:54Z</time>
   </trkpt>
   <trkpt lat="44.1198700" lon="-73.8247600">
    <ele>596.9</ele>
    <time>2022-10-02T17:43:58Z</time>
   </trkpt>
   <trkpt lat="44.1199000" lon="-73.8247800">
    <ele>596.8</ele>
    <time>2022-10-02T17:44:02Z</time>
   </trkpt>
   <trkpt lat="44.1199300" lon="-73.8247500">
    <ele>596.8</ele>
    <time>2022-10-02T17:44:07Z</time>
   </trkpt>
   <trkpt lat="44.1199500" lon="-73.8247300">
    <ele>596.7</ele>
    <time>2022-10-02T17:44:10Z</time>
   </trkpt>
   <trkpt lat="44.1199800" lon="-73.8246900">
    <ele>596.6</ele>
    <time>2022-10-02T17:44:13Z</time>
   </trkpt>
   <trkpt lat="44.1200100" lon="-73.8246700">
    <ele>596.4</ele>
    <time>2022-10-02T17:44:16Z</time>
   </trkpt>
   <trkpt lat="44.1200400" lon="-73.8246500">
    <ele>596.2</ele>
    <time>2022-10-02T17:44:19Z</time>
   </trkpt>
   <trkpt lat="44.1200700" lon="-73.8246500">
    <ele>596.0</ele>
    <time>2022-10-02T17:44:24Z</time>
   </trkpt>
   <trkpt lat="44.1201000" lon="-73.8246500">
    <ele>595.8</ele>
    <time>2022-10-02T17:44:26Z</time>
   </trkpt>
   <trkpt lat="44.1201300" lon="-73.8246500">
    <ele>595.6</ele>
    <time>2022-10-02T17:44:30Z</time>
   </trkpt>
   <trkpt lat="44.1201700" lon="-73.8246500">
    <ele>595.3</ele>
    <time>2022-10-02T17:44:34Z</time>
   </trkpt>
   <trkpt lat="44.1202000" lon="-73.8246400">
    <ele>595.0</ele>
    <time>2022-10-02T17:44:37Z</time>
   </trkpt>
   <trkpt lat="44.1202300" lon="-73.8246400">
    <ele>594.7</ele>
    <time>2022-10-02T17:44:40Z</time>
   </trkpt>
   <trkpt lat="44.1202600" lon="-73.8246500">
    <ele>594.5</ele>
    <time>2022-10-02T17:44:44Z</time>
   </trkpt>
   <trkpt lat="44.1202800" lon="-73.8246400">
    <ele>594.3</ele>
    <time>2022-10-02T17:44:47Z</time>
   </trkpt>
   <trkpt lat="44.1203100" lon="-73.8246200">
    <ele>594.0</ele>
    <time>2022-10-02T17:44:51Z</time>
   </trkpt>
   <trkpt lat="44.1203500" lon="-73.8246100">
    <ele>593.5</ele>
    <time>2022-10-02T17:44:57Z</time>
   </trkpt>
   <trkpt lat="44.1203700" lon="-73.8246000">
    <ele>593.3</ele>
    <time>2022-10-02T17:45:01Z</time>
   </trkpt>
   <trkpt lat="44.1204000" lon="-73.8245800">
    <ele>592.9</ele>
    <time>2022-10-02T17:45:06Z</time>
   </trkpt>
   <trkpt lat="44.1204200" lon="-73.8245900">
    <ele>592.7</ele>
    <time>2022-10-02T17:45:09Z</time>
   </trkpt>
   <trkpt lat="44.1204500" lon="-73.8245800">
    <ele>592.3</ele>
    <time>2022-10-02T17:45:13Z</time>
   </trkpt>
   <trkpt lat="44.1204800" lon="-73.8245600">
    <ele>591.9</ele>
    <time>2022-10-02T17:45:17Z</time>
   </trkpt>
   <trkpt lat="44.1205100" lon="-73.8245300">
    <ele>591.5</ele>
    <time>2022-10-02T17:45:20Z</time>
   </trkpt>
   <trkpt lat="44.1205300" lon="-73.8245100">
    <ele>591.2</ele>
    <time>2022-10-02T17:45:22Z</time>
   </trkpt>
   <trkpt lat="44.1205600" lon="-73.8245000">
    <ele>590.8</ele>
    <time>2022-10-02T17:45:27Z</time>
   </trkpt>
   <trkpt lat="44.1205900" lon="-73.8244600">
    <ele>590.4</ele>
    <time>2022-10-02T17:45:31Z</time>
   </trkpt>
   <trkpt lat="44.1206100" lon="-73.8244300">
    <ele>590.1</ele>
    <time>2022-10-02T17:45:34Z</time>
   </trkpt>
   <trkpt lat="44.1206300" lon="-73.8244100">
    <ele>589.9</ele>
    <time>2022-10-02T17:45:38Z</time>
   </trkpt>
   <trkpt lat="44.1206700" lon="-73.8243800">
    <ele>589.6</ele>
    <time>2022-10-02T17:45:41Z</time>
   </trkpt>
   <trkpt lat="44.1207000" lon="-73.8243600">
    <ele>589.5</ele>
    <time>2022-10-02T17:45:44Z</time>
   </trkpt>
   <trkpt lat="44.1207300" lon="-73.8243200">
    <ele>589.3</ele>
    <time>2022-10-02T17:45:46Z</time>
   </trkpt>
   <trkpt lat="44.1207400" lon="-73.8242600">
    <ele>589.1</ele>
    <time>2022-10-02T17:45:49Z</time>
   </trkpt>
   <trkpt lat="44.1207600" lon="-73.8242300">
    <ele>589.0</ele>
    <time>2022-10-02T17:45:53Z</time>
   </trkpt>
   <trkpt lat="44.1207800" lon="-73.8242100">
    <ele>588.9</ele>
    <time>2022-10-02T17:45:58Z</time>
   </trkpt>
   <trkpt lat="44.1208100" lon="-73.8241900">
    <ele>588.8</ele>
    <time>2022-10-02T17:46:01Z</time>
   </trkpt>
   <trkpt lat="44.1208400" lon="-73.8241700">
    <ele>588.7</ele>
    <time>2022-10-02T17:46:05Z</time>
   </trkpt>
   <trkpt lat="44.1208600" lon="-73.8241300">
    <ele>588.5</ele>
    <time>2022-10-02T17:46:09Z</time>
   </trkpt>
   <trkpt lat="44.1208700" lon="-73.8240900">
    <ele>588.4</ele>
    <time>2022-10-02T17:46:14Z</time>
   </trkpt>
   <trkpt lat="44.1209100" lon="-73.8240700">
    <ele>588.3</ele>
    <time>2022-10-02T17:46:17Z</time>
   </trkpt>
   <trkpt lat="44.1209400" lon="-73.8240600">
    <ele>588.3</ele>
    <time>2022-10-02T17:46:21Z</time>
   </trkpt>
   <trkpt lat="44.1209500" lon="-73.8240300">
    <ele>588.2</ele>
    <time>2022-10-02T17:46:29Z</time>
   </trkpt>
   <trkpt lat="44.1209800" lon="-73.8240100">
    <ele>588.2</ele>
    <time>2022-10-02T17:46:34Z</time>
   </trkpt>
   <trkpt lat="44.1210100" lon="-73.8239900">
    <ele>588.3</ele>
    <time>2022-10-02T17:46:38Z</time>
   </trkpt>
   <trkpt lat="44.1210300" lon="-73.8239800">
    <ele>588.3</ele>
    <time>2022-10-02T17:46:43Z</time>
   </trkpt>
   <trkpt lat="44.1210600" lon="-73.8239600">
    <ele>588.4</ele>
    <time>2022-10-02T17:46:46Z</time>
   </trkpt>
   <trkpt lat="44.1210900" lon="-73.8239400">
    <ele>588.4</ele>
    <time>2022-10-02T17:46:48Z</time>
   </trkpt>
   <trkpt lat="44.1211200" lon="-73.8239200">
    <ele>588.5</ele>
    <time>2022-10-02T17:46:51Z</time>
   </trkpt>
   <trkpt lat="44.1211300" lon="-73.8238900">
    <ele>588.5</ele>
    <time>2022-10-02T17:46:54Z</time>
   </trkpt>
   <trkpt lat="44.1211300" lon="-73.8238500">
    <ele>588.5</ele>
    <time>2022-10-02T17:47:00Z</time>
   </trkpt>
   <trkpt lat="44.1211500" lon="-73.8238100">
    <ele>588.5</ele>
    <time>2022-10-02T17:47:04Z</time>
   </trkpt>
   <trkpt lat="44.1211900" lon="-73.8238000">
    <ele>588.4</ele>
    <time>2022-10-02T17:47:06Z</time>
   </trkpt>
   <trkpt lat="44.1212200" lon="-73.8237800">
    <ele>588.2</ele>
    <time>2022-10-02T17:47:09Z</time>
   </trkpt>
   <trkpt lat="44.1212400" lon="-73.8237500">
    <ele>588.0</ele>
    <time>2022-10-02T17:47:12Z</time>
   </trkpt>
   <trkpt lat="44.1212700" lon="-73.8237200">
    <ele>587.8</ele>
    <time>2022-10-02T17:47:15Z</time>
   </trkpt>
   <trkpt lat="44.1212800" lon="-73.8236800">
    <ele>587.6</ele>
    <time>2022-10-02T17:47:20Z</time>
   </trkpt>
   <trkpt lat="44.1213100" lon="-73.8236600">
    <ele>587.5</ele>
    <time>2022-10-02T17:47:24Z</time>
   </trkpt>
   <trkpt lat="44.1213400" lon="-73.8236400">
    <ele>587.3</ele>
    <time>2022-10-02T17:47:27Z</time>
   </trkpt>
   <trkpt lat="44.1213700" lon="-73.8236200">
    <ele>587.2</ele>
    <time>2022-10-02T17:47:47Z</time>
   </trkpt>
   <trkpt lat="44.1213900" lon="-73.8235700">
    <ele>587.1</ele>
    <time>2022-10-02T17:47:50Z</time>
   </trkpt>
   <trkpt lat="44.1214200" lon="-73.8235500">
    <ele>587.0</ele>
    <time>2022-10-02T17:47:53Z</time>
   </trkpt>
   <trkpt lat="44.1214500" lon="-73.8235200">
    <ele>586.9</ele>
    <time>2022-10-02T17:48:03Z</time>
   </trkpt>
   <trkpt lat="44.1214500" lon="-73.8234800">
    <ele>586.8</ele>
    <time>2022-10-02T17:48:06Z</time>
   </trkpt>
   <trkpt lat="44.1214900" lon="-73.8234700">
    <ele>586.7</ele>
    <time>2022-10-02T17:48:12Z</time>
   </trkpt>
   <trkpt lat="44.1215200" lon="-73.8234600">
    <ele>586.6</ele>
    <time>2022-10-02T17:48:15Z</time>
   </trkpt>
   <trkpt lat="44.1215500" lon="-73.8234500">
    <ele>586.4</ele>
    <time>2022-10-02T17:48:18Z</time>
   </trkpt>
   <trkpt lat="44.1215800" lon="-73.8234200">
    <ele>586.3</ele>
    <time>2022-10-02T17:48:21Z</time>
   </trkpt>
   <trkpt lat="44.1215900" lon="-73.8233800">
    <ele>586.1</ele>
    <time>2022-10-02T17:48:24Z</time>
   </trkpt>
   <trkpt lat="44.1216100" lon="-73.8233600">
    <ele>586.0</ele>
    <time>2022-10-02T17:48:28Z</time>
   </trkpt>
   <trkpt lat="44.1216400" lon="-73.8233400">
    <ele>585.9</ele>
    <time>2022-10-02T17:48:32Z</time>
   </trkpt>
   <trkpt lat="44.1216500" lon="-73.8233100">
    <ele>585.8</ele>
    <time>2022-10-02T17:48:37Z</time>
   </trkpt>
   <trkpt lat="44.1216600" lon="-73.8232700">
    <ele>585.7</ele>
    <time>2022-10-02T17:48:43Z</time>
   </trkpt>
   <trkpt lat="44.1216800" lon="-73.8232300">
    <ele>585.6</ele>
    <time>2022-10-02T17:48:48Z</time>
   </trkpt>
   <trkpt lat="44.1217000" lon="-73.8231900">
    <ele>585.5</ele>
    <time>2022-10-02T17:48:51Z</time>
   </trkpt>
   <trkpt lat="44.1217200" lon="-73.8231600">
    <ele>585.5</ele>
    <time>2022-10-02T17:48:54Z</time>
   </trkpt>
   <trkpt lat="44.1217400" lon="-73.8231300">
    <ele>585.4</ele>
    <time>2022-10-02T17:48:58Z</time>
   </trkpt>
   <trkpt lat="44.1217700" lon="-73.8231000">
    <ele>585.4</ele>
    <time>2022-10-02T17:49:01Z</time>
   </trkpt>
   <trkpt lat="44.1218000" lon="-73.8230500">
    <ele>585.3</ele>
    <time>2022-10-02T17:49:04Z</time>
   </trkpt>
   <trkpt lat="44.1218200" lon="-73.8230200">
    <ele>585.3</ele>
    <time>2022-10-02T17:49:06Z</time>
   </trkpt>
   <trkpt lat="44.1218500" lon="-73.8230100">
    <ele>585.2</ele>
    <time>2022-10-02T17:49:09Z</time>
   </trkpt>
   <trkpt lat="44.1218800" lon="-73.8230000">
    <ele>585.2</ele>
    <time>2022-10-02T17:49:11Z</time>
   </trkpt>
   <trkpt lat="44.1219100" lon="-73.8229900">
    <ele>585.1</ele>
    <time>2022-10-02T17:49:15Z</time>
   </trkpt>
   <trkpt lat="44.1219400" lon="-73.8229700">
    <ele>585.0</ele>
    <time>2022-10-02T17:49:18Z</time>
   </trkpt>
   <trkpt lat="44.1219600" lon="-73.8229500">
    <ele>584.9</ele>
    <time>2022-10-02T17:49:22Z</time>
   </trkpt>
   <trkpt lat="44.1219900" lon="-73.8229500">
    <ele>584.8</ele>
    <time>2022-10-02T17:49:28Z</time>
   </trkpt>
   <trkpt lat="44.1220200" lon="-73.8229300">
    <ele>584.7</ele>
    <time>2022-10-02T17:49:32Z</time>
   </trkpt>
   <trkpt lat="44.1220500" lon="-73.8229200">
    <ele>584.6</ele>
    <time>2022-10-02T17:49:35Z</time>
   </trkpt>
   <trkpt lat="44.1220800" lon="-73.8228800">
    <ele>584.5</ele>
    <time>2022-10-02T17:49:38Z</time>
   </trkpt>
   <trkpt lat="44.1221000" lon="-73.8228500">
    <ele>584.5</ele>
    <time>2022-10-02T17:49:41Z</time>
   </trkpt>
   <trkpt lat="44.1221300" lon="-73.8228500">
    <ele>584.4</ele>
    <time>2022-10-02T17:49:43Z</time>
   </trkpt>
   <trkpt lat="44.1221700" lon="-73.8228400">
    <ele>584.3</ele>
    <time>2022-10-02T17:49:46Z</time>
   </trkpt>
   <trkpt lat="44.1222000" lon="-73.8228300">
    <ele>584.2</ele>
    <time>2022-10-02T17:49:52Z</time>
   </trkpt>
   <trkpt lat="44.1222300" lon="-73.8228300">
    <ele>584.1</ele>
    <time>2022-10-02T17:50:24Z</time>
   </trkpt>
   <trkpt lat="44.1222200" lon="-73.8227900">
    <ele>584.0</ele>
    <time>2022-10-02T17:50:46Z</time>
   </trkpt>
   <trkpt lat="44.1222100" lon="-73.8227500">
    <ele>583.9</ele>
    <time>2022-10-02T17:50:49Z</time>
   </trkpt>
   <trkpt lat="44.1222300" lon="-73.8227200">
    <ele>583.8</ele>
    <time>2022-10-02T17:50:58Z</time>
   </trkpt>
   <trkpt lat="44.1222500" lon="-73.8227000">
    <ele>583.8</ele>
    <time>2022-10-02T17:51:01Z</time>
   </trkpt>
   <trkpt lat="44.1222800" lon="-73.8226700">
    <ele>583.7</ele>
    <time>2022-10-02T17:51:05Z</time>
   </trkpt>
   <trkpt lat="44.1223100" lon="-73.8226400">
    <ele>583.6</ele>
    <time>2022-10-02T17:51:08Z</time>
   </trkpt>
   <trkpt lat="44.1223400" lon="-73.8226200">
    <ele>583.6</ele>
    <time>2022-10-02T17:51:10Z</time>
   </trkpt>
   <trkpt lat="44.1223600" lon="-73.8225900">
    <ele>583.6</ele>
    <time>2022-10-02T17:51:12Z</time>
   </trkpt>
   <trkpt lat="44.1223800" lon="-73.8225400">
    <ele>583.5</ele>
    <time>2022-10-02T17:51:15Z</time>
   </trkpt>
   <trkpt lat="44.1223900" lon="-73.8225100">
    <ele>583.5</ele>
    <time>2022-10-02T17:51:18Z</time>
   </trkpt>
   <trkpt lat="44.1224100" lon="-73.8224600">
    <ele>583.5</ele>
    <time>2022-10-02T17:51:21Z</time>
   </trkpt>
   <trkpt lat="44.1224300" lon="-73.8224200">
    <ele>583.4</ele>
    <time>2022-10-02T17:51:24Z</time>
   </trkpt>
   <trkpt lat="44.1224500" lon="-73.8223800">
    <ele>583.4</ele>
    <time>2022-10-02T17:51:27Z</time>
   </trkpt>
   <trkpt lat="44.1224700" lon="-73.8223500">
    <ele>583.3</ele>
    <time>2022-10-02T17:51:29Z</time>
   </trkpt>
   <trkpt lat="44.1224900" lon="-73.8223100">
    <ele>583.3</ele>
    <time>2022-10-02T17:51:32Z</time>
   </trkpt>
   <trkpt lat="44.1225100" lon="-73.8222700">
    <ele>583.2</ele>
    <time>2022-10-02T17:51:36Z</time>
   </trkpt>
   <trkpt lat="44.1225400" lon="-73.8222700">
    <ele>583.2</ele>
    <time>2022-10-02T17:51:40Z</time>
   </trkpt>
   <trkpt lat="44.1225800" lon="-73.8222700">
    <ele>583.1</ele>
    <time>2022-10-02T17:51:43Z</time>
   </trkpt>
   <trkpt lat="44.1226100" lon="-73.8222600">
    <ele>583.0</ele>
    <time>2022-10-02T17:51:46Z</time>
   </trkpt>
   <trkpt lat="44.1226400" lon="-73.8222500">
    <ele>582.9</ele>
    <time>2022-10-02T17:51:49Z</time>
   </trkpt>
   <trkpt lat="44.1226700" lon="-73.8222400">
    <ele>582.9</ele>
    <time>2022-10-02T17:51:52Z</time>
   </trkpt>
   <trkpt lat="44.1227000" lon="-73.8222400">
    <ele>582.8</ele>
    <time>2022-10-02T17:51:56Z</time>
   </trkpt>
   <trkpt lat="44.1227200" lon="-73.8222300">
    <ele>582.7</ele>
    <time>2022-10-02T17:51:59Z</time>
   </trkpt>
   <trkpt lat="44.1227500" lon="-73.8222000">
    <ele>582.7</ele>
    <time>2022-10-02T17:52:02Z</time>
   </trkpt>
   <trkpt lat="44.1227800" lon="-73.8221800">
    <ele>582.6</ele>
    <time>2022-10-02T17:52:04Z</time>
   </trkpt>
   <trkpt lat="44.1228100" lon="-73.8221400">
    <ele>582.6</ele>
    <time>2022-10-02T17:52:07Z</time>
   </trkpt>
   <trkpt lat="44.1228200" lon="-73.8221000">
    <ele>582.6</ele>
    <time>2022-10-02T17:52:09Z</time>
   </trkpt>
   <trkpt lat="44.1228400" lon="-73.8220600">
    <ele>582.5</ele>
    <time>2022-10-02T17:52:12Z</time>
   </trkpt>
   <trkpt lat="44.1228600" lon="-73.8220200">
    <ele>582.5</ele>
    <time>2022-10-02T17:52:16Z</time>
   </trkpt>
   <trkpt lat="44.1228700" lon="-73.8219800">
    <ele>582.5</ele>
    <time>2022-10-02T17:52:19Z</time>
   </trkpt>
   <trkpt lat="44.1228900" lon="-73.8219500">
    <ele>582.4</ele>
    <time>2022-10-02T17:52:23Z</time>
   </trkpt>
   <trkpt lat="44.1229200" lon="-73.8219500">
    <ele>582.4</ele>
    <time>2022-10-02T17:52:27Z</time>
   </trkpt>
   <trkpt lat="44.1229500" lon="-73.8219300">
    <ele>582.4</ele>
    <time>2022-10-02T17:52:30Z</time>
   </trkpt>
   <trkpt lat="44.1229800" lon="-73.8219000">
    <ele>582.3</ele>
    <time>2022-10-02T17:52:33Z</time>
   </trkpt>
   <trkpt lat="44.1230100" lon="-73.8218700">
    <ele>582.3</ele>
    <time>2022-10-02T17:52:35Z</time>
   </trkpt>
   <trkpt lat="44.1230400" lon="-73.8218400">
    <ele>582.3</ele>
    <time>2022-10-02T17:52:38Z</time>
   </trkpt>
   <trkpt lat="44.1230700" lon="-73.8218100">
    <ele>582.3</ele>
    <time>2022-10-02T17:52:41Z</time>
   </trkpt>
   <trkpt lat="44.1230900" lon="-73.8217700">
    <ele>582.2</ele>
    <time>2022-10-02T17:52:44Z</time>
   </trkpt>
   <trkpt lat="44.1231000" lon="-73.8217200">
    <ele>582.2</ele>
    <time>2022-10-02T17:52:47Z</time>
   </trkpt>
   <trkpt lat="44.1231000" lon="-73.8216800">
    <ele>582.2</ele>
    <time>2022-10-02T17:52:49Z</time>
   </trkpt>
   <trkpt lat="44.1230900" lon="-73.8216300">
    <ele>582.1</ele>
    <time>2022-10-02T17:52:52Z</time>
   </trkpt>
   <trkpt lat="44.1230900" lon="-73.8215800">
    <ele>582.1</ele>
    <time>2022-10-02T17:52:55Z</time>
   </trkpt>
   <trkpt lat="44.1230900" lon="-73.8215400">
    <ele>582.0</ele>
    <time>2022-10-02T17:52:57Z</time>
   </trkpt>
   <trkpt lat="44.1230900" lon="-73.8215100">
    <ele>582.0</ele>
    <time>2022-10-02T17:52:59Z</time>
   </trkpt>
   <trkpt lat="44.1231000" lon="-73.8214500">
    <ele>581.9</ele>
    <time>2022-10-02T17:53:02Z</time>
   </trkpt>
   <trkpt lat="44.1231000" lon="-73.8214000">
    <ele>581.8</ele>
    <time>2022-10-02T17:53:04Z</time>
   </trkpt>
   <trkpt lat="44.1230900" lon="-73.8213600">
    <ele>581.8</ele>
    <time>2022-10-02T17:53:07Z</time>
   </trkpt>
   <trkpt lat="44.1230800" lon="-73.8213100">
    <ele>581.8</ele>
    <time>2022-10-02T17:53:11Z</time>
   </trkpt>
   <trkpt lat="44.1230600" lon="-73.8212700">
    <ele>581.8</ele>
    <time>2022-10-02T17:53:14Z</time>
   </trkpt>
   <trkpt lat="44.1230600" lon="-73.8212200">
    <ele>581.8</ele>
    <time>2022-10-02T17:53:19Z</time>
   </trkpt>
   <trkpt lat="44.1230900" lon="-73.8211900">
    <ele>581.8</ele>
    <time>2022-10-02T17:53:22Z</time>
   </trkpt>
   <trkpt lat="44.1231100" lon="-73.8211700">
    <ele>581.9</ele>
    <time>2022-10-02T17:53:26Z</time>
   </trkpt>
   <trkpt lat="44.1231400" lon="-73.8211300">
    <ele>581.9</ele>
    <time>2022-10-02T17:53:29Z</time>
   </trkpt>
   <trkpt lat="44.1231600" lon="-73.8211100">
    <ele>581.9</ele>
    <time>2022-10-02T17:53:32Z</time>
   </trkpt>
   <trkpt lat="44.1232000" lon="-73.8211100">
    <ele>581.9</ele>
    <time>2022-10-02T17:53:35Z</time>
   </trkpt>
   <trkpt lat="44.1232300" lon="-73.8211000">
    <ele>581.9</ele>
    <time>2022-10-02T17:53:37Z</time>
   </trkpt>
   <trkpt lat="44.1232600" lon="-73.8211000">
    <ele>581.9</ele>
    <time>2022-10-02T17:53:39Z</time>
   </trkpt>
   <trkpt lat="44.1233000" lon="-73.8211000">
    <ele>582.0</ele>
    <time>2022-10-02T17:53:42Z</time>
   </trkpt>
   <trkpt lat="44.1233300" lon="-73.8210900">
    <ele>582.0</ele>
    <time>2022-10-02T17:53:45Z</time>
   </trkpt>
   <trkpt lat="44.1233600" lon="-73.8210800">
    <ele>582.0</ele>
    <time>2022-10-02T17:53:48Z</time>
   </trkpt>
   <trkpt lat="44.1233900" lon="-73.8210900">
    <ele>582.1</ele>
    <time>2022-10-02T17:53:52Z</time>
   </trkpt>
   <trkpt lat="44.1234200" lon="-73.8210900">
    <ele>582.2</ele>
    <time>2022-10-02T17:53:55Z</time>
   </trkpt>
   <trkpt lat="44.1234400" lon="-73.8210700">
    <ele>582.2</ele>
    <time>2022-10-02T17:53:59Z</time>
   </trkpt>
   <trkpt lat="44.1234700" lon="-73.8211000">
    <ele>582.3</ele>
    <time>2022-10-02T17:54:05Z</time>
   </trkpt>
   <trkpt lat="44.1235000" lon="-73.8211300">
    <ele>582.4</ele>
    <time>2022-10-02T17:54:09Z</time>
   </trkpt>
   <trkpt lat="44.1235200" lon="-73.8211600">
    <ele>582.4</ele>
    <time>2022-10-02T17:54:12Z</time>
   </trkpt>
   <trkpt lat="44.1235400" lon="-73.8211900">
    <ele>582.4</ele>
    <time>2022-10-02T17:54:17Z</time>
   </trkpt>
   <trkpt lat="44.1235700" lon="-73.8212000">
    <ele>582.4</ele>
    <time>2022-10-02T17:54:23Z</time>
   </trkpt>
   <trkpt lat="44.1236000" lon="-73.8212000">
    <ele>582.4</ele>
    <time>2022-10-02T17:54:28Z</time>
   </trkpt>
   <trkpt lat="44.1236200" lon="-73.8211600">
    <ele>582.3</ele>
    <time>2022-10-02T17:54:33Z</time>
   </trkpt>
   <trkpt lat="44.1236400" lon="-73.8211300">
    <ele>582.2</ele>
    <time>2022-10-02T17:54:36Z</time>
   </trkpt>
   <trkpt lat="44.1236700" lon="-73.8211100">
    <ele>582.1</ele>
    <time>2022-10-02T17:54:40Z</time>
   </trkpt>
   <trkpt lat="44.1237000" lon="-73.8211100">
    <ele>582.0</ele>
    <time>2022-10-02T17:54:43Z</time>
   </trkpt>
   <trkpt lat="44.1237300" lon="-73.8210900">
    <ele>581.9</ele>
    <time>2022-10-02T17:54:46Z</time>
   </trkpt>
   <trkpt lat="44.1237600" lon="-73.8210600">
    <ele>581.8</ele>
    <time>2022-10-02T17:54:48Z</time>
   </trkpt>
   <trkpt lat="44.1237900" lon="-73.8210400">
    <ele>581.7</ele>
    <time>2022-10-02T17:54:51Z</time>
   </trkpt>
   <trkpt lat="44.1238200" lon="-73.8210100">
    <ele>581.6</ele>
    <time>2022-10-02T17:54:54Z</time>
   </trkpt>
   <trkpt lat="44.1238600" lon="-73.8209900">
    <ele>581.5</ele>
    <time>2022-10-02T17:54:57Z</time>
   </trkpt>
   <trkpt lat="44.1238900" lon="-73.8209700">
    <ele>581.5</ele>
    <time>2022-10-02T17:55:00Z</time>
   </trkpt>
   <trkpt lat="44.1239100" lon="-73.8209400">
    <ele>581.4</ele>
    <time>2022-10-02T17:55:03Z</time>
   </trkpt>
   <trkpt lat="44.1239300" lon="-73.8209000">
    <ele>581.4</ele>
    <time>2022-10-02T17:55:06Z</time>
   </trkpt>
   <trkpt lat="44.1239600" lon="-73.8208700">
    <ele>581.3</ele>
    <time>2022-10-02T17:55:09Z</time>
   </trkpt>
   <trkpt lat="44.1239800" lon="-73.8208400">
    <ele>581.3</ele>
    <time>2022-10-02T17:55:12Z</time>
   </trkpt>
   <trkpt lat="44.1240000" lon="-73.8208000">
    <ele>581.3</ele>
    <time>2022-10-02T17:55:16Z</time>
   </trkpt>
   <trkpt lat="44.1240100" lon="-73.8207700">
    <ele>581.3</ele>
    <time>2022-10-02T17:55:18Z</time>
   </trkpt>
   <trkpt lat="44.1240100" lon="-73.8207000">
    <ele>581.3</ele>
    <time>2022-10-02T17:55:20Z</time>
   </trkpt>
   <trkpt lat="44.1240200" lon="-73.8206500">
    <ele>581.3</ele>
    <time>2022-10-02T17:55:22Z</time>
   </trkpt>
   <trkpt lat="44.1240400" lon="-73.8206200">
    <ele>581.3</ele>
    <time>2022-10-02T17:55:25Z</time>
   </trkpt>
   <trkpt lat="44.1240500" lon="-73.8205800">
    <ele>581.3</ele>
    <time>2022-10-02T17:55:28Z</time>
   </trkpt>
   <trkpt lat="44.1240700" lon="-73.8205400">
    <ele>581.3</ele>
    <time>2022-10-02T17:55:31Z</time>
   </trkpt>
   <trkpt lat="44.1240800" lon="-73.8204900">
    <ele>581.3</ele>
    <time>2022-10-02T17:55:34Z</time>
   </trkpt>
   <trkpt lat="44.1241100" lon="-73.8204700">
    <ele>581.3</ele>
    <time>2022-10-02T17:55:37Z</time>
   </trkpt>
   <trkpt lat="44.1241400" lon="-73.8204500">
    <ele>581.3</ele>
    <time>2022-10-02T17:55:40Z</time>
   </trkpt>
   <trkpt lat="44.1241600" lon="-73.8204200">
    <ele>581.3</ele>
    <time>2022-10-02T17:55:44Z</time>
   </trkpt>
   <trkpt lat="44.1241800" lon="-73.8203900">
    <ele>581.3</ele>
    <time>2022-10-02T17:55:47Z</time>
   </trkpt>
   <trkpt lat="44.1241900" lon="-73.8203500">
    <ele>581.2</ele>
    <time>2022-10-02T17:55:50Z</time>
   </trkpt>
   <trkpt lat="44.1242100" lon="-73.8203200">
    <ele>581.2</ele>
    <time>2022-10-02T17:55:53Z</time>
   </trkpt>
   <trkpt lat="44.1242300" lon="-73.8202800">
    <ele>581.2</ele>
    <time>2022-10-02T17:55:56Z</time>
   </trkpt>
   <trkpt lat="44.1242400" lon="-73.8202300">
    <ele>581.2</ele>
    <time>2022-10-02T17:55:59Z</time>
   </trkpt>
   <trkpt lat="44.1242400" lon="-73.8201800">
    <ele>581.2</ele>
    <time>2022-10-02T17:56:02Z</time>
   </trkpt>
   <trkpt lat="44.1242300" lon="-73.8201400">
    <ele>581.2</ele>
    <time>2022-10-02T17:56:04Z</time>
   </trkpt>
   <trkpt lat="44.1242100" lon="-73.8200900">
    <ele>581.1</ele>
    <time>2022-10-02T17:56:07Z</time>
   </trkpt>
   <trkpt lat="44.1241900" lon="-73.8200500">
    <ele>581.1</ele>
    <time>2022-10-02T17:56:09Z</time>
   </trkpt>
   <trkpt lat="44.1241800" lon="-73.8200100">
    <ele>581.1</ele>
    <time>2022-10-02T17:56:11Z</time>
   </trkpt>
   <trkpt lat="44.1241800" lon="-73.8199600">
    <ele>581.1</ele>
    <time>2022-10-02T17:56:14Z</time>
   </trkpt>
   <trkpt lat="44.1241800" lon="-73.8199100">
    <ele>581.1</ele>
    <time>2022-10-02T17:56:17Z</time>
   </trkpt>
   <trkpt lat="44.1241800" lon="-73.8198600">
    <ele>581.1</ele>
    <time>2022-10-02T17:56:20Z</time>
   </trkpt>
   <trkpt lat="44.1241700" lon="-73.8198100">
    <ele>581.1</ele>
    <time>2022-10-02T17:56:23Z</time>
   </trkpt>
   <trkpt lat="44.1241700" lon="-73.8197700">
    <ele>581.2</ele>
    <time>2022-10-02T17:56:27Z</time>
   </trkpt>
   <trkpt lat="44.1241700" lon="-73.8197300">
    <ele>581.2</ele>
    <time>2022-10-02T17:56:30Z</time>
   </trkpt>
   <trkpt lat="44.1241700" lon="-73.8196800">
    <ele>581.2</ele>
    <time>2022-10-02T17:56:34Z</time>
   </trkpt>
   <trkpt lat="44.1241700" lon="-73.8196400">
    <ele>581.3</ele>
    <time>2022-10-02T17:56:37Z</time>
   </trkpt>
   <trkpt lat="44.1241800" lon="-73.8196000">
    <ele>581.3</ele>
    <time>2022-10-02T17:56:39Z</time>
   </trkpt>
   <trkpt lat="44.1241900" lon="-73.8195700">
    <ele>581.4</ele>
    <time>2022-10-02T17:56:42Z</time>
   </trkpt>
   <trkpt lat="44.1241900" lon="-73.8195100">
    <ele>581.4</ele>
    <time>2022-10-02T17:56:45Z</time>
   </trkpt>
   <trkpt lat="44.1242000" lon="-73.8194700">
    <ele>581.5</ele>
    <time>2022-10-02T17:56:49Z</time>
   </trkpt>
   <trkpt lat="44.1241900" lon="-73.8194300">
    <ele>581.5</ele>
    <time>2022-10-02T17:56:56Z</time>
   </trkpt>
   <trkpt lat="44.1241800" lon="-73.8193800">
    <ele>581.6</ele>
    <time>2022-10-02T17:57:00Z</time>
   </trkpt>
   <trkpt lat="44.1241900" lon="-73.8193500">
    <ele>581.6</ele>
    <time>2022-10-02T17:57:05Z</time>
   </trkpt>
   <trkpt lat="44.1242100" lon="-73.8193100">
    <ele>581.6</ele>
    <time>2022-10-02T17:57:09Z</time>
   </trkpt>
   <trkpt lat="44.1242300" lon="-73.8192800">
    <ele>581.6</ele>
    <time>2022-10-02T17:57:13Z</time>
   </trkpt>
   <trkpt lat="44.1242400" lon="-73.8192300">
    <ele>581.6</ele>
    <time>2022-10-02T17:57:17Z</time>
   </trkpt>
   <trkpt lat="44.1242600" lon="-73.8192000">
    <ele>581.6</ele>
    <time>2022-10-02T17:57:21Z</time>
   </trkpt>
   <trkpt lat="44.1242600" lon="-73.8191500">
    <ele>581.7</ele>
    <time>2022-10-02T17:57:25Z</time>
   </trkpt>
   <trkpt lat="44.1242600" lon="-73.8191100">
    <ele>581.7</ele>
    <time>2022-10-02T17:57:29Z</time>
   </trkpt>
   <trkpt lat="44.1242600" lon="-73.8190600">
    <ele>581.8</ele>
    <time>2022-10-02T17:57:33Z</time>
   </trkpt>
   <trkpt lat="44.1242500" lon="-73.8190200">
    <ele>581.8</ele>
    <time>2022-10-02T17:57:36Z</time>
   </trkpt>
   <trkpt lat="44.1242400" lon="-73.8189800">
    <ele>581.9</ele>
    <time>2022-10-02T17:57:39Z</time>
   </trkpt>
   <trkpt lat="44.1242300" lon="-73.8189300">
    <ele>582.0</ele>
    <time>2022-10-02T17:57:42Z</time>
   </trkpt>
   <trkpt lat="44.1242300" lon="-73.8188900">
    <ele>582.0</ele>
    <time>2022-10-02T17:57:44Z</time>
   </trkpt>
   <trkpt lat="44.1242300" lon="-73.8188500">
    <ele>582.0</ele>
    <time>2022-10-02T17:57:49Z</time>
   </trkpt>
   <trkpt lat="44.1242300" lon="-73.8188000">
    <ele>582.1</ele>
    <time>2022-10-02T17:57:52Z</time>
   </trkpt>
   <trkpt lat="44.1242300" lon="-73.8187600">
    <ele>582.1</ele>
    <time>2022-10-02T17:57:55Z</time>
   </trkpt>
   <trkpt lat="44.1242300" lon="-73.8187100">
    <ele>582.1</ele>
    <time>2022-10-02T17:57:59Z</time>
   </trkpt>
   <trkpt lat="44.1242300" lon="-73.8186700">
    <ele>582.1</ele>
    <time>2022-10-02T17:58:02Z</time>
   </trkpt>
   <trkpt lat="44.1242500" lon="-73.8186400">
    <ele>582.1</ele>
    <time>2022-10-02T17:58:06Z</time>
   </trkpt>
   <trkpt lat="44.1242800" lon="-73.8186100">
    <ele>582.1</ele>
    <time>2022-10-02T17:58:09Z</time>
   </trkpt>
   <trkpt lat="44.1242900" lon="-73.8185800">
    <ele>582.2</ele>
    <time>2022-10-02T17:58:13Z</time>
   </trkpt>
   <trkpt lat="44.1243100" lon="-73.8185400">
    <ele>582.3</ele>
    <time>2022-10-02T17:58:18Z</time>
   </trkpt>
   <trkpt lat="44.1243300" lon="-73.8185100">
    <ele>582.3</ele>
    <time>2022-10-02T17:58:24Z</time>
   </trkpt>
   <trkpt lat="44.1243600" lon="-73.8184900">
    <ele>582.5</ele>
    <time>2022-10-02T17:58:28Z</time>
   </trkpt>
   <trkpt lat="44.1243900" lon="-73.8184800">
    <ele>582.6</ele>
    <time>2022-10-02T17:58:33Z</time>
   </trkpt>
   <trkpt lat="44.1244300" lon="-73.8185200">
    <ele>582.8</ele>
    <time>2022-10-02T17:58:37Z</time>
   </trkpt>
   <trkpt lat="44.1244400" lon="-73.8185600">
    <ele>582.9</ele>
    <time>2022-10-02T17:58:41Z</time>
   </trkpt>
   <trkpt lat="44.1244400" lon="-73.8186000">
    <ele>583.0</ele>
    <time>2022-10-02T17:58:46Z</time>
   </trkpt>
   <trkpt lat="44.1244600" lon="-73.8186300">
    <ele>583.1</ele>
    <time>2022-10-02T17:58:50Z</time>
   </trkpt>
   <trkpt lat="44.1244800" lon="-73.8186700">
    <ele>583.2</ele>
    <time>2022-10-02T17:58:54Z</time>
   </trkpt>
   <trkpt lat="44.1245100" lon="-73.8186900">
    <ele>583.2</ele>
    <time>2022-10-02T17:58:58Z</time>
   </trkpt>
   <trkpt lat="44.1245400" lon="-73.8186800">
    <ele>583.2</ele>
    <time>2022-10-02T17:59:03Z</time>
   </trkpt>
   <trkpt lat="44.1245800" lon="-73.8186800">
    <ele>583.2</ele>
    <time>2022-10-02T17:59:08Z</time>
   </trkpt>
   <trkpt lat="44.1246000" lon="-73.8186700">
    <ele>583.2</ele>
    <time>2022-10-02T17:59:12Z</time>
   </trkpt>
   <trkpt lat="44.1246300" lon="-73.8186500">
    <ele>583.1</ele>
    <time>2022-10-02T17:59:16Z</time>
   </trkpt>
   <trkpt lat="44.1246600" lon="-73.8186500">
    <ele>583.0</ele>
    <time>2022-10-02T17:59:21Z</time>
   </trkpt>
   <trkpt lat="44.1247000" lon="-73.8186500">
    <ele>582.8</ele>
    <time>2022-10-02T17:59:26Z</time>
   </trkpt>
   <trkpt lat="44.1247200" lon="-73.8186300">
    <ele>582.6</ele>
    <time>2022-10-02T17:59:31Z</time>
   </trkpt>
   <trkpt lat="44.1247500" lon="-73.8186400">
    <ele>582.5</ele>
    <time>2022-10-02T17:59:45Z</time>
   </trkpt>
   <trkpt lat="44.1247700" lon="-73.8186700">
    <ele>582.3</ele>
    <time>2022-10-02T17:59:48Z</time>
   </trkpt>
   <trkpt lat="44.1248000" lon="-73.8186600">
    <ele>582.2</ele>
    <time>2022-10-02T18:00:44Z</time>
   </trkpt>
   <trkpt lat="44.1248300" lon="-73.8186400">
    <ele>582.1</ele>
    <time>2022-10-02T18:00:48Z</time>
   </trkpt>
   <trkpt lat="44.1248600" lon="-73.8186300">
    <ele>582.0</ele>
    <time>2022-10-02T18:00:51Z</time>
   </trkpt>
   <trkpt lat="44.1248900" lon="-73.8186300">
    <ele>582.0</ele>
    <time>2022-10-02T18:00:56Z</time>
   </trkpt>
   <trkpt lat="44.1249200" lon="-73.8186200">
    <ele>582.0</ele>
    <time>2022-10-02T18:01:00Z</time>
   </trkpt>
   <trkpt lat="44.1249400" lon="-73.8186100">
    <ele>582.1</ele>
    <time>2022-10-02T18:01:04Z</time>
   </trkpt>
   <trkpt lat="44.1249800" lon="-73.8186100">
    <ele>582.3</ele>
    <time>2022-10-02T18:01:08Z</time>
   </trkpt>
   <trkpt lat="44.1250000" lon="-73.8186000">
    <ele>582.4</ele>
    <time>2022-10-02T18:01:12Z</time>
   </trkpt>
   <trkpt lat="44.1250300" lon="-73.8185700">
    <ele>582.7</ele>
    <time>2022-10-02T18:01:20Z</time>
   </trkpt>
   <trkpt lat="44.1250500" lon="-73.8185500">
    <ele>582.9</ele>
    <time>2022-10-02T18:01:25Z</time>
   </trkpt>
   <trkpt lat="44.1250800" lon="-73.8185400">
    <ele>583.2</ele>
    <time>2022-10-02T18:01:29Z</time>
   </trkpt>
   <trkpt lat="44.1251100" lon="-73.8185100">
    <ele>583.5</ele>
    <time>2022-10-02T18:01:33Z</time>
   </trkpt>
   <trkpt lat="44.1251300" lon="-73.8184800">
    <ele>583.8</ele>
    <time>2022-10-02T18:01:36Z</time>
   </trkpt>
   <trkpt lat="44.1251500" lon="-73.8184600">
    <ele>583.9</ele>
    <time>2022-10-02T18:01:39Z</time>
   </trkpt>
   <trkpt lat="44.1251800" lon="-73.8184500">
    <ele>584.1</ele>
    <time>2022-10-02T18:01:41Z</time>
   </trkpt>
   <trkpt lat="44.1252100" lon="-73.8184300">
    <ele>584.2</ele>
    <time>2022-10-02T18:01:44Z</time>
   </trkpt>
   <trkpt lat="44.1252300" lon="-73.8184200">
    <ele>584.2</ele>
    <time>2022-10-02T18:01:47Z</time>
   </trkpt>
   <trkpt lat="44.1252600" lon="-73.8184100">
    <ele>584.2</ele>
    <time>2022-10-02T18:01:50Z</time>
   </trkpt>
   <trkpt lat="44.1253000" lon="-73.8184000">
    <ele>584.1</ele>
    <time>2022-10-02T18:01:53Z</time>
   </trkpt>
   <trkpt lat="44.1253400" lon="-73.8184000">
    <ele>584.0</ele>
    <time>2022-10-02T18:01:56Z</time>
   </trkpt>
   <trkpt lat="44.1253700" lon="-73.8183900">
    <ele>583.8</ele>
    <time>2022-10-02T18:02:00Z</time>
   </trkpt>
   <trkpt lat="44.1253800" lon="-73.8183500">
    <ele>583.6</ele>
    <time>2022-10-02T18:02:05Z</time>
   </trkpt>
   <trkpt lat="44.1254100" lon="-73.8183100">
    <ele>583.3</ele>
    <time>2022-10-02T18:02:08Z</time>
   </trkpt>
   <trkpt lat="44.1254300" lon="-73.8182800">
    <ele>583.1</ele>
    <time>2022-10-02T18:02:11Z</time>
   </trkpt>
   <trkpt lat="44.1254600" lon="-73.8182800">
    <ele>582.9</ele>
    <time>2022-10-02T18:02:14Z</time>
   </trkpt>
   <trkpt lat="44.1254900" lon="-73.8182800">
    <ele>582.6</ele>
    <time>2022-10-02T18:02:18Z</time>
   </trkpt>
   <trkpt lat="44.1255200" lon="-73.8182900">
    <ele>582.3</ele>
    <time>2022-10-02T18:02:22Z</time>
   </trkpt>
   <trkpt lat="44.1255500" lon="-73.8182800">
    <ele>582.0</ele>
    <time>2022-10-02T18:02:25Z</time>
   </trkpt>
   <trkpt lat="44.1255800" lon="-73.8182600">
    <ele>581.8</ele>
    <time>2022-10-02T18:02:28Z</time>
   </trkpt>
   <trkpt lat="44.1256000" lon="-73.8182300">
    <ele>581.5</ele>
    <time>2022-10-02T18:02:31Z</time>
   </trkpt>
   <trkpt lat="44.1256300" lon="-73.8182200">
    <ele>581.3</ele>
    <time>2022-10-02T18:02:34Z</time>
   </trkpt>
   <trkpt lat="44.1256600" lon="-73.8182100">
    <ele>581.1</ele>
    <time>2022-10-02T18:02:39Z</time>
   </trkpt>
   <trkpt lat="44.1256800" lon="-73.8181900">
    <ele>581.0</ele>
    <time>2022-10-02T18:02:42Z</time>
   </trkpt>
   <trkpt lat="44.1257000" lon="-73.8181500">
    <ele>580.8</ele>
    <time>2022-10-02T18:02:45Z</time>
   </trkpt>
   <trkpt lat="44.1257300" lon="-73.8181200">
    <ele>580.7</ele>
    <time>2022-10-02T18:02:49Z</time>
   </trkpt>
   <trkpt lat="44.1257500" lon="-73.8180900">
    <ele>580.6</ele>
    <time>2022-10-02T18:02:52Z</time>
   </trkpt>
   <trkpt lat="44.1257900" lon="-73.8180800">
    <ele>580.5</ele>
    <time>2022-10-02T18:02:55Z</time>
   </trkpt>
   <trkpt lat="44.1258200" lon="-73.8180700">
    <ele>580.5</ele>
    <time>2022-10-02T18:02:58Z</time>
   </trkpt>
   <trkpt lat="44.1258400" lon="-73.8180600">
    <ele>580.5</ele>
    <time>2022-10-02T18:03:02Z</time>
   </trkpt>
   <trkpt lat="44.1258700" lon="-73.8180600">
    <ele>580.5</ele>
    <time>2022-10-02T18:03:07Z</time>
   </trkpt>
   <trkpt lat="44.1259000" lon="-73.8180900">
    <ele>580.5</ele>
    <time>2022-10-02T18:03:11Z</time>
   </trkpt>
   <trkpt lat="44.1259200" lon="-73.8181000">
    <ele>580.6</ele>
    <time>2022-10-02T18:03:15Z</time>
   </trkpt>
   <trkpt lat="44.1259500" lon="-73.8181100">
    <ele>580.6</ele>
    <time>2022-10-02T18:03:18Z</time>
   </trkpt>
   <trkpt lat="44.1259800" lon="-73.8181200">
    <ele>580.8</ele>
    <time>2022-10-02T18:03:22Z</time>
   </trkpt>
   <trkpt lat="44.1260100" lon="-73.8181300">
    <ele>580.9</ele>
    <time>2022-10-02T18:03:30Z</time>
   </trkpt>
   <trkpt lat="44.1260400" lon="-73.8181500">
    <ele>581.1</ele>
    <time>2022-10-02T18:03:35Z</time>
   </trkpt>
   <trkpt lat="44.1260700" lon="-73.8181600">
    <ele>581.2</ele>
    <time>2022-10-02T18:03:41Z</time>
   </trkpt>
   <trkpt lat="44.1261000" lon="-73.8181600">
    <ele>581.3</ele>
    <time>2022-10-02T18:03:45Z</time>
   </trkpt>
   <trkpt lat="44.1261300" lon="-73.8181500">
    <ele>581.5</ele>
    <time>2022-10-02T18:03:49Z</time>
   </trkpt>
   <trkpt lat="44.1261500" lon="-73.8181300">
    <ele>581.6</ele>
    <time>2022-10-02T18:03:53Z</time>
   </trkpt>
   <trkpt lat="44.1261800" lon="-73.8181000">
    <ele>581.7</ele>
    <time>2022-10-02T18:03:57Z</time>
   </trkpt>
   <trkpt lat="44.1262100" lon="-73.8180700">
    <ele>581.7</ele>
    <time>2022-10-02T18:04:00Z</time>
   </trkpt>
   <trkpt lat="44.1262500" lon="-73.8180400">
    <ele>581.7</ele>
    <time>2022-10-02T18:04:03Z</time>
   </trkpt>
   <trkpt lat="44.1262800" lon="-73.8180300">
    <ele>581.7</ele>
    <time>2022-10-02T18:04:06Z</time>
   </trkpt>
   <trkpt lat="44.1263000" lon="-73.8180000">
    <ele>581.7</ele>
    <time>2022-10-02T18:04:10Z</time>
   </trkpt>
   <trkpt lat="44.1263200" lon="-73.8179600">
    <ele>581.7</ele>
    <time>2022-10-02T18:04:13Z</time>
   </trkpt>
   <trkpt lat="44.1263300" lon="-73.8179200">
    <ele>581.7</ele>
    <time>2022-10-02T18:04:17Z</time>
   </trkpt>
   <trkpt lat="44.1263400" lon="-73.8178800">
    <ele>581.8</ele>
    <time>2022-10-02T18:04:19Z</time>
   </trkpt>
   <trkpt lat="44.1263600" lon="-73.8178400">
    <ele>581.9</ele>
    <time>2022-10-02T18:04:23Z</time>
   </trkpt>
   <trkpt lat="44.1263900" lon="-73.8178000">
    <ele>582.0</ele>
    <time>2022-10-02T18:04:26Z</time>
   </trkpt>
   <trkpt lat="44.1264100" lon="-73.8177800">
    <ele>582.1</ele>
    <time>2022-10-02T18:04:29Z</time>
   </trkpt>
   <trkpt lat="44.1264300" lon="-73.8177600">
    <ele>582.2</ele>
    <time>2022-10-02T18:04:33Z</time>
   </trkpt>
   <trkpt lat="44.1264600" lon="-73.8177400">
    <ele>582.3</ele>
    <time>2022-10-02T18:04:37Z</time>
   </trkpt>
   <trkpt lat="44.1264900" lon="-73.8177300">
    <ele>582.5</ele>
    <time>2022-10-02T18:04:40Z</time>
   </trkpt>
   <trkpt lat="44.1265300" lon="-73.8177300">
    <ele>582.8</ele>
    <time>2022-10-02T18:04:43Z</time>
   </trkpt>
   <trkpt lat="44.1265600" lon="-73.8177300">
    <ele>583.0</ele>
    <time>2022-10-02T18:04:46Z</time>
   </trkpt>
   <trkpt lat="44.1265900" lon="-73.8177100">
    <ele>583.2</ele>
    <time>2022-10-02T18:04:49Z</time>
   </trkpt>
   <trkpt lat="44.1266100" lon="-73.8176900">
    <ele>583.4</ele>
    <time>2022-10-02T18:04:53Z</time>
   </trkpt>
   <trkpt lat="44.1266300" lon="-73.8176500">
    <ele>583.7</ele>
    <time>2022-10-02T18:04:56Z</time>
   </trkpt>
   <trkpt lat="44.1266500" lon="-73.8176300">
    <ele>583.8</ele>
    <time>2022-10-02T18:04:59Z</time>
   </trkpt>
   <trkpt lat="44.1266800" lon="-73.8176100">
    <ele>584.0</ele>
    <time>2022-10-02T18:05:02Z</time>
   </trkpt>
   <trkpt lat="44.1267100" lon="-73.8175900">
    <ele>584.0</ele>
    <time>2022-10-02T18:05:05Z</time>
   </trkpt>
   <trkpt lat="44.1267300" lon="-73.8175700">
    <ele>584.1</ele>
    <time>2022-10-02T18:05:08Z</time>
   </trkpt>
   <trkpt lat="44.1267600" lon="-73.8175400">
    <ele>584.0</ele>
    <time>2022-10-02T18:05:11Z</time>
   </trkpt>
   <trkpt lat="44.1267800" lon="-73.8175000">
    <ele>584.0</ele>
    <time>2022-10-02T18:05:14Z</time>
   </trkpt>
   <trkpt lat="44.1268000" lon="-73.8174700">
    <ele>583.9</ele>
    <time>2022-10-02T18:05:17Z</time>
   </trkpt>
   <trkpt lat="44.1268100" lon="-73.8174300">
    <ele>583.8</ele>
    <time>2022-10-02T18:05:20Z</time>
   </trkpt>
   <trkpt lat="44.1268400" lon="-73.8174000">
    <ele>583.8</ele>
    <time>2022-10-02T18:05:23Z</time>
   </trkpt>
   <trkpt lat="44.1268600" lon="-73.8173600">
    <ele>583.7</ele>
    <time>2022-10-02T18:05:27Z</time>
   </trkpt>
   <trkpt lat="44.1268700" lon="-73.8173300">
    <ele>583.7</ele>
    <time>2022-10-02T18:05:31Z</time>
   </trkpt>
   <trkpt lat="44.1269000" lon="-73.8172900">
    <ele>583.6</ele>
    <time>2022-10-02T18:05:35Z</time>
   </trkpt>
   <trkpt lat="44.1269200" lon="-73.8172500">
    <ele>583.6</ele>
    <time>2022-10-02T18:05:39Z</time>
   </trkpt>
   <trkpt lat="44.1269300" lon="-73.8172000">
    <ele>583.5</ele>
    <time>2022-10-02T18:05:44Z</time>
   </trkpt>
   <trkpt lat="44.1269600" lon="-73.8171700">
    <ele>583.5</ele>
    <time>2022-10-02T18:05:47Z</time>
   </trkpt>
   <trkpt lat="44.1269800" lon="-73.8171200">
    <ele>583.5</ele>
    <time>2022-10-02T18:05:50Z</time>
   </trkpt>
   <trkpt lat="44.1269900" lon="-73.8170800">
    <ele>583.5</ele>
    <time>2022-10-02T18:05:55Z</time>
   </trkpt>
   <trkpt lat="44.1270200" lon="-73.8170600">
    <ele>583.5</ele>
    <time>2022-10-02T18:05:58Z</time>
   </trkpt>
   <trkpt lat="44.1270500" lon="-73.8170400">
    <ele>583.5</ele>
    <time>2022-10-02T18:06:02Z</time>
   </trkpt>
   <trkpt lat="44.1270700" lon="-73.8170100">
    <ele>583.5</ele>
    <time>2022-10-02T18:06:07Z</time>
   </trkpt>
   <trkpt lat="44.1270900" lon="-73.8169900">
    <ele>583.4</ele>
    <time>2022-10-02T18:06:10Z</time>
   </trkpt>
   <trkpt lat="44.1271100" lon="-73.8169500">
    <ele>583.4</ele>
    <time>2022-10-02T18:06:12Z</time>
   </trkpt>
   <trkpt lat="44.1271300" lon="-73.8169200">
    <ele>583.4</ele>
    <time>2022-10-02T18:06:16Z</time>
   </trkpt>
   <trkpt lat="44.1271500" lon="-73.8168900">
    <ele>583.4</ele>
    <time>2022-10-02T18:06:20Z</time>
   </trkpt>
   <trkpt lat="44.1271800" lon="-73.8168700">
    <ele>583.4</ele>
    <time>2022-10-02T18:06:25Z</time>
   </trkpt>
   <trkpt lat="44.1272000" lon="-73.8168400">
    <ele>583.3</ele>
    <time>2022-10-02T18:06:29Z</time>
   </trkpt>
   <trkpt lat="44.1272100" lon="-73.8168100">
    <ele>583.3</ele>
    <time>2022-10-02T18:06:33Z</time>
   </trkpt>
   <trkpt lat="44.1272400" lon="-73.8167900">
    <ele>583.3</ele>
    <time>2022-10-02T18:06:38Z</time>
   </trkpt>
   <trkpt lat="44.1272600" lon="-73.8167500">
    <ele>583.3</ele>
    <time>2022-10-02T18:06:42Z</time>
   </trkpt>
   <trkpt lat="44.1272800" lon="-73.8167200">
    <ele>583.3</ele>
    <time>2022-10-02T18:06:46Z</time>
   </trkpt>
   <trkpt lat="44.1272500" lon="-73.8167100">
    <ele>583.3</ele>
    <time>2022-10-02T18:07:03Z</time>
   </trkpt>
   <trkpt lat="44.1272600" lon="-73.8167400">
    <ele>583.3</ele>
    <time>2022-10-02T18:07:55Z</time>
   </trkpt>
   <trkpt lat="44.1272900" lon="-73.8167500">
    <ele>583.3</ele>
    <time>2022-10-02T18:08:19Z</time>
   </trkpt>
   <trkpt lat="44.1273200" lon="-73.8167500">
    <ele>583.4</ele>
    <time>2022-10-02T18:08:37Z</time>
   </trkpt>
   <trkpt lat="44.1273400" lon="-73.8167100">
    <ele>583.5</ele>
    <time>2022-10-02T18:08:42Z</time>
   </trkpt>
   <trkpt lat="44.1273700" lon="-73.8166800">
    <ele>583.7</ele>
    <time>2022-10-02T18:08:46Z</time>
   </trkpt>
   <trkpt lat="44.1273800" lon="-73.8166400">
    <ele>583.7</ele>
    <time>2022-10-02T18:08:51Z</time>
   </trkpt>
   <trkpt lat="44.1274100" lon="-73.8166200">
    <ele>583.8</ele>
    <time>2022-10-02T18:08:54Z</time>
   </trkpt>
   <trkpt lat="44.1274400" lon="-73.8166100">
    <ele>583.9</ele>
    <time>2022-10-02T18:08:57Z</time>
   </trkpt>
   <trkpt lat="44.1274600" lon="-73.8165900">
    <ele>583.9</ele>
    <time>2022-10-02T18:09:01Z</time>
   </trkpt>
   <trkpt lat="44.1274900" lon="-73.8165700">
    <ele>584.0</ele>
    <time>2022-10-02T18:09:06Z</time>
   </trkpt>
   <trkpt lat="44.1275200" lon="-73.8165400">
    <ele>584.0</ele>
    <time>2022-10-02T18:09:11Z</time>
   </trkpt>
   <trkpt lat="44.1275500" lon="-73.8165400">
    <ele>584.0</ele>
    <time>2022-10-02T18:09:16Z</time>
   </trkpt>
   <trkpt lat="44.1275700" lon="-73.8165100">
    <ele>584.0</ele>
    <time>2022-10-02T18:09:20Z</time>
   </trkpt>
   <trkpt lat="44.1275900" lon="-73.8164900">
    <ele>583.9</ele>
    <time>2022-10-02T18:09:27Z</time>
   </trkpt>
   <trkpt lat="44.1276200" lon="-73.8164700">
    <ele>583.9</ele>
    <time>2022-10-02T18:09:31Z</time>
   </trkpt>
   <trkpt lat="44.1276500" lon="-73.8164700">
    <ele>584.0</ele>
    <time>2022-10-02T18:09:34Z</time>
   </trkpt>
   <trkpt lat="44.1276800" lon="-73.8164600">
    <ele>584.0</ele>
    <time>2022-10-02T18:09:38Z</time>
   </trkpt>
   <trkpt lat="44.1277100" lon="-73.8164600">
    <ele>584.1</ele>
    <time>2022-10-02T18:09:48Z</time>
   </trkpt>
   <trkpt lat="44.1277000" lon="-73.8164200">
    <ele>584.1</ele>
    <time>2022-10-02T18:10:11Z</time>
   </trkpt>
   <trkpt lat="44.1276700" lon="-73.8164100">
    <ele>584.2</ele>
    <time>2022-10-02T18:10:17Z</time>
   </trkpt>
   <trkpt lat="44.1276400" lon="-73.8164100">
    <ele>584.2</ele>
    <time>2022-10-02T18:10:20Z</time>
   </trkpt>
   <trkpt lat="44.1276700" lon="-73.8163900">
    <ele>584.2</ele>
    <time>2022-10-02T18:11:16Z</time>
   </trkpt>
   <trkpt lat="44.1277000" lon="-73.8163600">
    <ele>584.1</ele>
    <time>2022-10-02T18:11:21Z</time>
   </trkpt>
   <trkpt lat="44.1277300" lon="-73.8163600">
    <ele>583.9</ele>
    <time>2022-10-02T18:11:25Z</time>
   </trkpt>
   <trkpt lat="44.1277600" lon="-73.8163700">
    <ele>583.7</ele>
    <time>2022-10-02T18:11:29Z</time>
   </trkpt>
   <trkpt lat="44.1277800" lon="-73.8163500">
    <ele>583.5</ele>
    <time>2022-10-02T18:11:33Z</time>
   </trkpt>
   <trkpt lat="44.1278100" lon="-73.8163400">
    <ele>583.1</ele>
    <time>2022-10-02T18:11:37Z</time>
   </trkpt>
   <trkpt lat="44.1278400" lon="-73.8163200">
    <ele>582.8</ele>
    <time>2022-10-02T18:11:42Z</time>
   </trkpt>
   <trkpt lat="44.1278600" lon="-73.8163300">
    <ele>582.5</ele>
    <time>2022-10-02T18:11:47Z</time>
   </trkpt>
   <trkpt lat="44.1278900" lon="-73.8162900">
    <ele>582.1</ele>
    <time>2022-10-02T18:11:51Z</time>
   </trkpt>
   <trkpt lat="44.1279000" lon="-73.8162500">
    <ele>581.9</ele>
    <time>2022-10-02T18:11:54Z</time>
   </trkpt>
   <trkpt lat="44.1279400" lon="-73.8162400">
    <ele>581.6</ele>
    <time>2022-10-02T18:11:58Z</time>
   </trkpt>
   <trkpt lat="44.1279700" lon="-73.8162400">
    <ele>581.5</ele>
    <time>2022-10-02T18:12:00Z</time>
   </trkpt>
   <trkpt lat="44.1279900" lon="-73.8162400">
    <ele>581.4</ele>
    <time>2022-10-02T18:12:02Z</time>
   </trkpt>
   <trkpt lat="44.1280400" lon="-73.8162300">
    <ele>581.3</ele>
    <time>2022-10-02T18:12:05Z</time>
   </trkpt>
   <trkpt lat="44.1280600" lon="-73.8162300">
    <ele>581.2</ele>
    <time>2022-10-02T18:12:08Z</time>
   </trkpt>
   <trkpt lat="44.1280900" lon="-73.8162500">
    <ele>581.2</ele>
    <time>2022-10-02T18:12:11Z</time>
   </trkpt>
   <trkpt lat="44.1281200" lon="-73.8162700">
    <ele>581.2</ele>
    <time>2022-10-02T18:12:15Z</time>
   </trkpt>
   <trkpt lat="44.1281500" lon="-73.8162800">
    <ele>581.1</ele>
    <time>2022-10-02T18:12:19Z</time>
   </trkpt>
   <trkpt lat="44.1281800" lon="-73.8162800">
    <ele>581.1</ele>
    <time>2022-10-02T18:12:21Z</time>
   </trkpt>
   <trkpt lat="44.1282100" lon="-73.8162800">
    <ele>581.0</ele>
    <time>2022-10-02T18:12:24Z</time>
   </trkpt>
   <trkpt lat="44.1282600" lon="-73.8162900">
    <ele>581.0</ele>
    <time>2022-10-02T18:12:27Z</time>
   </trkpt>
   <trkpt lat="44.1282900" lon="-73.8163000">
    <ele>580.9</ele>
    <time>2022-10-02T18:12:30Z</time>
   </trkpt>
   <trkpt lat="44.1283200" lon="-73.8163100">
    <ele>580.9</ele>
    <time>2022-10-02T18:12:33Z</time>
   </trkpt>
   <trkpt lat="44.1283500" lon="-73.8163300">
    <ele>581.0</ele>
    <time>2022-10-02T18:12:36Z</time>
   </trkpt>
   <trkpt lat="44.1283800" lon="-73.8163500">
    <ele>581.0</ele>
    <time>2022-10-02T18:12:39Z</time>
   </trkpt>
   <trkpt lat="44.1284100" lon="-73.8163400">
    <ele>581.1</ele>
    <time>2022-10-02T18:12:42Z</time>
   </trkpt>
   <trkpt lat="44.1284400" lon="-73.8163300">
    <ele>581.3</ele>
    <time>2022-10-02T18:12:45Z</time>
   </trkpt>
   <trkpt lat="44.1284600" lon="-73.8163200">
    <ele>581.4</ele>
    <time>2022-10-02T18:12:48Z</time>
   </trkpt>
   <trkpt lat="44.1285000" lon="-73.8162900">
    <ele>581.7</ele>
    <time>2022-10-02T18:12:51Z</time>
   </trkpt>
   <trkpt lat="44.1285300" lon="-73.8162800">
    <ele>581.9</ele>
    <time>2022-10-02T18:12:54Z</time>
   </trkpt>
   <trkpt lat="44.1285600" lon="-73.8162700">
    <ele>582.1</ele>
    <time>2022-10-02T18:12:57Z</time>
   </trkpt>
   <trkpt lat="44.1285900" lon="-73.8162500">
    <ele>582.3</ele>
    <time>2022-10-02T18:13:00Z</time>
   </trkpt>
   <trkpt lat="44.1286200" lon="-73.8162400">
    <ele>582.6</ele>
    <time>2022-10-02T18:13:02Z</time>
   </trkpt>
   <trkpt lat="44.1286400" lon="-73.8162200">
    <ele>582.8</ele>
    <time>2022-10-02T18:13:05Z</time>
   </trkpt>
   <trkpt lat="44.1286800" lon="-73.8162200">
    <ele>583.1</ele>
    <time>2022-10-02T18:13:08Z</time>
   </trkpt>
   <trkpt lat="44.1287000" lon="-73.8162100">
    <ele>583.3</ele>
    <time>2022-10-02T18:13:11Z</time>
   </trkpt>
   <trkpt lat="44.1287300" lon="-73.8161900">
    <ele>583.6</ele>
    <time>2022-10-02T18:13:15Z</time>
   </trkpt>
   <trkpt lat="44.1287500" lon="-73.8161600">
    <ele>583.9</ele>
    <time>2022-10-02T18:13:18Z</time>
   </trkpt>
   <trkpt lat="44.1287800" lon="-73.8161400">
    <ele>584.3</ele>
    <time>2022-10-02T18:13:21Z</time>
   </trkpt>
   <trkpt lat="44.1288100" lon="-73.8161100">
    <ele>584.8</ele>
    <time>2022-10-02T18:13:24Z</time>
   </trkpt>
   <trkpt lat="44.1288300" lon="-73.8160700">
    <ele>585.2</ele>
    <time>2022-10-02T18:13:27Z</time>
   </trkpt>
   <trkpt lat="44.1288400" lon="-73.8160300">
    <ele>585.5</ele>
    <time>2022-10-02T18:13:29Z</time>
   </trkpt>
   <trkpt lat="44.1288600" lon="-73.8159900">
    <ele>585.9</ele>
    <time>2022-10-02T18:13:31Z</time>
   </trkpt>
   <trkpt lat="44.1288700" lon="-73.8159500">
    <ele>586.2</ele>
    <time>2022-10-02T18:13:34Z</time>
   </trkpt>
   <trkpt lat="44.1288900" lon="-73.8159100">
    <ele>586.5</ele>
    <time>2022-10-02T18:13:37Z</time>
   </trkpt>
   <trkpt lat="44.1289100" lon="-73.8158600">
    <ele>586.8</ele>
    <time>2022-10-02T18:13:40Z</time>
   </trkpt>
   <trkpt lat="44.1289300" lon="-73.8158300">
    <ele>586.9</ele>
    <time>2022-10-02T18:13:42Z</time>
   </trkpt>
   <trkpt lat="44.1289500" lon="-73.8158000">
    <ele>587.0</ele>
    <time>2022-10-02T18:13:44Z</time>
   </trkpt>
   <trkpt lat="44.1289800" lon="-73.8157700">
    <ele>587.0</ele>
    <time>2022-10-02T18:13:47Z</time>
   </trkpt>
   <trkpt lat="44.1290100" lon="-73.8157500">
    <ele>586.9</ele>
    <time>2022-10-02T18:13:50Z</time>
   </trkpt>
   <trkpt lat="44.1290400" lon="-73.8157400">
    <ele>586.8</ele>
    <time>2022-10-02T18:13:54Z</time>
   </trkpt>
   <trkpt lat="44.1290800" lon="-73.8157300">
    <ele>586.5</ele>
    <time>2022-10-02T18:13:58Z</time>
   </trkpt>
   <trkpt lat="44.1291100" lon="-73.8157100">
    <ele>586.2</ele>
    <time>2022-10-02T18:14:02Z</time>
   </trkpt>
   <trkpt lat="44.1291300" lon="-73.8157200">
    <ele>586.0</ele>
    <time>2022-10-02T18:14:19Z</time>
   </trkpt>
   <trkpt lat="44.1291000" lon="-73.8157300">
    <ele>585.4</ele>
    <time>2022-10-02T18:15:00Z</time>
   </trkpt>
   <trkpt lat="44.1290900" lon="-73.8157700">
    <ele>584.6</ele>
    <time>2022-10-02T18:15:40Z</time>
   </trkpt>
   <trkpt lat="44.1290900" lon="-73.8158100">
    <ele>583.8</ele>
    <time>2022-10-02T18:15:48Z</time>
   </trkpt>
   <trkpt lat="44.1290900" lon="-73.8158500">
    <ele>583.0</ele>
    <time>2022-10-02T18:15:56Z</time>
   </trkpt>
   <trkpt lat="44.1290700" lon="-73.8158800">
    <ele>582.3</ele>
    <time>2022-10-02T18:16:02Z</time>
   </trkpt>
   <trkpt lat="44.1290800" lon="-73.8159200">
    <ele>582.0</ele>
    <time>2022-10-02T18:16:22Z</time>
   </trkpt>
   <trkpt lat="44.1290900" lon="-73.8159600">
    <ele>581.8</ele>
    <time>2022-10-02T18:16:25Z</time>
   </trkpt>
   <trkpt lat="44.1291000" lon="-73.8160100">
    <ele>581.4</ele>
    <time>2022-10-02T18:16:28Z</time>
   </trkpt>
   <trkpt lat="44.1291000" lon="-73.8160500">
    <ele>581.2</ele>
    <time>2022-10-02T18:16:34Z</time>
   </trkpt>
   <trkpt lat="44.1291100" lon="-73.8160800">
    <ele>581.1</ele>
    <time>2022-10-02T18:16:56Z</time>
   </trkpt>
   <trkpt lat="44.1291300" lon="-73.8161200">
    <ele>581.0</ele>
    <time>2022-10-02T18:17:07Z</time>
   </trkpt>
   <trkpt lat="44.1291500" lon="-73.8161500">
    <ele>581.0</ele>
    <time>2022-10-02T18:17:30Z</time>
   </trkpt>
   <trkpt lat="44.1291700" lon="-73.8161800">
    <ele>581.0</ele>
    <time>2022-10-02T18:17:47Z</time>
   </trkpt>
   <trkpt lat="44.1292000" lon="-73.8161800">
    <ele>581.0</ele>
    <time>2022-10-02T18:17:53Z</time>
   </trkpt>
   <trkpt lat="44.1291700" lon="-73.8162000">
    <ele>581.0</ele>
    <time>2022-10-02T18:18:34Z</time>
   </trkpt>
   <trkpt lat="44.1291600" lon="-73.8162500">
    <ele>581.1</ele>
    <time>2022-10-02T18:18:38Z</time>
   </trkpt>
   <trkpt lat="44.1291500" lon="-73.8162800">
    <ele>581.2</ele>
    <time>2022-10-02T18:18:42Z</time>
   </trkpt>
   <trkpt lat="44.1291300" lon="-73.8163300">
    <ele>581.3</ele>
    <time>2022-10-02T18:18:46Z</time>
   </trkpt>
   <trkpt lat="44.1291200" lon="-73.8163600">
    <ele>581.4</ele>
    <time>2022-10-02T18:18:50Z</time>
   </trkpt>
   <trkpt lat="44.1291100" lon="-73.8164000">
    <ele>581.6</ele>
    <time>2022-10-02T18:18:53Z</time>
   </trkpt>
   <trkpt lat="44.1290900" lon="-73.8164300">
    <ele>581.7</ele>
    <time>2022-10-02T18:18:59Z</time>
   </trkpt>
   <trkpt lat="44.1290200" lon="-73.8163800">
    <ele>582.3</ele>
    <time>2022-10-02T18:19:15Z</time>
   </trkpt>
   <trkpt lat="44.1289900" lon="-73.8163400">
    <ele>582.6</ele>
    <time>2022-10-02T18:19:18Z</time>
   </trkpt>
   <trkpt lat="44.1290200" lon="-73.8163200">
    <ele>582.9</ele>
    <time>2022-10-02T18:19:24Z</time>
   </trkpt>
   <trkpt lat="44.1290500" lon="-73.8163100">
    <ele>583.1</ele>
    <time>2022-10-02T18:19:27Z</time>
   </trkpt>
   <trkpt lat="44.1290700" lon="-73.8162700">
    <ele>583.4</ele>
    <time>2022-10-02T18:19:30Z</time>
   </trkpt>
   <trkpt lat="44.1290900" lon="-73.8162400">
    <ele>583.6</ele>
    <time>2022-10-02T18:19:33Z</time>
   </trkpt>
   <trkpt lat="44.1291100" lon="-73.8161900">
    <ele>583.9</ele>
    <time>2022-10-02T18:19:37Z</time>
   </trkpt>
   <trkpt lat="44.1291200" lon="-73.8161500">
    <ele>584.2</ele>
    <time>2022-10-02T18:19:40Z</time>
   </trkpt>
   <trkpt lat="44.1291500" lon="-73.8161600">
    <ele>584.4</ele>
    <time>2022-10-02T18:19:47Z</time>
   </trkpt>
   <trkpt lat="44.1291600" lon="-73.8162100">
    <ele>584.6</ele>
    <time>2022-10-02T18:19:50Z</time>
   </trkpt>
   <trkpt lat="44.1291700" lon="-73.8162500">
    <ele>584.8</ele>
    <time>2022-10-02T18:19:54Z</time>
   </trkpt>
   <trkpt lat="44.1291800" lon="-73.8162900">
    <ele>585.0</ele>
    <time>2022-10-02T18:19:58Z</time>
   </trkpt>
   <trkpt lat="44.1292000" lon="-73.8163200">
    <ele>585.2</ele>
    <time>2022-10-02T18:20:03Z</time>
   </trkpt>
   <trkpt lat="44.1292100" lon="-73.8163600">
    <ele>585.3</ele>
    <time>2022-10-02T18:20:06Z</time>
   </trkpt>
   <trkpt lat="44.1292400" lon="-73.8163900">
    <ele>585.5</ele>
    <time>2022-10-02T18:20:10Z</time>
   </trkpt>
   <trkpt lat="44.1292600" lon="-73.8164200">
    <ele>585.7</ele>
    <time>2022-10-02T18:20:12Z</time>
   </trkpt>
   <trkpt lat="44.1292800" lon="-73.8164400">
    <ele>585.8</ele>
    <time>2022-10-02T18:20:14Z</time>
   </trkpt>
   <trkpt lat="44.1293100" lon="-73.8164700">
    <ele>585.9</ele>
    <time>2022-10-02T18:20:17Z</time>
   </trkpt>
   <trkpt lat="44.1293200" lon="-73.8165200">
    <ele>586.0</ele>
    <time>2022-10-02T18:20:20Z</time>
   </trkpt>
   <trkpt lat="44.1293200" lon="-73.8165700">
    <ele>586.2</ele>
    <time>2022-10-02T18:20:24Z</time>
   </trkpt>
   <trkpt lat="44.1293400" lon="-73.8166100">
    <ele>586.3</ele>
    <time>2022-10-02T18:20:27Z</time>
   </trkpt>
   <trkpt lat="44.1293700" lon="-73.8166300">
    <ele>586.4</ele>
    <time>2022-10-02T18:20:29Z</time>
   </trkpt>
   <trkpt lat="44.1293900" lon="-73.8166600">
    <ele>586.5</ele>
    <time>2022-10-02T18:20:33Z</time>
   </trkpt>
   <trkpt lat="44.1294300" lon="-73.8166500">
    <ele>586.7</ele>
    <time>2022-10-02T18:20:36Z</time>
   </trkpt>
   <trkpt lat="44.1294600" lon="-73.8166300">
    <ele>586.9</ele>
    <time>2022-10-02T18:20:38Z</time>
   </trkpt>
   <trkpt lat="44.1294900" lon="-73.8166000">
    <ele>587.0</ele>
    <time>2022-10-02T18:20:41Z</time>
   </trkpt>
   <trkpt lat="44.1295200" lon="-73.8165800">
    <ele>587.2</ele>
    <time>2022-10-02T18:20:44Z</time>
   </trkpt>
   <trkpt lat="44.1295500" lon="-73.8165500">
    <ele>587.3</ele>
    <time>2022-10-02T18:20:49Z</time>
   </trkpt>
   <trkpt lat="44.1295800" lon="-73.8165600">
    <ele>587.5</ele>
    <time>2022-10-02T18:20:52Z</time>
   </trkpt>
   <trkpt lat="44.1296100" lon="-73.8165500">
    <ele>587.6</ele>
    <time>2022-10-02T18:20:55Z</time>
   </trkpt>
   <trkpt lat="44.1296400" lon="-73.8165200">
    <ele>587.8</ele>
    <time>2022-10-02T18:20:58Z</time>
   </trkpt>
   <trkpt lat="44.1296600" lon="-73.8164900">
    <ele>587.9</ele>
    <time>2022-10-02T18:21:03Z</time>
   </trkpt>
   <trkpt lat="44.1296300" lon="-73.8165200">
    <ele>588.1</ele>
    <time>2022-10-02T18:21:09Z</time>
   </trkpt>
   <trkpt lat="44.1296300" lon="-73.8165600">
    <ele>588.2</ele>
    <time>2022-10-02T18:21:19Z</time>
   </trkpt>
   <trkpt lat="44.1296600" lon="-73.8165600">
    <ele>588.3</ele>
    <time>2022-10-02T18:22:11Z</time>
   </trkpt>
   <trkpt lat="44.1296900" lon="-73.8165500">
    <ele>588.4</ele>
    <time>2022-10-02T18:22:31Z</time>
   </trkpt>
   <trkpt lat="44.1297000" lon="-73.8165100">
    <ele>588.6</ele>
    <time>2022-10-02T18:22:42Z</time>
   </trkpt>
   <trkpt lat="44.1297000" lon="-73.8165600">
    <ele>588.7</ele>
    <time>2022-10-02T18:23:15Z</time>
   </trkpt>
   <trkpt lat="44.1296800" lon="-73.8165400">
    <ele>588.8</ele>
    <time>2022-10-02T18:23:31Z</time>
   </trkpt>
   <trkpt lat="44.1296500" lon="-73.8165300">
    <ele>589.0</ele>
    <time>2022-10-02T18:23:36Z</time>
   </trkpt>
   <trkpt lat="44.1296400" lon="-73.8165600">
    <ele>589.1</ele>
    <time>2022-10-02T18:23:41Z</time>
   </trkpt>
   <trkpt lat="44.1296100" lon="-73.8165700">
    <ele>589.2</ele>
    <time>2022-10-02T18:23:45Z</time>
   </trkpt>
   <trkpt lat="44.1295800" lon="-73.8165700">
    <ele>589.3</ele>
    <time>2022-10-02T18:23:49Z</time>
   </trkpt>
   <trkpt lat="44.1295500" lon="-73.8165400">
    <ele>589.5</ele>
    <time>2022-10-02T18:23:52Z</time>
   </trkpt>
   <trkpt lat="44.1295200" lon="-73.8164700">
    <ele>589.7</ele>
    <time>2022-10-02T18:24:17Z</time>
   </trkpt>
   <trkpt lat="44.1295000" lon="-73.8165000">
    <ele>589.8</ele>
    <time>2022-10-02T18:24:22Z</time>
   </trkpt>
   <trkpt lat="44.1295300" lon="-73.8165100">
    <ele>589.9</ele>
    <time>2022-10-02T18:24:31Z</time>
   </trkpt>
   <trkpt lat="44.1295600" lon="-73.8165100">
    <ele>590.0</ele>
    <time>2022-10-02T18:24:32Z</time>
   </trkpt>
   <trkpt lat="44.1295700" lon="-73.8164500">
    <ele>590.2</ele>
    <time>2022-10-02T18:24:48Z</time>
   </trkpt>
   <trkpt lat="44.1295500" lon="-73.8164800">
    <ele>590.3</ele>
    <time>2022-10-02T18:24:59Z</time>
   </trkpt>
   <trkpt lat="44.1295200" lon="-73.8165000">
    <ele>590.4</ele>
    <time>2022-10-02T18:25:03Z</time>
   </trkpt>
   <trkpt lat="44.1294900" lon="-73.8165100">
    <ele>590.5</ele>
    <time>2022-10-02T18:25:07Z</time>
   </trkpt>
   <trkpt lat="44.1295100" lon="-73.8165400">
    <ele>590.6</ele>
    <time>2022-10-02T18:25:24Z</time>
   </trkpt>
   <trkpt lat="44.1295300" lon="-73.8165800">
    <ele>590.7</ele>
    <time>2022-10-02T18:25:32Z</time>
   </trkpt>
   <trkpt lat="44.1295400" lon="-73.8166100">
    <ele>590.8</ele>
    <time>2022-10-02T18:25:44Z</time>
   </trkpt>
   <trkpt lat="44.1295600" lon="-73.8166300">
    <ele>590.9</ele>
    <time>2022-10-02T18:25:48Z</time>
   </trkpt>
   <trkpt lat="44.1295600" lon="-73.8165900">
    <ele>590.9</ele>
    <time>2022-10-02T18:25:58Z</time>
   </trkpt>
   <trkpt lat="44.1295500" lon="-73.8166400">
    <ele>591.1</ele>
    <time>2022-10-02T18:26:09Z</time>
   </trkpt>
   <trkpt lat="44.1295600" lon="-73.8166000">
    <ele>591.1</ele>
    <time>2022-10-02T18:26:28Z</time>
   </trkpt>
   <trkpt lat="44.1295800" lon="-73.8165600">
    <ele>591.2</ele>
    <time>2022-10-02T18:26:31Z</time>
   </trkpt>
   <trkpt lat="44.1295400" lon="-73.8165500">
    <ele>591.3</ele>
    <time>2022-10-02T18:26:36Z</time>
   </trkpt>
   <trkpt lat="44.1295000" lon="-73.8165200">
    <ele>591.4</ele>
    <time>2022-10-02T18:26:38Z</time>
   </trkpt>
   <trkpt lat="44.1295000" lon="-73.8164900">
    <ele>591.5</ele>
    <time>2022-10-02T18:26:45Z</time>
   </trkpt>
   <trkpt lat="44.1295200" lon="-73.8164700">
    <ele>591.6</ele>
    <time>2022-10-02T18:26:48Z</time>
   </trkpt>
   <trkpt lat="44.1295500" lon="-73.8164500">
    <ele>591.6</ele>
    <time>2022-10-02T18:26:52Z</time>
   </trkpt>
   <trkpt lat="44.1295400" lon="-73.8164100">
    <ele>591.7</ele>
    <time>2022-10-02T18:27:10Z</time>
   </trkpt>
   <trkpt lat="44.1295600" lon="-73.8163800">
    <ele>591.8</ele>
    <time>2022-10-02T18:27:15Z</time>
   </trkpt>
   <trkpt lat="44.1295600" lon="-73.8163400">
    <ele>591.8</ele>
    <time>2022-10-02T18:27:20Z</time>
   </trkpt>
   <trkpt lat="44.1295600" lon="-73.8163000">
    <ele>591.9</ele>
    <time>2022-10-02T18:27:24Z</time>
   </trkpt>
   <trkpt lat="44.1295700" lon="-73.8162600">
    <ele>592.0</ele>
    <time>2022-10-02T18:27:29Z</time>
   </trkpt>
   <trkpt lat="44.1295800" lon="-73.8162200">
    <ele>592.0</ele>
    <time>2022-10-02T18:27:33Z</time>
   </trkpt>
   <trkpt lat="44.1296000" lon="-73.8161900">
    <ele>592.0</ele>
    <time>2022-10-02T18:27:38Z</time>
   </trkpt>
   <trkpt lat="44.1296300" lon="-73.8161700">
    <ele>592.0</ele>
    <time>2022-10-02T18:27:44Z</time>
   </trkpt>
   <trkpt lat="44.1296500" lon="-73.8162100">
    <ele>591.6</ele>
    <time>2022-10-02T18:27:47Z</time>
   </trkpt>
   <trkpt lat="44.1296700" lon="-73.8162300">
    <ele>591.3</ele>
    <time>2022-10-02T18:27:50Z</time>
   </trkpt>
   <trkpt lat="44.1297100" lon="-73.8162400">
    <ele>590.7</ele>
    <time>2022-10-02T18:27:53Z</time>
   </trkpt>
   <trkpt lat="44.1297300" lon="-73.8162000">
    <ele>590.2</ele>
    <time>2022-10-02T18:27:57Z</time>
   </trkpt>
   <trkpt lat="44.1297500" lon="-73.8161700">
    <ele>589.8</ele>
    <time>2022-10-02T18:28:00Z</time>
   </trkpt>
   <trkpt lat="44.1297800" lon="-73.8161500">
    <ele>589.3</ele>
    <time>2022-10-02T18:28:02Z</time>
   </trkpt>
   <trkpt lat="44.1298100" lon="-73.8161100">
    <ele>588.7</ele>
    <time>2022-10-02T18:28:05Z</time>
   </trkpt>
   <trkpt lat="44.1298300" lon="-73.8160700">
    <ele>588.2</ele>
    <time>2022-10-02T18:28:08Z</time>
   </trkpt>
   <trkpt lat="44.1298400" lon="-73.8160400">
    <ele>587.9</ele>
    <time>2022-10-02T18:28:11Z</time>
   </trkpt>
   <trkpt lat="44.1298600" lon="-73.8160000">
    <ele>587.4</ele>
    <time>2022-10-02T18:28:15Z</time>
   </trkpt>
   <trkpt lat="44.1298800" lon="-73.8159600">
    <ele>587.0</ele>
    <time>2022-10-02T18:28:18Z</time>
   </trkpt>
   <trkpt lat="44.1298800" lon="-73.8159200">
    <ele>586.7</ele>
    <time>2022-10-02T18:28:21Z</time>
   </trkpt>
   <trkpt lat="44.1298800" lon="-73.8158800">
    <ele>586.4</ele>
    <time>2022-10-02T18:28:24Z</time>
   </trkpt>
   <trkpt lat="44.1299100" lon="-73.8158500">
    <ele>586.0</ele>
    <time>2022-10-02T18:28:27Z</time>
   </trkpt>
   <trkpt lat="44.1299300" lon="-73.8158300">
    <ele>585.8</ele>
    <time>2022-10-02T18:28:30Z</time>
   </trkpt>
   <trkpt lat="44.1299400" lon="-73.8157900">
    <ele>585.5</ele>
    <time>2022-10-02T18:28:33Z</time>
   </trkpt>
   <trkpt lat="44.1299700" lon="-73.8157600">
    <ele>585.3</ele>
    <time>2022-10-02T18:28:36Z</time>
   </trkpt>
   <trkpt lat="44.1300000" lon="-73.8157300">
    <ele>585.0</ele>
    <time>2022-10-02T18:28:39Z</time>
   </trkpt>
   <trkpt lat="44.1300100" lon="-73.8157000">
    <ele>584.8</ele>
    <time>2022-10-02T18:28:42Z</time>
   </trkpt>
   <trkpt lat="44.1300200" lon="-73.8156600">
    <ele>584.6</ele>
    <time>2022-10-02T18:28:45Z</time>
   </trkpt>
   <trkpt lat="44.1300300" lon="-73.8156100">
    <ele>584.3</ele>
    <time>2022-10-02T18:28:48Z</time>
   </trkpt>
   <trkpt lat="44.1300400" lon="-73.8155700">
    <ele>584.1</ele>
    <time>2022-10-02T18:28:52Z</time>
   </trkpt>
   <trkpt lat="44.1300700" lon="-73.8155400">
    <ele>583.9</ele>
    <time>2022-10-02T18:28:55Z</time>
   </trkpt>
   <trkpt lat="44.1301000" lon="-73.8155200">
    <ele>583.7</ele>
    <time>2022-10-02T18:28:57Z</time>
   </trkpt>
   <trkpt lat="44.1301300" lon="-73.8155000">
    <ele>583.6</ele>
    <time>2022-10-02T18:28:59Z</time>
   </trkpt>
   <trkpt lat="44.1301600" lon="-73.8154800">
    <ele>583.4</ele>
    <time>2022-10-02T18:29:02Z</time>
   </trkpt>
   <trkpt lat="44.1301900" lon="-73.8154700">
    <ele>583.4</ele>
    <time>2022-10-02T18:29:06Z</time>
   </trkpt>
   <trkpt lat="44.1302200" lon="-73.8154600">
    <ele>583.3</ele>
    <time>2022-10-02T18:29:09Z</time>
   </trkpt>
   <trkpt lat="44.1302600" lon="-73.8154700">
    <ele>583.3</ele>
    <time>2022-10-02T18:29:12Z</time>
   </trkpt>
   <trkpt lat="44.1302900" lon="-73.8154700">
    <ele>583.3</ele>
    <time>2022-10-02T18:29:15Z</time>
   </trkpt>
   <trkpt lat="44.1303100" lon="-73.8154500">
    <ele>583.2</ele>
    <time>2022-10-02T18:29:18Z</time>
   </trkpt>
   <trkpt lat="44.1303400" lon="-73.8154300">
    <ele>583.2</ele>
    <time>2022-10-02T18:29:22Z</time>
   </trkpt>
   <trkpt lat="44.1303700" lon="-73.8154400">
    <ele>583.2</ele>
    <time>2022-10-02T18:29:27Z</time>
   </trkpt>
   <trkpt lat="44.1304000" lon="-73.8154500">
    <ele>583.2</ele>
    <time>2022-10-02T18:29:30Z</time>
   </trkpt>
   <trkpt lat="44.1304400" lon="-73.8154300">
    <ele>583.1</ele>
    <time>2022-10-02T18:29:33Z</time>
   </trkpt>
   <trkpt lat="44.1304800" lon="-73.8154200">
    <ele>583.1</ele>
    <time>2022-10-02T18:29:35Z</time>
   </trkpt>
   <trkpt lat="44.1305000" lon="-73.8153900">
    <ele>583.0</ele>
    <time>2022-10-02T18:29:38Z</time>
   </trkpt>
   <trkpt lat="44.1305100" lon="-73.8153400">
    <ele>582.9</ele>
    <time>2022-10-02T18:29:41Z</time>
   </trkpt>
   <trkpt lat="44.1305200" lon="-73.8153100">
    <ele>582.9</ele>
    <time>2022-10-02T18:29:44Z</time>
   </trkpt>
   <trkpt lat="44.1305300" lon="-73.8152700">
    <ele>582.8</ele>
    <time>2022-10-02T18:29:49Z</time>
   </trkpt>
   <trkpt lat="44.1305600" lon="-73.8152500">
    <ele>582.7</ele>
    <time>2022-10-02T18:29:54Z</time>
   </trkpt>
   <trkpt lat="44.1305900" lon="-73.8152300">
    <ele>582.6</ele>
    <time>2022-10-02T18:29:58Z</time>
   </trkpt>
   <trkpt lat="44.1306100" lon="-73.8152000">
    <ele>582.5</ele>
    <time>2022-10-02T18:30:04Z</time>
   </trkpt>
   <trkpt lat="44.1306200" lon="-73.8151600">
    <ele>582.4</ele>
    <time>2022-10-02T18:30:10Z</time>
   </trkpt>
   <trkpt lat="44.1306400" lon="-73.8151300">
    <ele>582.3</ele>
    <time>2022-10-02T18:30:15Z</time>
   </trkpt>
   <trkpt lat="44.1306600" lon="-73.8151000">
    <ele>582.1</ele>
    <time>2022-10-02T18:30:22Z</time>
   </trkpt>
   <trkpt lat="44.1307000" lon="-73.8151000">
    <ele>581.8</ele>
    <time>2022-10-02T18:30:26Z</time>
   </trkpt>
   <trkpt lat="44.1307300" lon="-73.8150900">
    <ele>581.6</ele>
    <time>2022-10-02T18:30:29Z</time>
   </trkpt>
   <trkpt lat="44.1307400" lon="-73.8150500">
    <ele>581.3</ele>
    <time>2022-10-02T18:30:33Z</time>
   </trkpt>
   <trkpt lat="44.1307500" lon="-73.8150200">
    <ele>581.1</ele>
    <time>2022-10-02T18:30:38Z</time>
   </trkpt>
   <trkpt lat="44.1307400" lon="-73.8149800">
    <ele>580.8</ele>
    <time>2022-10-02T18:30:42Z</time>
   </trkpt>
   <trkpt lat="44.1307400" lon="-73.8149400">
    <ele>580.6</ele>
    <time>2022-10-02T18:30:49Z</time>
   </trkpt>
   <trkpt lat="44.1307400" lon="-73.8149000">
    <ele>580.4</ele>
    <time>2022-10-02T18:30:59Z</time>
   </trkpt>
   <trkpt lat="44.1307500" lon="-73.8148600">
    <ele>580.2</ele>
    <time>2022-10-02T18:31:05Z</time>
   </trkpt>
   <trkpt lat="44.1307600" lon="-73.8147900">
    <ele>579.8</ele>
    <time>2022-10-02T18:31:10Z</time>
   </trkpt>
   <trkpt lat="44.1307700" lon="-73.8147300">
    <ele>579.5</ele>
    <time>2022-10-02T18:31:13Z</time>
   </trkpt>
   <trkpt lat="44.1307900" lon="-73.8147000">
    <ele>579.3</ele>
    <time>2022-10-02T18:31:16Z</time>
   </trkpt>
   <trkpt lat="44.1308300" lon="-73.8146800">
    <ele>579.0</ele>
    <time>2022-10-02T18:31:20Z</time>
   </trkpt>
   <trkpt lat="44.1308500" lon="-73.8146600">
    <ele>578.8</ele>
    <time>2022-10-02T18:31:23Z</time>
   </trkpt>
   <trkpt lat="44.1308600" lon="-73.8146200">
    <ele>578.5</ele>
    <time>2022-10-02T18:31:26Z</time>
   </trkpt>
   <trkpt lat="44.1308700" lon="-73.8145800">
    <ele>578.3</ele>
    <time>2022-10-02T18:31:29Z</time>
   </trkpt>
   <trkpt lat="44.1308800" lon="-73.8145500">
    <ele>578.1</ele>
    <time>2022-10-02T18:31:31Z</time>
   </trkpt>
   <trkpt lat="44.1309100" lon="-73.8145100">
    <ele>577.7</ele>
    <time>2022-10-02T18:31:34Z</time>
   </trkpt>
   <trkpt lat="44.1309300" lon="-73.8144600">
    <ele>577.4</ele>
    <time>2022-10-02T18:31:37Z</time>
   </trkpt>
   <trkpt lat="44.1309400" lon="-73.8144200">
    <ele>577.2</ele>
    <time>2022-10-02T18:31:40Z</time>
   </trkpt>
   <trkpt lat="44.1309600" lon="-73.8143900">
    <ele>577.0</ele>
    <time>2022-10-02T18:31:43Z</time>
   </trkpt>
   <trkpt lat="44.1309900" lon="-73.8143500">
    <ele>576.8</ele>
    <time>2022-10-02T18:31:46Z</time>
   </trkpt>
   <trkpt lat="44.1310200" lon="-73.8143300">
    <ele>576.6</ele>
    <time>2022-10-02T18:31:48Z</time>
   </trkpt>
   <trkpt lat="44.1310400" lon="-73.8143000">
    <ele>576.5</ele>
    <time>2022-10-02T18:31:51Z</time>
   </trkpt>
   <trkpt lat="44.1310700" lon="-73.8142700">
    <ele>576.3</ele>
    <time>2022-10-02T18:31:54Z</time>
   </trkpt>
   <trkpt lat="44.1311000" lon="-73.8142500">
    <ele>576.2</ele>
    <time>2022-10-02T18:31:56Z</time>
   </trkpt>
   <trkpt lat="44.1311200" lon="-73.8142200">
    <ele>576.1</ele>
    <time>2022-10-02T18:31:58Z</time>
   </trkpt>
   <trkpt lat="44.1311500" lon="-73.8141900">
    <ele>575.9</ele>
    <time>2022-10-02T18:32:01Z</time>
   </trkpt>
   <trkpt lat="44.1311600" lon="-73.8141400">
    <ele>575.8</ele>
    <time>2022-10-02T18:32:04Z</time>
   </trkpt>
   <trkpt lat="44.1311700" lon="-73.8140900">
    <ele>575.7</ele>
    <time>2022-10-02T18:32:07Z</time>
   </trkpt>
   <trkpt lat="44.1311800" lon="-73.8140500">
    <ele>575.6</ele>
    <time>2022-10-02T18:32:10Z</time>
   </trkpt>
   <trkpt lat="44.1312000" lon="-73.8140100">
    <ele>575.5</ele>
    <time>2022-10-02T18:32:14Z</time>
   </trkpt>
   <trkpt lat="44.1312300" lon="-73.8139800">
    <ele>575.3</ele>
    <time>2022-10-02T18:32:17Z</time>
   </trkpt>
   <trkpt lat="44.1312400" lon="-73.8139400">
    <ele>575.2</ele>
    <time>2022-10-02T18:32:20Z</time>
   </trkpt>
   <trkpt lat="44.1312400" lon="-73.8139000">
    <ele>575.0</ele>
    <time>2022-10-02T18:32:23Z</time>
   </trkpt>
   <trkpt lat="44.1312300" lon="-73.8138500">
    <ele>574.8</ele>
    <time>2022-10-02T18:32:26Z</time>
   </trkpt>
   <trkpt lat="44.1312400" lon="-73.8138100">
    <ele>574.7</ele>
    <time>2022-10-02T18:32:29Z</time>
   </trkpt>
   <trkpt lat="44.1312500" lon="-73.8137500">
    <ele>574.5</ele>
    <time>2022-10-02T18:32:32Z</time>
   </trkpt>
   <trkpt lat="44.1312600" lon="-73.8137200">
    <ele>574.4</ele>
    <time>2022-10-02T18:32:35Z</time>
   </trkpt>
   <trkpt lat="44.1312900" lon="-73.8137000">
    <ele>574.2</ele>
    <time>2022-10-02T18:32:38Z</time>
   </trkpt>
   <trkpt lat="44.1313200" lon="-73.8136600">
    <ele>574.1</ele>
    <time>2022-10-02T18:32:41Z</time>
   </trkpt>
   <trkpt lat="44.1313300" lon="-73.8136200">
    <ele>574.0</ele>
    <time>2022-10-02T18:32:44Z</time>
   </trkpt>
   <trkpt lat="44.1313500" lon="-73.8135900">
    <ele>573.9</ele>
    <time>2022-10-02T18:32:47Z</time>
   </trkpt>
   <trkpt lat="44.1313600" lon="-73.8135500">
    <ele>573.7</ele>
    <time>2022-10-02T18:32:50Z</time>
   </trkpt>
   <trkpt lat="44.1313800" lon="-73.8135100">
    <ele>573.6</ele>
    <time>2022-10-02T18:32:53Z</time>
   </trkpt>
   <trkpt lat="44.1314100" lon="-73.8134900">
    <ele>573.5</ele>
    <time>2022-10-02T18:32:55Z</time>
   </trkpt>
   <trkpt lat="44.1314300" lon="-73.8134700">
    <ele>573.4</ele>
    <time>2022-10-02T18:32:58Z</time>
   </trkpt>
   <trkpt lat="44.1314600" lon="-73.8134600">
    <ele>573.3</ele>
    <time>2022-10-02T18:33:00Z</time>
   </trkpt>
   <trkpt lat="44.1314900" lon="-73.8134400">
    <ele>573.2</ele>
    <time>2022-10-02T18:33:03Z</time>
   </trkpt>
   <trkpt lat="44.1315000" lon="-73.8134100">
    <ele>573.2</ele>
    <time>2022-10-02T18:33:06Z</time>
   </trkpt>
   <trkpt lat="44.1315300" lon="-73.8133800">
    <ele>573.1</ele>
    <time>2022-10-02T18:33:09Z</time>
   </trkpt>
   <trkpt lat="44.1315600" lon="-73.8133500">
    <ele>573.0</ele>
    <time>2022-10-02T18:33:12Z</time>
   </trkpt>
   <trkpt lat="44.1315800" lon="-73.8133200">
    <ele>573.0</ele>
    <time>2022-10-02T18:33:15Z</time>
   </trkpt>
   <trkpt lat="44.1316000" lon="-73.8132800">
    <ele>572.9</ele>
    <time>2022-10-02T18:33:19Z</time>
   </trkpt>
   <trkpt lat="44.1316100" lon="-73.8132400">
    <ele>572.9</ele>
    <time>2022-10-02T18:33:22Z</time>
   </trkpt>
   <trkpt lat="44.1316300" lon="-73.8132100">
    <ele>572.9</ele>
    <time>2022-10-02T18:33:25Z</time>
   </trkpt>
   <trkpt lat="44.1316600" lon="-73.8131900">
    <ele>572.9</ele>
    <time>2022-10-02T18:33:28Z</time>
   </trkpt>
   <trkpt lat="44.1317000" lon="-73.8131800">
    <ele>572.8</ele>
    <time>2022-10-02T18:33:31Z</time>
   </trkpt>
   <trkpt lat="44.1317200" lon="-73.8131500">
    <ele>572.8</ele>
    <time>2022-10-02T18:33:33Z</time>
   </trkpt>
   <trkpt lat="44.1317500" lon="-73.8131300">
    <ele>572.8</ele>
    <time>2022-10-02T18:33:36Z</time>
   </trkpt>
   <trkpt lat="44.1317900" lon="-73.8131100">
    <ele>572.7</ele>
    <time>2022-10-02T18:33:39Z</time>
   </trkpt>
   <trkpt lat="44.1318200" lon="-73.8130900">
    <ele>572.7</ele>
    <time>2022-10-02T18:33:42Z</time>
   </trkpt>
   <trkpt lat="44.1318600" lon="-73.8130700">
    <ele>572.6</ele>
    <time>2022-10-02T18:33:45Z</time>
   </trkpt>
   <trkpt lat="44.1318900" lon="-73.8130400">
    <ele>572.5</ele>
    <time>2022-10-02T18:33:48Z</time>
   </trkpt>
   <trkpt lat="44.1319200" lon="-73.8130200">
    <ele>572.5</ele>
    <time>2022-10-02T18:33:51Z</time>
   </trkpt>
   <trkpt lat="44.1319400" lon="-73.8129900">
    <ele>572.4</ele>
    <time>2022-10-02T18:33:54Z</time>
   </trkpt>
   <trkpt lat="44.1319700" lon="-73.8129600">
    <ele>572.4</ele>
    <time>2022-10-02T18:33:58Z</time>
   </trkpt>
   <trkpt lat="44.1320100" lon="-73.8129400">
    <ele>572.3</ele>
    <time>2022-10-02T18:34:01Z</time>
   </trkpt>
   <trkpt lat="44.1320400" lon="-73.8129100">
    <ele>572.2</ele>
    <time>2022-10-02T18:34:04Z</time>
   </trkpt>
   <trkpt lat="44.1320600" lon="-73.8128800">
    <ele>572.2</ele>
    <time>2022-10-02T18:34:07Z</time>
   </trkpt>
   <trkpt lat="44.1320900" lon="-73.8128500">
    <ele>572.2</ele>
    <time>2022-10-02T18:34:11Z</time>
   </trkpt>
   <trkpt lat="44.1321000" lon="-73.8128200">
    <ele>572.2</ele>
    <time>2022-10-02T18:34:14Z</time>
   </trkpt>
   <trkpt lat="44.1321300" lon="-73.8127800">
    <ele>572.3</ele>
    <time>2022-10-02T18:34:17Z</time>
   </trkpt>
   <trkpt lat="44.1321400" lon="-73.8127300">
    <ele>572.3</ele>
    <time>2022-10-02T18:34:20Z</time>
   </trkpt>
   <trkpt lat="44.1321500" lon="-73.8126800">
    <ele>572.5</ele>
    <time>2022-10-02T18:34:22Z</time>
   </trkpt>
   <trkpt lat="44.1321700" lon="-73.8126600">
    <ele>572.6</ele>
    <time>2022-10-02T18:34:29Z</time>
   </trkpt>
   <trkpt lat="44.1322000" lon="-73.8126600">
    <ele>572.8</ele>
    <time>2022-10-02T18:34:33Z</time>
   </trkpt>
   <trkpt lat="44.1322300" lon="-73.8126400">
    <ele>573.0</ele>
    <time>2022-10-02T18:34:40Z</time>
   </trkpt>
   <trkpt lat="44.1322400" lon="-73.8126100">
    <ele>573.1</ele>
    <time>2022-10-02T18:34:42Z</time>
   </trkpt>
   <trkpt lat="44.1322600" lon="-73.8125700">
    <ele>573.3</ele>
    <time>2022-10-02T18:34:45Z</time>
   </trkpt>
   <trkpt lat="44.1322900" lon="-73.8125300">
    <ele>573.6</ele>
    <time>2022-10-02T18:34:48Z</time>
   </trkpt>
   <trkpt lat="44.1323100" lon="-73.8124900">
    <ele>573.7</ele>
    <time>2022-10-02T18:34:51Z</time>
   </trkpt>
   <trkpt lat="44.1323300" lon="-73.8124500">
    <ele>573.7</ele>
    <time>2022-10-02T18:34:54Z</time>
   </trkpt>
   <trkpt lat="44.1323500" lon="-73.8124200">
    <ele>573.8</ele>
    <time>2022-10-02T18:34:57Z</time>
   </trkpt>
   <trkpt lat="44.1323800" lon="-73.8123900">
    <ele>573.8</ele>
    <time>2022-10-02T18:35:00Z</time>
   </trkpt>
   <trkpt lat="44.1324000" lon="-73.8123700">
    <ele>573.8</ele>
    <time>2022-10-02T18:35:03Z</time>
   </trkpt>
   <trkpt lat="44.1324300" lon="-73.8123500">
    <ele>573.8</ele>
    <time>2022-10-02T18:35:06Z</time>
   </trkpt>
   <trkpt lat="44.1324600" lon="-73.8123400">
    <ele>573.8</ele>
    <time>2022-10-02T18:35:09Z</time>
   </trkpt>
   <trkpt lat="44.1325000" lon="-73.8123400">
    <ele>573.7</ele>
    <time>2022-10-02T18:35:13Z</time>
   </trkpt>
   <trkpt lat="44.1325200" lon="-73.8123300">
    <ele>573.7</ele>
    <time>2022-10-02T18:35:15Z</time>
   </trkpt>
   <trkpt lat="44.1325500" lon="-73.8123100">
    <ele>573.7</ele>
    <time>2022-10-02T18:35:18Z</time>
   </trkpt>
   <trkpt lat="44.1325800" lon="-73.8122900">
    <ele>573.6</ele>
    <time>2022-10-02T18:35:21Z</time>
   </trkpt>
   <trkpt lat="44.1326100" lon="-73.8122800">
    <ele>573.5</ele>
    <time>2022-10-02T18:35:24Z</time>
   </trkpt>
   <trkpt lat="44.1326200" lon="-73.8122400">
    <ele>573.4</ele>
    <time>2022-10-02T18:35:28Z</time>
   </trkpt>
   <trkpt lat="44.1326300" lon="-73.8122000">
    <ele>573.3</ele>
    <time>2022-10-02T18:35:31Z</time>
   </trkpt>
   <trkpt lat="44.1326400" lon="-73.8121600">
    <ele>573.1</ele>
    <time>2022-10-02T18:35:34Z</time>
   </trkpt>
   <trkpt lat="44.1326500" lon="-73.8121100">
    <ele>572.9</ele>
    <time>2022-10-02T18:35:37Z</time>
   </trkpt>
   <trkpt lat="44.1326500" lon="-73.8120700">
    <ele>572.8</ele>
    <time>2022-10-02T18:35:40Z</time>
   </trkpt>
   <trkpt lat="44.1326700" lon="-73.8120400">
    <ele>572.7</ele>
    <time>2022-10-02T18:35:43Z</time>
   </trkpt>
   <trkpt lat="44.1326900" lon="-73.8120100">
    <ele>572.5</ele>
    <time>2022-10-02T18:35:46Z</time>
   </trkpt>
   <trkpt lat="44.1327100" lon="-73.8119700">
    <ele>572.4</ele>
    <time>2022-10-02T18:35:49Z</time>
   </trkpt>
   <trkpt lat="44.1327300" lon="-73.8119400">
    <ele>572.2</ele>
    <time>2022-10-02T18:35:52Z</time>
   </trkpt>
   <trkpt lat="44.1327600" lon="-73.8119100">
    <ele>572.1</ele>
    <time>2022-10-02T18:35:56Z</time>
   </trkpt>
   <trkpt lat="44.1327900" lon="-73.8118900">
    <ele>572.0</ele>
    <time>2022-10-02T18:36:00Z</time>
   </trkpt>
   <trkpt lat="44.1328200" lon="-73.8118800">
    <ele>571.9</ele>
    <time>2022-10-02T18:36:03Z</time>
   </trkpt>
   <trkpt lat="44.1328500" lon="-73.8118500">
    <ele>571.8</ele>
    <time>2022-10-02T18:36:06Z</time>
   </trkpt>
   <trkpt lat="44.1328700" lon="-73.8118200">
    <ele>571.6</ele>
    <time>2022-10-02T18:36:09Z</time>
   </trkpt>
   <trkpt lat="44.1329000" lon="-73.8117900">
    <ele>571.5</ele>
    <time>2022-10-02T18:36:12Z</time>
   </trkpt>
   <trkpt lat="44.1329200" lon="-73.8117600">
    <ele>571.3</ele>
    <time>2022-10-02T18:36:15Z</time>
   </trkpt>
   <trkpt lat="44.1329600" lon="-73.8117400">
    <ele>571.1</ele>
    <time>2022-10-02T18:36:18Z</time>
   </trkpt>
   <trkpt lat="44.1330000" lon="-73.8117300">
    <ele>570.8</ele>
    <time>2022-10-02T18:36:21Z</time>
   </trkpt>
   <trkpt lat="44.1330400" lon="-73.8117300">
    <ele>570.5</ele>
    <time>2022-10-02T18:36:24Z</time>
   </trkpt>
   <trkpt lat="44.1330600" lon="-73.8117000">
    <ele>570.3</ele>
    <time>2022-10-02T18:36:28Z</time>
   </trkpt>
   <trkpt lat="44.1330800" lon="-73.8116700">
    <ele>570.0</ele>
    <time>2022-10-02T18:36:30Z</time>
   </trkpt>
   <trkpt lat="44.1331000" lon="-73.8116500">
    <ele>569.8</ele>
    <time>2022-10-02T18:36:33Z</time>
   </trkpt>
   <trkpt lat="44.1331300" lon="-73.8116200">
    <ele>569.5</ele>
    <time>2022-10-02T18:36:36Z</time>
   </trkpt>
   <trkpt lat="44.1331600" lon="-73.8116000">
    <ele>569.2</ele>
    <time>2022-10-02T18:36:39Z</time>
   </trkpt>
   <trkpt lat="44.1331800" lon="-73.8115900">
    <ele>569.1</ele>
    <time>2022-10-02T18:36:43Z</time>
   </trkpt>
   <trkpt lat="44.1332100" lon="-73.8115700">
    <ele>568.8</ele>
    <time>2022-10-02T18:36:46Z</time>
   </trkpt>
   <trkpt lat="44.1332400" lon="-73.8115700">
    <ele>568.5</ele>
    <time>2022-10-02T18:36:49Z</time>
   </trkpt>
   <trkpt lat="44.1332600" lon="-73.8115500">
    <ele>568.3</ele>
    <time>2022-10-02T18:36:55Z</time>
   </trkpt>
   <trkpt lat="44.1333000" lon="-73.8115600">
    <ele>568.0</ele>
    <time>2022-10-02T18:36:59Z</time>
   </trkpt>
   <trkpt lat="44.1333200" lon="-73.8115800">
    <ele>567.8</ele>
    <time>2022-10-02T18:37:04Z</time>
   </trkpt>
   <trkpt lat="44.1333500" lon="-73.8116000">
    <ele>567.6</ele>
    <time>2022-10-02T18:37:07Z</time>
   </trkpt>
   <trkpt lat="44.1333800" lon="-73.8116100">
    <ele>567.4</ele>
    <time>2022-10-02T18:37:11Z</time>
   </trkpt>
   <trkpt lat="44.1334000" lon="-73.8115800">
    <ele>567.1</ele>
    <time>2022-10-02T18:37:16Z</time>
   </trkpt>
   <trkpt lat="44.1333900" lon="-73.8115300">
    <ele>566.9</ele>
    <time>2022-10-02T18:37:19Z</time>
   </trkpt>
   <trkpt lat="44.1334100" lon="-73.8115000">
    <ele>566.6</ele>
    <time>2022-10-02T18:37:24Z</time>
   </trkpt>
   <trkpt lat="44.1334400" lon="-73.8114900">
    <ele>566.3</ele>
    <time>2022-10-02T18:37:26Z</time>
   </trkpt>
   <trkpt lat="44.1334600" lon="-73.8114800">
    <ele>566.1</ele>
    <time>2022-10-02T18:37:29Z</time>
   </trkpt>
   <trkpt lat="44.1334900" lon="-73.8114700">
    <ele>565.7</ele>
    <time>2022-10-02T18:37:32Z</time>
   </trkpt>
   <trkpt lat="44.1335200" lon="-73.8114700">
    <ele>565.3</ele>
    <time>2022-10-02T18:37:39Z</time>
   </trkpt>
   <trkpt lat="44.1335500" lon="-73.8114700">
    <ele>564.8</ele>
    <time>2022-10-02T18:37:45Z</time>
   </trkpt>
   <trkpt lat="44.1335800" lon="-73.8114600">
    <ele>564.2</ele>
    <time>2022-10-02T18:37:50Z</time>
   </trkpt>
   <trkpt lat="44.1336000" lon="-73.8114300">
    <ele>563.7</ele>
    <time>2022-10-02T18:37:53Z</time>
   </trkpt>
   <trkpt lat="44.1336300" lon="-73.8114100">
    <ele>563.0</ele>
    <time>2022-10-02T18:37:56Z</time>
   </trkpt>
   <trkpt lat="44.1336700" lon="-73.8114000">
    <ele>562.2</ele>
    <time>2022-10-02T18:38:00Z</time>
   </trkpt>
   <trkpt lat="44.1337000" lon="-73.8113900">
    <ele>561.7</ele>
    <time>2022-10-02T18:38:03Z</time>
   </trkpt>
   <trkpt lat="44.1337200" lon="-73.8113600">
    <ele>561.2</ele>
    <time>2022-10-02T18:38:07Z</time>
   </trkpt>
   <trkpt lat="44.1337500" lon="-73.8113500">
    <ele>560.7</ele>
    <time>2022-10-02T18:38:11Z</time>
   </trkpt>
   <trkpt lat="44.1337600" lon="-73.8113100">
    <ele>560.2</ele>
    <time>2022-10-02T18:38:17Z</time>
   </trkpt>
   <trkpt lat="44.1338000" lon="-73.8113000">
    <ele>559.7</ele>
    <time>2022-10-02T18:38:20Z</time>
   </trkpt>
   <trkpt lat="44.1338300" lon="-73.8113000">
    <ele>559.3</ele>
    <time>2022-10-02T18:38:24Z</time>
   </trkpt>
   <trkpt lat="44.1338600" lon="-73.8113000">
    <ele>559.0</ele>
    <time>2022-10-02T18:38:29Z</time>
   </trkpt>
   <trkpt lat="44.1338900" lon="-73.8113100">
    <ele>558.8</ele>
    <time>2022-10-02T18:38:34Z</time>
   </trkpt>
   <trkpt lat="44.1339400" lon="-73.8113000">
    <ele>558.5</ele>
    <time>2022-10-02T18:38:37Z</time>
   </trkpt>
   <trkpt lat="44.1339700" lon="-73.8112800">
    <ele>558.4</ele>
    <time>2022-10-02T18:38:40Z</time>
   </trkpt>
   <trkpt lat="44.1340000" lon="-73.8112800">
    <ele>558.3</ele>
    <time>2022-10-02T18:38:43Z</time>
   </trkpt>
   <trkpt lat="44.1340300" lon="-73.8112500">
    <ele>558.3</ele>
    <time>2022-10-02T18:38:48Z</time>
   </trkpt>
   <trkpt lat="44.1340700" lon="-73.8112300">
    <ele>558.3</ele>
    <time>2022-10-02T18:38:52Z</time>
   </trkpt>
   <trkpt lat="44.1340900" lon="-73.8112000">
    <ele>558.3</ele>
    <time>2022-10-02T18:38:55Z</time>
   </trkpt>
   <trkpt lat="44.1341100" lon="-73.8111600">
    <ele>558.3</ele>
    <time>2022-10-02T18:38:58Z</time>
   </trkpt>
   <trkpt lat="44.1341300" lon="-73.8111300">
    <ele>558.3</ele>
    <time>2022-10-02T18:39:01Z</time>
   </trkpt>
   <trkpt lat="44.1341700" lon="-73.8111200">
    <ele>558.2</ele>
    <time>2022-10-02T18:39:05Z</time>
   </trkpt>
   <trkpt lat="44.1342000" lon="-73.8110900">
    <ele>558.1</ele>
    <time>2022-10-02T18:39:08Z</time>
   </trkpt>
   <trkpt lat="44.1342200" lon="-73.8110600">
    <ele>558.1</ele>
    <time>2022-10-02T18:39:11Z</time>
   </trkpt>
   <trkpt lat="44.1342400" lon="-73.8110200">
    <ele>558.1</ele>
    <time>2022-10-02T18:39:15Z</time>
   </trkpt>
   <trkpt lat="44.1342500" lon="-73.8109800">
    <ele>558.0</ele>
    <time>2022-10-02T18:39:18Z</time>
   </trkpt>
   <trkpt lat="44.1342700" lon="-73.8109400">
    <ele>558.0</ele>
    <time>2022-10-02T18:39:22Z</time>
   </trkpt>
   <trkpt lat="44.1342900" lon="-73.8109100">
    <ele>558.0</ele>
    <time>2022-10-02T18:39:26Z</time>
   </trkpt>
   <trkpt lat="44.1343200" lon="-73.8108900">
    <ele>558.1</ele>
    <time>2022-10-02T18:39:31Z</time>
   </trkpt>
   <trkpt lat="44.1343400" lon="-73.8108700">
    <ele>558.1</ele>
    <time>2022-10-02T18:39:35Z</time>
   </trkpt>
   <trkpt lat="44.1343700" lon="-73.8108500">
    <ele>558.2</ele>
    <time>2022-10-02T18:39:39Z</time>
   </trkpt>
   <trkpt lat="44.1344000" lon="-73.8108400">
    <ele>558.3</ele>
    <time>2022-10-02T18:39:43Z</time>
   </trkpt>
   <trkpt lat="44.1344000" lon="-73.8107900">
    <ele>558.4</ele>
    <time>2022-10-02T18:39:47Z</time>
   </trkpt>
   <trkpt lat="44.1344200" lon="-73.8107600">
    <ele>558.6</ele>
    <time>2022-10-02T18:39:50Z</time>
   </trkpt>
   <trkpt lat="44.1344400" lon="-73.8107400">
    <ele>558.6</ele>
    <time>2022-10-02T18:39:52Z</time>
   </trkpt>
   <trkpt lat="44.1344600" lon="-73.8107100">
    <ele>558.7</ele>
    <time>2022-10-02T18:39:55Z</time>
   </trkpt>
   <trkpt lat="44.1344700" lon="-73.8106700">
    <ele>558.7</ele>
    <time>2022-10-02T18:39:59Z</time>
   </trkpt>
   <trkpt lat="44.1344800" lon="-73.8106300">
    <ele>558.7</ele>
    <time>2022-10-02T18:40:05Z</time>
   </trkpt>
   <trkpt lat="44.1344700" lon="-73.8105900">
    <ele>558.5</ele>
    <time>2022-10-02T18:40:11Z</time>
   </trkpt>
   <trkpt lat="44.1344700" lon="-73.8105500">
    <ele>558.3</ele>
    <time>2022-10-02T18:40:16Z</time>
   </trkpt>
   <trkpt lat="44.1344700" lon="-73.8105100">
    <ele>558.0</ele>
    <time>2022-10-02T18:40:19Z</time>
   </trkpt>
   <trkpt lat="44.1344800" lon="-73.8104700">
    <ele>557.6</ele>
    <time>2022-10-02T18:40:23Z</time>
   </trkpt>
   <trkpt lat="44.1345000" lon="-73.8104400">
    <ele>557.1</ele>
    <time>2022-10-02T18:40:29Z</time>
   </trkpt>
   <trkpt lat="44.1345300" lon="-73.8104200">
    <ele>556.5</ele>
    <time>2022-10-02T18:40:33Z</time>
   </trkpt>
   <trkpt lat="44.1345500" lon="-73.8103900">
    <ele>555.9</ele>
    <time>2022-10-02T18:40:36Z</time>
   </trkpt>
   <trkpt lat="44.1345600" lon="-73.8103600">
    <ele>555.4</ele>
    <time>2022-10-02T18:40:38Z</time>
   </trkpt>
   <trkpt lat="44.1345800" lon="-73.8103200">
    <ele>554.8</ele>
    <time>2022-10-02T18:40:42Z</time>
   </trkpt>
   <trkpt lat="44.1345900" lon="-73.8102800">
    <ele>554.3</ele>
    <time>2022-10-02T18:40:45Z</time>
   </trkpt>
   <trkpt lat="44.1346000" lon="-73.8102400">
    <ele>553.8</ele>
    <time>2022-10-02T18:40:49Z</time>
   </trkpt>
   <trkpt lat="44.1346300" lon="-73.8102200">
    <ele>553.4</ele>
    <time>2022-10-02T18:40:52Z</time>
   </trkpt>
   <trkpt lat="44.1346500" lon="-73.8101900">
    <ele>553.2</ele>
    <time>2022-10-02T18:40:56Z</time>
   </trkpt>
   <trkpt lat="44.1346700" lon="-73.8101600">
    <ele>553.0</ele>
    <time>2022-10-02T18:41:01Z</time>
   </trkpt>
   <trkpt lat="44.1346800" lon="-73.8101200">
    <ele>552.8</ele>
    <time>2022-10-02T18:41:05Z</time>
   </trkpt>
   <trkpt lat="44.1347000" lon="-73.8100800">
    <ele>552.7</ele>
    <time>2022-10-02T18:41:09Z</time>
   </trkpt>
   <trkpt lat="44.1347300" lon="-73.8100600">
    <ele>552.6</ele>
    <time>2022-10-02T18:41:13Z</time>
   </trkpt>
   <trkpt lat="44.1347400" lon="-73.8100200">
    <ele>552.6</ele>
    <time>2022-10-02T18:41:17Z</time>
   </trkpt>
   <trkpt lat="44.1347700" lon="-73.8099800">
    <ele>552.5</ele>
    <time>2022-10-02T18:41:21Z</time>
   </trkpt>
   <trkpt lat="44.1347900" lon="-73.8099600">
    <ele>552.5</ele>
    <time>2022-10-02T18:41:24Z</time>
   </trkpt>
   <trkpt lat="44.1348100" lon="-73.8099300">
    <ele>552.5</ele>
    <time>2022-10-02T18:41:27Z</time>
   </trkpt>
   <trkpt lat="44.1348400" lon="-73.8099100">
    <ele>552.5</ele>
    <time>2022-10-02T18:41:31Z</time>
   </trkpt>
   <trkpt lat="44.1348800" lon="-73.8099000">
    <ele>552.5</ele>
    <time>2022-10-02T18:41:35Z</time>
   </trkpt>
   <trkpt lat="44.1349000" lon="-73.8098700">
    <ele>552.5</ele>
    <time>2022-10-02T18:41:39Z</time>
   </trkpt>
   <trkpt lat="44.1349400" lon="-73.8098500">
    <ele>552.4</ele>
    <time>2022-10-02T18:41:43Z</time>
   </trkpt>
   <trkpt lat="44.1349600" lon="-73.8098000">
    <ele>552.2</ele>
    <time>2022-10-02T18:41:46Z</time>
   </trkpt>
   <trkpt lat="44.1349900" lon="-73.8097800">
    <ele>552.0</ele>
    <time>2022-10-02T18:41:50Z</time>
   </trkpt>
   <trkpt lat="44.1350200" lon="-73.8097600">
    <ele>551.8</ele>
    <time>2022-10-02T18:41:54Z</time>
   </trkpt>
   <trkpt lat="44.1350500" lon="-73.8097400">
    <ele>551.6</ele>
    <time>2022-10-02T18:41:58Z</time>
   </trkpt>
   <trkpt lat="44.1350800" lon="-73.8097300">
    <ele>551.4</ele>
    <time>2022-10-02T18:42:01Z</time>
   </trkpt>
   <trkpt lat="44.1351100" lon="-73.8097200">
    <ele>551.3</ele>
    <time>2022-10-02T18:42:04Z</time>
   </trkpt>
   <trkpt lat="44.1351400" lon="-73.8097100">
    <ele>551.2</ele>
    <time>2022-10-02T18:42:07Z</time>
   </trkpt>
   <trkpt lat="44.1351700" lon="-73.8096800">
    <ele>551.1</ele>
    <time>2022-10-02T18:42:10Z</time>
   </trkpt>
   <trkpt lat="44.1351800" lon="-73.8096500">
    <ele>551.1</ele>
    <time>2022-10-02T18:42:13Z</time>
   </trkpt>
   <trkpt lat="44.1352000" lon="-73.8096100">
    <ele>551.1</ele>
    <time>2022-10-02T18:42:17Z</time>
   </trkpt>
   <trkpt lat="44.1352300" lon="-73.8096000">
    <ele>551.1</ele>
    <time>2022-10-02T18:42:21Z</time>
   </trkpt>
   <trkpt lat="44.1352600" lon="-73.8095700">
    <ele>551.2</ele>
    <time>2022-10-02T18:42:26Z</time>
   </trkpt>
   <trkpt lat="44.1352900" lon="-73.8095400">
    <ele>551.4</ele>
    <time>2022-10-02T18:42:30Z</time>
   </trkpt>
   <trkpt lat="44.1353100" lon="-73.8095100">
    <ele>551.5</ele>
    <time>2022-10-02T18:42:33Z</time>
   </trkpt>
   <trkpt lat="44.1353200" lon="-73.8094800">
    <ele>551.7</ele>
    <time>2022-10-02T18:42:36Z</time>
   </trkpt>
   <trkpt lat="44.1353500" lon="-73.8094900">
    <ele>551.9</ele>
    <time>2022-10-02T18:42:42Z</time>
   </trkpt>
   <trkpt lat="44.1353700" lon="-73.8095200">
    <ele>552.1</ele>
    <time>2022-10-02T18:42:49Z</time>
   </trkpt>
   <trkpt lat="44.1353900" lon="-73.8095500">
    <ele>552.4</ele>
    <time>2022-10-02T18:42:53Z</time>
   </trkpt>
   <trkpt lat="44.1354200" lon="-73.8095700">
    <ele>552.8</ele>
    <time>2022-10-02T18:42:57Z</time>
   </trkpt>
   <trkpt lat="44.1354500" lon="-73.8095600">
    <ele>553.2</ele>
    <time>2022-10-02T18:43:01Z</time>
   </trkpt>
   <trkpt lat="44.1354800" lon="-73.8095700">
    <ele>553.6</ele>
    <time>2022-10-02T18:43:05Z</time>
   </trkpt>
   <trkpt lat="44.1355000" lon="-73.8095900">
    <ele>554.0</ele>
    <time>2022-10-02T18:43:08Z</time>
   </trkpt>
   <trkpt lat="44.1355200" lon="-73.8096200">
    <ele>554.5</ele>
    <time>2022-10-02T18:43:11Z</time>
   </trkpt>
   <trkpt lat="44.1355300" lon="-73.8095900">
    <ele>554.9</ele>
    <time>2022-10-02T18:43:33Z</time>
   </trkpt>
   <trkpt lat="44.1355000" lon="-73.8096100">
    <ele>555.6</ele>
    <time>2022-10-02T18:43:42Z</time>
   </trkpt>
   <trkpt lat="44.1355000" lon="-73.8096500">
    <ele>556.1</ele>
    <time>2022-10-02T18:43:48Z</time>
   </trkpt>
   <trkpt lat="44.1355100" lon="-73.8097000">
    <ele>556.8</ele>
    <time>2022-10-02T18:43:50Z</time>
   </trkpt>
   <trkpt lat="44.1355300" lon="-73.8097400">
    <ele>557.4</ele>
    <time>2022-10-02T18:43:53Z</time>
   </trkpt>
   <trkpt lat="44.1355300" lon="-73.8097800">
    <ele>557.9</ele>
    <time>2022-10-02T18:43:56Z</time>
   </trkpt>
   <trkpt lat="44.1355400" lon="-73.8098300">
    <ele>558.4</ele>
    <time>2022-10-02T18:43:59Z</time>
   </trkpt>
   <trkpt lat="44.1355500" lon="-73.8098700">
    <ele>558.8</ele>
    <time>2022-10-02T18:44:02Z</time>
   </trkpt>
   <trkpt lat="44.1355700" lon="-73.8099000">
    <ele>559.2</ele>
    <time>2022-10-02T18:44:05Z</time>
   </trkpt>
   <trkpt lat="44.1356000" lon="-73.8099200">
    <ele>559.5</ele>
    <time>2022-10-02T18:44:08Z</time>
   </trkpt>
   <trkpt lat="44.1356200" lon="-73.8099600">
    <ele>559.9</ele>
    <time>2022-10-02T18:44:12Z</time>
   </trkpt>
   <trkpt lat="44.1356400" lon="-73.8099800">
    <ele>560.2</ele>
    <time>2022-10-02T18:44:16Z</time>
   </trkpt>
   <trkpt lat="44.1356700" lon="-73.8099800">
    <ele>560.5</ele>
    <time>2022-10-02T18:44:21Z</time>
   </trkpt>
   <trkpt lat="44.1357000" lon="-73.8099700">
    <ele>560.9</ele>
    <time>2022-10-02T18:44:32Z</time>
   </trkpt>
   <trkpt lat="44.1357300" lon="-73.8099700">
    <ele>561.2</ele>
    <time>2022-10-02T18:44:54Z</time>
   </trkpt>
   <trkpt lat="44.1357000" lon="-73.8099600">
    <ele>561.6</ele>
    <time>2022-10-02T18:45:55Z</time>
   </trkpt>
   <trkpt lat="44.1356800" lon="-73.8099900">
    <ele>561.9</ele>
    <time>2022-10-02T18:46:01Z</time>
   </trkpt>
   <trkpt lat="44.1356700" lon="-73.8100300">
    <ele>562.3</ele>
    <time>2022-10-02T18:46:06Z</time>
   </trkpt>
   <trkpt lat="44.1356600" lon="-73.8100700">
    <ele>562.6</ele>
    <time>2022-10-02T18:46:10Z</time>
   </trkpt>
   <trkpt lat="44.1356600" lon="-73.8101200">
    <ele>563.0</ele>
    <time>2022-10-02T18:46:13Z</time>
   </trkpt>
   <trkpt lat="44.1356600" lon="-73.8101600">
    <ele>563.4</ele>
    <time>2022-10-02T18:46:16Z</time>
   </trkpt>
   <trkpt lat="44.1356600" lon="-73.8102000">
    <ele>563.7</ele>
    <time>2022-10-02T18:46:19Z</time>
   </trkpt>
   <trkpt lat="44.1356700" lon="-73.8102400">
    <ele>564.0</ele>
    <time>2022-10-02T18:46:22Z</time>
   </trkpt>
   <trkpt lat="44.1356900" lon="-73.8102800">
    <ele>564.4</ele>
    <time>2022-10-02T18:46:25Z</time>
   </trkpt>
   <trkpt lat="44.1357000" lon="-73.8103200">
    <ele>564.8</ele>
    <time>2022-10-02T18:46:28Z</time>
   </trkpt>
   <trkpt lat="44.1357200" lon="-73.8103600">
    <ele>565.2</ele>
    <time>2022-10-02T18:46:31Z</time>
   </trkpt>
   <trkpt lat="44.1357300" lon="-73.8104000">
    <ele>565.6</ele>
    <time>2022-10-02T18:46:36Z</time>
   </trkpt>
   <trkpt lat="44.1357500" lon="-73.8104300">
    <ele>565.9</ele>
    <time>2022-10-02T18:46:40Z</time>
   </trkpt>
   <trkpt lat="44.1357800" lon="-73.8104600">
    <ele>566.3</ele>
    <time>2022-10-02T18:46:43Z</time>
   </trkpt>
   <trkpt lat="44.1357900" lon="-73.8105000">
    <ele>566.6</ele>
    <time>2022-10-02T18:46:46Z</time>
   </trkpt>
   <trkpt lat="44.1357800" lon="-73.8105500">
    <ele>567.0</ele>
    <time>2022-10-02T18:46:50Z</time>
   </trkpt>
   <trkpt lat="44.1357900" lon="-73.8105900">
    <ele>567.3</ele>
    <time>2022-10-02T18:46:54Z</time>
   </trkpt>
   <trkpt lat="44.1358100" lon="-73.8106300">
    <ele>567.6</ele>
    <time>2022-10-02T18:46:59Z</time>
   </trkpt>
   <trkpt lat="44.1358300" lon="-73.8106700">
    <ele>567.9</ele>
    <time>2022-10-02T18:47:04Z</time>
   </trkpt>
   <trkpt lat="44.1358400" lon="-73.8107100">
    <ele>568.1</ele>
    <time>2022-10-02T18:47:08Z</time>
   </trkpt>
   <trkpt lat="44.1358500" lon="-73.8107500">
    <ele>568.3</ele>
    <time>2022-10-02T18:47:14Z</time>
   </trkpt>
   <trkpt lat="44.1358800" lon="-73.8107500">
    <ele>568.5</ele>
    <time>2022-10-02T18:47:24Z</time>
   </trkpt>
   <trkpt lat="44.1359000" lon="-73.8107100">
    <ele>568.7</ele>
    <time>2022-10-02T18:47:37Z</time>
   </trkpt>
   <trkpt lat="44.1359300" lon="-73.8107100">
    <ele>568.5</ele>
    <time>2022-10-02T18:47:53Z</time>
   </trkpt>
   <trkpt lat="44.1359600" lon="-73.8107000">
    <ele>568.4</ele>
    <time>2022-10-02T18:47:59Z</time>
   </trkpt>
   <trkpt lat="44.1359900" lon="-73.8107000">
    <ele>568.3</ele>
    <time>2022-10-02T18:48:03Z</time>
   </trkpt>
   <trkpt lat="44.1360300" lon="-73.8107000">
    <ele>568.1</ele>
    <time>2022-10-02T18:48:06Z</time>
   </trkpt>
   <trkpt lat="44.1360600" lon="-73.8106900">
    <ele>568.0</ele>
    <time>2022-10-02T18:48:09Z</time>
   </trkpt>
   <trkpt lat="44.1360900" lon="-73.8106900">
    <ele>567.9</ele>
    <time>2022-10-02T18:48:12Z</time>
   </trkpt>
   <trkpt lat="44.1361300" lon="-73.8106800">
    <ele>567.8</ele>
    <time>2022-10-02T18:48:16Z</time>
   </trkpt>
   <trkpt lat="44.1361500" lon="-73.8106500">
    <ele>567.6</ele>
    <time>2022-10-02T18:48:20Z</time>
   </trkpt>
   <trkpt lat="44.1361700" lon="-73.8106200">
    <ele>567.3</ele>
    <time>2022-10-02T18:48:24Z</time>
   </trkpt>
   <trkpt lat="44.1361900" lon="-73.8105800">
    <ele>566.9</ele>
    <time>2022-10-02T18:48:29Z</time>
   </trkpt>
   <trkpt lat="44.1361700" lon="-73.8105500">
    <ele>566.6</ele>
    <time>2022-10-02T18:48:32Z</time>
   </trkpt>
   <trkpt lat="44.1361500" lon="-73.8105200">
    <ele>566.3</ele>
    <time>2022-10-02T18:48:37Z</time>
   </trkpt>
   <trkpt lat="44.1361300" lon="-73.8104800">
    <ele>565.9</ele>
    <time>2022-10-02T18:48:40Z</time>
   </trkpt>
   <trkpt lat="44.1361200" lon="-73.8104500">
    <ele>565.6</ele>
    <time>2022-10-02T18:48:42Z</time>
   </trkpt>
   <trkpt lat="44.1361000" lon="-73.8104100">
    <ele>565.1</ele>
    <time>2022-10-02T18:48:45Z</time>
   </trkpt>
   <trkpt lat="44.1361000" lon="-73.8103700">
    <ele>564.7</ele>
    <time>2022-10-02T18:48:50Z</time>
   </trkpt>
   <trkpt lat="44.1361100" lon="-73.8103300">
    <ele>564.3</ele>
    <time>2022-10-02T18:48:53Z</time>
   </trkpt>
   <trkpt lat="44.1361200" lon="-73.8102800">
    <ele>563.7</ele>
    <time>2022-10-02T18:48:57Z</time>
   </trkpt>
   <trkpt lat="44.1361200" lon="-73.8102400">
    <ele>563.3</ele>
    <time>2022-10-02T18:49:00Z</time>
   </trkpt>
   <trkpt lat="44.1361400" lon="-73.8101900">
    <ele>562.5</ele>
    <time>2022-10-02T18:49:04Z</time>
   </trkpt>
   <trkpt lat="44.1361300" lon="-73.8101600">
    <ele>562.1</ele>
    <time>2022-10-02T18:49:08Z</time>
   </trkpt>
   <trkpt lat="44.1361200" lon="-73.8101100">
    <ele>561.5</ele>
    <time>2022-10-02T18:49:13Z</time>
   </trkpt>
   <trkpt lat="44.1361100" lon="-73.8100800">
    <ele>561.1</ele>
    <time>2022-10-02T18:49:17Z</time>
   </trkpt>
   <trkpt lat="44.1361100" lon="-73.8100300">
    <ele>560.4</ele>
    <time>2022-10-02T18:49:21Z</time>
   </trkpt>
   <trkpt lat="44.1361200" lon="-73.8099900">
    <ele>559.8</ele>
    <time>2022-10-02T18:49:25Z</time>
   </trkpt>
   <trkpt lat="44.1361400" lon="-73.8099600">
    <ele>559.3</ele>
    <time>2022-10-02T18:49:29Z</time>
   </trkpt>
   <trkpt lat="44.1361700" lon="-73.8099500">
    <ele>558.7</ele>
    <time>2022-10-02T18:49:34Z</time>
   </trkpt>
   <trkpt lat="44.1362000" lon="-73.8099500">
    <ele>558.1</ele>
    <time>2022-10-02T18:49:40Z</time>
   </trkpt>
   <trkpt lat="44.1362300" lon="-73.8099400">
    <ele>557.5</ele>
    <time>2022-10-02T18:49:42Z</time>
   </trkpt>
   <trkpt lat="44.1362600" lon="-73.8099200">
    <ele>556.9</ele>
    <time>2022-10-02T18:49:44Z</time>
   </trkpt>
   <trkpt lat="44.1362700" lon="-73.8098800">
    <ele>556.4</ele>
    <time>2022-10-02T18:49:46Z</time>
   </trkpt>
   <trkpt lat="44.1362900" lon="-73.8098500">
    <ele>555.8</ele>
    <time>2022-10-02T18:49:51Z</time>
   </trkpt>
   <trkpt lat="44.1362800" lon="-73.8097900">
    <ele>555.1</ele>
    <time>2022-10-02T18:49:57Z</time>
   </trkpt>
   <trkpt lat="44.1363000" lon="-73.8097600">
    <ele>554.6</ele>
    <time>2022-10-02T18:50:37Z</time>
   </trkpt>
   <trkpt lat="44.1363300" lon="-73.8097500">
    <ele>554.1</ele>
    <time>2022-10-02T18:50:47Z</time>
   </trkpt>
   <trkpt lat="44.1363500" lon="-73.8097200">
    <ele>553.7</ele>
    <time>2022-10-02T18:50:55Z</time>
   </trkpt>
   <trkpt lat="44.1363800" lon="-73.8097100">
    <ele>553.4</ele>
    <time>2022-10-02T18:50:57Z</time>
   </trkpt>
   <trkpt lat="44.1364100" lon="-73.8097000">
    <ele>553.0</ele>
    <time>2022-10-02T18:51:00Z</time>
   </trkpt>
   <trkpt lat="44.1364300" lon="-73.8096900">
    <ele>552.9</ele>
    <time>2022-10-02T18:51:03Z</time>
   </trkpt>
   <trkpt lat="44.1364500" lon="-73.8096500">
    <ele>552.6</ele>
    <time>2022-10-02T18:51:06Z</time>
   </trkpt>
   <trkpt lat="44.1364700" lon="-73.8096200">
    <ele>552.5</ele>
    <time>2022-10-02T18:51:09Z</time>
   </trkpt>
   <trkpt lat="44.1364900" lon="-73.8095800">
    <ele>552.4</ele>
    <time>2022-10-02T18:51:14Z</time>
   </trkpt>
   <trkpt lat="44.1365000" lon="-73.8095400">
    <ele>552.5</ele>
    <time>2022-10-02T18:51:18Z</time>
   </trkpt>
   <trkpt lat="44.1365300" lon="-73.8095300">
    <ele>552.5</ele>
    <time>2022-10-02T18:51:24Z</time>
   </trkpt>
   <trkpt lat="44.1365500" lon="-73.8094900">
    <ele>552.7</ele>
    <time>2022-10-02T18:51:29Z</time>
   </trkpt>
   <trkpt lat="44.1365700" lon="-73.8094600">
    <ele>552.8</ele>
    <time>2022-10-02T18:51:35Z</time>
   </trkpt>
   <trkpt lat="44.1365900" lon="-73.8094400">
    <ele>553.0</ele>
    <time>2022-10-02T18:51:39Z</time>
   </trkpt>
   <trkpt lat="44.1366200" lon="-73.8094200">
    <ele>553.2</ele>
    <time>2022-10-02T18:51:42Z</time>
   </trkpt>
   <trkpt lat="44.1366300" lon="-73.8093800">
    <ele>553.4</ele>
    <time>2022-10-02T18:51:45Z</time>
   </trkpt>
   <trkpt lat="44.1366400" lon="-73.8093400">
    <ele>553.6</ele>
    <time>2022-10-02T18:51:48Z</time>
   </trkpt>
   <trkpt lat="44.1366600" lon="-73.8093000">
    <ele>553.9</ele>
    <time>2022-10-02T18:51:52Z</time>
   </trkpt>
   <trkpt lat="44.1366900" lon="-73.8092900">
    <ele>554.1</ele>
    <time>2022-10-02T18:51:57Z</time>
   </trkpt>
   <trkpt lat="44.1367100" lon="-73.8092800">
    <ele>554.2</ele>
    <time>2022-10-02T18:52:00Z</time>
   </trkpt>
   <trkpt lat="44.1367400" lon="-73.8092600">
    <ele>554.4</ele>
    <time>2022-10-02T18:52:03Z</time>
   </trkpt>
   <trkpt lat="44.1367800" lon="-73.8092600">
    <ele>554.6</ele>
    <time>2022-10-02T18:52:06Z</time>
   </trkpt>
   <trkpt lat="44.1368100" lon="-73.8092600">
    <ele>554.6</ele>
    <time>2022-10-02T18:52:09Z</time>
   </trkpt>
   <trkpt lat="44.1368400" lon="-73.8092200">
    <ele>554.7</ele>
    <time>2022-10-02T18:52:12Z</time>
   </trkpt>
   <trkpt lat="44.1368600" lon="-73.8092000">
    <ele>554.8</ele>
    <time>2022-10-02T18:52:15Z</time>
   </trkpt>
   <trkpt lat="44.1368900" lon="-73.8091800">
    <ele>554.9</ele>
    <time>2022-10-02T18:52:19Z</time>
   </trkpt>
   <trkpt lat="44.1369300" lon="-73.8091800">
    <ele>555.0</ele>
    <time>2022-10-02T18:52:24Z</time>
   </trkpt>
   <trkpt lat="44.1369600" lon="-73.8091600">
    <ele>555.1</ele>
    <time>2022-10-02T18:52:28Z</time>
   </trkpt>
   <trkpt lat="44.1370000" lon="-73.8091500">
    <ele>555.2</ele>
    <time>2022-10-02T18:52:34Z</time>
   </trkpt>
   <trkpt lat="44.1370200" lon="-73.8091700">
    <ele>555.3</ele>
    <time>2022-10-02T18:52:37Z</time>
   </trkpt>
   <trkpt lat="44.1370500" lon="-73.8091600">
    <ele>555.4</ele>
    <time>2022-10-02T18:52:40Z</time>
   </trkpt>
   <trkpt lat="44.1370800" lon="-73.8091400">
    <ele>555.4</ele>
    <time>2022-10-02T18:52:43Z</time>
   </trkpt>
   <trkpt lat="44.1371100" lon="-73.8091200">
    <ele>555.4</ele>
    <time>2022-10-02T18:52:46Z</time>
   </trkpt>
   <trkpt lat="44.1371200" lon="-73.8090800">
    <ele>555.5</ele>
    <time>2022-10-02T18:52:50Z</time>
   </trkpt>
   <trkpt lat="44.1371500" lon="-73.8090500">
    <ele>555.5</ele>
    <time>2022-10-02T18:52:54Z</time>
   </trkpt>
   <trkpt lat="44.1371700" lon="-73.8090400">
    <ele>555.5</ele>
    <time>2022-10-02T18:52:57Z</time>
   </trkpt>
   <trkpt lat="44.1372000" lon="-73.8090400">
    <ele>555.6</ele>
    <time>2022-10-02T18:53:02Z</time>
   </trkpt>
   <trkpt lat="44.1372300" lon="-73.8090300">
    <ele>555.7</ele>
    <time>2022-10-02T18:53:04Z</time>
   </trkpt>
   <trkpt lat="44.1372600" lon="-73.8090200">
    <ele>555.8</ele>
    <time>2022-10-02T18:53:07Z</time>
   </trkpt>
   <trkpt lat="44.1372900" lon="-73.8090000">
    <ele>556.0</ele>
    <time>2022-10-02T18:53:13Z</time>
   </trkpt>
   <trkpt lat="44.1373200" lon="-73.8089900">
    <ele>556.2</ele>
    <time>2022-10-02T18:53:16Z</time>
   </trkpt>
   <trkpt lat="44.1373500" lon="-73.8090100">
    <ele>556.4</ele>
    <time>2022-10-02T18:53:20Z</time>
   </trkpt>
   <trkpt lat="44.1373800" lon="-73.8090400">
    <ele>556.8</ele>
    <time>2022-10-02T18:53:23Z</time>
   </trkpt>
   <trkpt lat="44.1373900" lon="-73.8090800">
    <ele>557.0</ele>
    <time>2022-10-02T18:53:27Z</time>
   </trkpt>
   <trkpt lat="44.1374100" lon="-73.8091100">
    <ele>557.3</ele>
    <time>2022-10-02T18:53:32Z</time>
   </trkpt>
   <trkpt lat="44.1374300" lon="-73.8091300">
    <ele>557.6</ele>
    <time>2022-10-02T18:53:36Z</time>
   </trkpt>
   <trkpt lat="44.1374700" lon="-73.8091300">
    <ele>558.0</ele>
    <time>2022-10-02T18:53:40Z</time>
   </trkpt>
   <trkpt lat="44.1375000" lon="-73.8091500">
    <ele>558.3</ele>
    <time>2022-10-02T18:53:45Z</time>
   </trkpt>
   <trkpt lat="44.1375600" lon="-73.8091600">
    <ele>558.7</ele>
    <time>2022-10-02T18:53:48Z</time>
   </trkpt>
   <trkpt lat="44.1375900" lon="-73.8091600">
    <ele>558.9</ele>
    <time>2022-10-02T18:53:51Z</time>
   </trkpt>
   <trkpt lat="44.1376200" lon="-73.8091400">
    <ele>559.1</ele>
    <time>2022-10-02T18:53:55Z</time>
   </trkpt>
   <trkpt lat="44.1376600" lon="-73.8091500">
    <ele>559.2</ele>
    <time>2022-10-02T18:53:59Z</time>
   </trkpt>
   <trkpt lat="44.1376900" lon="-73.8091400">
    <ele>559.2</ele>
    <time>2022-10-02T18:54:05Z</time>
   </trkpt>
   <trkpt lat="44.1377200" lon="-73.8091300">
    <ele>559.1</ele>
    <time>2022-10-02T18:54:09Z</time>
   </trkpt>
   <trkpt lat="44.1377500" lon="-73.8091200">
    <ele>558.9</ele>
    <time>2022-10-02T18:54:12Z</time>
   </trkpt>
   <trkpt lat="44.1377700" lon="-73.8090800">
    <ele>558.7</ele>
    <time>2022-10-02T18:54:17Z</time>
   </trkpt>
   <trkpt lat="44.1377900" lon="-73.8090700">
    <ele>558.5</ele>
    <time>2022-10-02T18:54:22Z</time>
   </trkpt>
   <trkpt lat="44.1378100" lon="-73.8090300">
    <ele>558.2</ele>
    <time>2022-10-02T18:54:28Z</time>
   </trkpt>
   <trkpt lat="44.1378300" lon="-73.8089900">
    <ele>557.9</ele>
    <time>2022-10-02T18:54:31Z</time>
   </trkpt>
   <trkpt lat="44.1378500" lon="-73.8089700">
    <ele>557.7</ele>
    <time>2022-10-02T18:54:34Z</time>
   </trkpt>
   <trkpt lat="44.1378800" lon="-73.8089500">
    <ele>557.3</ele>
    <time>2022-10-02T18:54:37Z</time>
   </trkpt>
   <trkpt lat="44.1378800" lon="-73.8089100">
    <ele>557.1</ele>
    <time>2022-10-02T18:54:47Z</time>
   </trkpt>
   <trkpt lat="44.1378900" lon="-73.8088700">
    <ele>556.8</ele>
    <time>2022-10-02T18:54:54Z</time>
   </trkpt>
   <trkpt lat="44.1379100" lon="-73.8088400">
    <ele>556.6</ele>
    <time>2022-10-02T18:54:57Z</time>
   </trkpt>
   <trkpt lat="44.1379400" lon="-73.8088100">
    <ele>556.3</ele>
    <time>2022-10-02T18:55:01Z</time>
   </trkpt>
   <trkpt lat="44.1379500" lon="-73.8087800">
    <ele>556.2</ele>
    <time>2022-10-02T18:55:04Z</time>
   </trkpt>
   <trkpt lat="44.1379700" lon="-73.8087500">
    <ele>556.1</ele>
    <time>2022-10-02T18:55:08Z</time>
   </trkpt>
   <trkpt lat="44.1379800" lon="-73.8087000">
    <ele>556.0</ele>
    <time>2022-10-02T18:55:14Z</time>
   </trkpt>
   <trkpt lat="44.1380100" lon="-73.8086800">
    <ele>556.0</ele>
    <time>2022-10-02T18:55:17Z</time>
   </trkpt>
   <trkpt lat="44.1380300" lon="-73.8086500">
    <ele>556.1</ele>
    <time>2022-10-02T18:55:21Z</time>
   </trkpt>
   <trkpt lat="44.1380500" lon="-73.8086200">
    <ele>556.2</ele>
    <time>2022-10-02T18:55:24Z</time>
   </trkpt>
   <trkpt lat="44.1380700" lon="-73.8085800">
    <ele>556.4</ele>
    <time>2022-10-02T18:55:27Z</time>
   </trkpt>
   <trkpt lat="44.1380900" lon="-73.8085500">
    <ele>556.6</ele>
    <time>2022-10-02T18:55:32Z</time>
   </trkpt>
   <trkpt lat="44.1381100" lon="-73.8085200">
    <ele>556.9</ele>
    <time>2022-10-02T18:55:35Z</time>
   </trkpt>
   <trkpt lat="44.1381300" lon="-73.8085100">
    <ele>557.1</ele>
    <time>2022-10-02T18:55:38Z</time>
   </trkpt>
   <trkpt lat="44.1381700" lon="-73.8085200">
    <ele>557.4</ele>
    <time>2022-10-02T18:55:43Z</time>
   </trkpt>
   <trkpt lat="44.1381800" lon="-73.8085600">
    <ele>557.7</ele>
    <time>2022-10-02T18:55:47Z</time>
   </trkpt>
   <trkpt lat="44.1382100" lon="-73.8085700">
    <ele>557.8</ele>
    <time>2022-10-02T18:55:51Z</time>
   </trkpt>
   <trkpt lat="44.1382400" lon="-73.8085500">
    <ele>557.9</ele>
    <time>2022-10-02T18:55:54Z</time>
   </trkpt>
   <trkpt lat="44.1382600" lon="-73.8085200">
    <ele>558.0</ele>
    <time>2022-10-02T18:55:59Z</time>
   </trkpt>
   <trkpt lat="44.1382900" lon="-73.8085200">
    <ele>557.9</ele>
    <time>2022-10-02T18:56:03Z</time>
   </trkpt>
   <trkpt lat="44.1383100" lon="-73.8085000">
    <ele>557.7</ele>
    <time>2022-10-02T18:56:07Z</time>
   </trkpt>
   <trkpt lat="44.1383000" lon="-73.8084500">
    <ele>557.4</ele>
    <time>2022-10-02T18:56:12Z</time>
   </trkpt>
   <trkpt lat="44.1383100" lon="-73.8084200">
    <ele>557.1</ele>
    <time>2022-10-02T18:56:16Z</time>
   </trkpt>
   <trkpt lat="44.1383100" lon="-73.8083700">
    <ele>556.6</ele>
    <time>2022-10-02T18:56:21Z</time>
   </trkpt>
   <trkpt lat="44.1383200" lon="-73.8083300">
    <ele>556.1</ele>
    <time>2022-10-02T18:56:25Z</time>
   </trkpt>
   <trkpt lat="44.1383200" lon="-73.8082900">
    <ele>555.6</ele>
    <time>2022-10-02T18:56:28Z</time>
   </trkpt>
   <trkpt lat="44.1383200" lon="-73.8082500">
    <ele>555.2</ele>
    <time>2022-10-02T18:56:31Z</time>
   </trkpt>
   <trkpt lat="44.1383300" lon="-73.8082100">
    <ele>554.7</ele>
    <time>2022-10-02T18:56:37Z</time>
   </trkpt>
   <trkpt lat="44.1383300" lon="-73.8081700">
    <ele>554.3</ele>
    <time>2022-10-02T18:56:42Z</time>
   </trkpt>
   <trkpt lat="44.1383200" lon="-73.8081300">
    <ele>553.9</ele>
    <time>2022-10-02T18:56:46Z</time>
   </trkpt>
   <trkpt lat="44.1383000" lon="-73.8080700">
    <ele>553.3</ele>
    <time>2022-10-02T18:56:49Z</time>
   </trkpt>
   <trkpt lat="44.1382800" lon="-73.8080300">
    <ele>553.0</ele>
    <time>2022-10-02T18:56:51Z</time>
   </trkpt>
   <trkpt lat="44.1382900" lon="-73.8079900">
    <ele>552.7</ele>
    <time>2022-10-02T18:56:55Z</time>
   </trkpt>
   <trkpt lat="44.1383200" lon="-73.8079900">
    <ele>552.5</ele>
    <time>2022-10-02T18:56:59Z</time>
   </trkpt>
   <trkpt lat="44.1383500" lon="-73.8079800">
    <ele>552.3</ele>
    <time>2022-10-02T18:57:02Z</time>
   </trkpt>
   <trkpt lat="44.1383800" lon="-73.8079700">
    <ele>552.1</ele>
    <time>2022-10-02T18:57:06Z</time>
   </trkpt>
   <trkpt lat="44.1384100" lon="-73.8079500">
    <ele>552.0</ele>
    <time>2022-10-02T18:57:09Z</time>
   </trkpt>
   <trkpt lat="44.1384400" lon="-73.8079400">
    <ele>551.9</ele>
    <time>2022-10-02T18:57:12Z</time>
   </trkpt>
   <trkpt lat="44.1384600" lon="-73.8079000">
    <ele>551.7</ele>
    <time>2022-10-02T18:57:16Z</time>
   </trkpt>
   <trkpt lat="44.1384600" lon="-73.8078600">
    <ele>551.7</ele>
    <time>2022-10-02T18:57:20Z</time>
   </trkpt>
   <trkpt lat="44.1384800" lon="-73.8078300">
    <ele>551.6</ele>
    <time>2022-10-02T18:57:25Z</time>
   </trkpt>
   <trkpt lat="44.1385100" lon="-73.8077900">
    <ele>551.5</ele>
    <time>2022-10-02T18:57:29Z</time>
   </trkpt>
   <trkpt lat="44.1385300" lon="-73.8077700">
    <ele>551.4</ele>
    <time>2022-10-02T18:57:32Z</time>
   </trkpt>
   <trkpt lat="44.1385600" lon="-73.8077400">
    <ele>551.4</ele>
    <time>2022-10-02T18:57:35Z</time>
   </trkpt>
   <trkpt lat="44.1385800" lon="-73.8077100">
    <ele>551.4</ele>
    <time>2022-10-02T18:57:38Z</time>
   </trkpt>
   <trkpt lat="44.1386000" lon="-73.8076800">
    <ele>551.4</ele>
    <time>2022-10-02T18:57:41Z</time>
   </trkpt>
   <trkpt lat="44.1386300" lon="-73.8076600">
    <ele>551.3</ele>
    <time>2022-10-02T18:57:44Z</time>
   </trkpt>
   <trkpt lat="44.1386600" lon="-73.8076400">
    <ele>551.3</ele>
    <time>2022-10-02T18:57:48Z</time>
   </trkpt>
   <trkpt lat="44.1386900" lon="-73.8076700">
    <ele>551.3</ele>
    <time>2022-10-02T18:57:57Z</time>
   </trkpt>
   <trkpt lat="44.1387200" lon="-73.8076500">
    <ele>551.3</ele>
    <time>2022-10-02T18:57:59Z</time>
   </trkpt>
   <trkpt lat="44.1387400" lon="-73.8076200">
    <ele>551.2</ele>
    <time>2022-10-02T18:58:02Z</time>
   </trkpt>
   <trkpt lat="44.1387700" lon="-73.8075900">
    <ele>551.2</ele>
    <time>2022-10-02T18:58:06Z</time>
   </trkpt>
   <trkpt lat="44.1387900" lon="-73.8075400">
    <ele>551.1</ele>
    <time>2022-10-02T18:58:09Z</time>
   </trkpt>
   <trkpt lat="44.1388200" lon="-73.8075100">
    <ele>550.9</ele>
    <time>2022-10-02T18:58:12Z</time>
   </trkpt>
   <trkpt lat="44.1388400" lon="-73.8074900">
    <ele>550.8</ele>
    <time>2022-10-02T18:58:16Z</time>
   </trkpt>
   <trkpt lat="44.1388800" lon="-73.8074900">
    <ele>550.6</ele>
    <time>2022-10-02T18:58:22Z</time>
   </trkpt>
   <trkpt lat="44.1389100" lon="-73.8074600">
    <ele>550.3</ele>
    <time>2022-10-02T18:58:26Z</time>
   </trkpt>
   <trkpt lat="44.1389300" lon="-73.8074300">
    <ele>550.1</ele>
    <time>2022-10-02T18:58:32Z</time>
   </trkpt>
   <trkpt lat="44.1389100" lon="-73.8074000">
    <ele>549.9</ele>
    <time>2022-10-02T18:58:44Z</time>
   </trkpt>
   <trkpt lat="44.1389000" lon="-73.8073600">
    <ele>549.6</ele>
    <time>2022-10-02T18:58:48Z</time>
   </trkpt>
   <trkpt lat="44.1388900" lon="-73.8073200">
    <ele>549.3</ele>
    <time>2022-10-02T18:58:52Z</time>
   </trkpt>
   <trkpt lat="44.1389000" lon="-73.8072700">
    <ele>548.9</ele>
    <time>2022-10-02T18:58:56Z</time>
   </trkpt>
   <trkpt lat="44.1389200" lon="-73.8072400">
    <ele>548.6</ele>
    <time>2022-10-02T18:59:00Z</time>
   </trkpt>
   <trkpt lat="44.1389500" lon="-73.8072300">
    <ele>548.3</ele>
    <time>2022-10-02T18:59:04Z</time>
   </trkpt>
   <trkpt lat="44.1389900" lon="-73.8072200">
    <ele>547.9</ele>
    <time>2022-10-02T18:59:07Z</time>
   </trkpt>
   <trkpt lat="44.1390200" lon="-73.8072200">
    <ele>547.6</ele>
    <time>2022-10-02T18:59:10Z</time>
   </trkpt>
   <trkpt lat="44.1390500" lon="-73.8072000">
    <ele>547.2</ele>
    <time>2022-10-02T18:59:13Z</time>
   </trkpt>
   <trkpt lat="44.1390700" lon="-73.8071600">
    <ele>546.8</ele>
    <time>2022-10-02T18:59:16Z</time>
   </trkpt>
   <trkpt lat="44.1390900" lon="-73.8071500">
    <ele>546.6</ele>
    <time>2022-10-02T18:59:18Z</time>
   </trkpt>
   <trkpt lat="44.1391200" lon="-73.8071300">
    <ele>546.2</ele>
    <time>2022-10-02T18:59:21Z</time>
   </trkpt>
   <trkpt lat="44.1391400" lon="-73.8071000">
    <ele>545.9</ele>
    <time>2022-10-02T18:59:25Z</time>
   </trkpt>
   <trkpt lat="44.1391600" lon="-73.8070600">
    <ele>545.5</ele>
    <time>2022-10-02T18:59:30Z</time>
   </trkpt>
   <trkpt lat="44.1391700" lon="-73.8070100">
    <ele>545.2</ele>
    <time>2022-10-02T18:59:34Z</time>
   </trkpt>
   <trkpt lat="44.1391900" lon="-73.8069600">
    <ele>544.9</ele>
    <time>2022-10-02T18:59:37Z</time>
   </trkpt>
   <trkpt lat="44.1392200" lon="-73.8069500">
    <ele>544.7</ele>
    <time>2022-10-02T18:59:42Z</time>
   </trkpt>
   <trkpt lat="44.1392400" lon="-73.8069200">
    <ele>544.6</ele>
    <time>2022-10-02T18:59:45Z</time>
   </trkpt>
   <trkpt lat="44.1392500" lon="-73.8068800">
    <ele>544.5</ele>
    <time>2022-10-02T18:59:47Z</time>
   </trkpt>
   <trkpt lat="44.1392600" lon="-73.8068400">
    <ele>544.4</ele>
    <time>2022-10-02T18:59:52Z</time>
   </trkpt>
   <trkpt lat="44.1392900" lon="-73.8068200">
    <ele>544.2</ele>
    <time>2022-10-02T18:59:57Z</time>
   </trkpt>
   <trkpt lat="44.1393100" lon="-73.8068100">
    <ele>544.1</ele>
    <time>2022-10-02T19:00:02Z</time>
   </trkpt>
   <trkpt lat="44.1393300" lon="-73.8067800">
    <ele>543.9</ele>
    <time>2022-10-02T19:00:06Z</time>
   </trkpt>
   <trkpt lat="44.1393600" lon="-73.8067500">
    <ele>543.6</ele>
    <time>2022-10-02T19:00:09Z</time>
   </trkpt>
   <trkpt lat="44.1393800" lon="-73.8067300">
    <ele>543.3</ele>
    <time>2022-10-02T19:00:12Z</time>
   </trkpt>
   <trkpt lat="44.1394100" lon="-73.8067000">
    <ele>542.8</ele>
    <time>2022-10-02T19:00:16Z</time>
   </trkpt>
   <trkpt lat="44.1394200" lon="-73.8066700">
    <ele>542.4</ele>
    <time>2022-10-02T19:00:22Z</time>
   </trkpt>
   <trkpt lat="44.1394400" lon="-73.8066300">
    <ele>541.7</ele>
    <time>2022-10-02T19:00:26Z</time>
   </trkpt>
   <trkpt lat="44.1394600" lon="-73.8065900">
    <ele>540.9</ele>
    <time>2022-10-02T19:00:29Z</time>
   </trkpt>
   <trkpt lat="44.1394900" lon="-73.8065600">
    <ele>540.1</ele>
    <time>2022-10-02T19:00:33Z</time>
   </trkpt>
   <trkpt lat="44.1395200" lon="-73.8065500">
    <ele>539.3</ele>
    <time>2022-10-02T19:00:36Z</time>
   </trkpt>
   <trkpt lat="44.1395400" lon="-73.8065200">
    <ele>538.5</ele>
    <time>2022-10-02T19:00:45Z</time>
   </trkpt>
   <trkpt lat="44.1395600" lon="-73.8064800">
    <ele>537.6</ele>
    <time>2022-10-02T19:00:49Z</time>
   </trkpt>
   <trkpt lat="44.1395700" lon="-73.8064500">
    <ele>537.0</ele>
    <time>2022-10-02T19:00:52Z</time>
   </trkpt>
   <trkpt lat="44.1395900" lon="-73.8064200">
    <ele>536.3</ele>
    <time>2022-10-02T19:00:56Z</time>
   </trkpt>
   <trkpt lat="44.1396200" lon="-73.8064100">
    <ele>535.5</ele>
    <time>2022-10-02T19:01:02Z</time>
   </trkpt>
   <trkpt lat="44.1396400" lon="-73.8063800">
    <ele>534.9</ele>
    <time>2022-10-02T19:01:08Z</time>
   </trkpt>
   <trkpt lat="44.1396500" lon="-73.8063300">
    <ele>534.1</ele>
    <time>2022-10-02T19:01:13Z</time>
   </trkpt>
   <trkpt lat="44.1396700" lon="-73.8063000">
    <ele>533.5</ele>
    <time>2022-10-02T19:01:18Z</time>
   </trkpt>
   <trkpt lat="44.1396900" lon="-73.8062800">
    <ele>533.0</ele>
    <time>2022-10-02T19:01:21Z</time>
   </trkpt>
   <trkpt lat="44.1397300" lon="-73.8062600">
    <ele>532.1</ele>
    <time>2022-10-02T19:01:24Z</time>
   </trkpt>
   <trkpt lat="44.1397500" lon="-73.8062500">
    <ele>531.7</ele>
    <time>2022-10-02T19:01:27Z</time>
   </trkpt>
   <trkpt lat="44.1397600" lon="-73.8062000">
    <ele>530.9</ele>
    <time>2022-10-02T19:01:31Z</time>
   </trkpt>
   <trkpt lat="44.1397700" lon="-73.8061600">
    <ele>530.4</ele>
    <time>2022-10-02T19:01:36Z</time>
   </trkpt>
   <trkpt lat="44.1397600" lon="-73.8061200">
    <ele>529.8</ele>
    <time>2022-10-02T19:01:42Z</time>
   </trkpt>
   <trkpt lat="44.1397800" lon="-73.8060800">
    <ele>529.2</ele>
    <time>2022-10-02T19:01:46Z</time>
   </trkpt>
   <trkpt lat="44.1397900" lon="-73.8060300">
    <ele>528.5</ele>
    <time>2022-10-02T19:01:49Z</time>
   </trkpt>
   <trkpt lat="44.1398100" lon="-73.8059900">
    <ele>528.0</ele>
    <time>2022-10-02T19:01:52Z</time>
   </trkpt>
   <trkpt lat="44.1398200" lon="-73.8059500">
    <ele>527.5</ele>
    <time>2022-10-02T19:01:57Z</time>
   </trkpt>
   <trkpt lat="44.1398200" lon="-73.8059000">
    <ele>527.1</ele>
    <time>2022-10-02T19:02:00Z</time>
   </trkpt>
   <trkpt lat="44.1398200" lon="-73.8058500">
    <ele>526.6</ele>
    <time>2022-10-02T19:02:05Z</time>
   </trkpt>
   <trkpt lat="44.1398300" lon="-73.8058100">
    <ele>526.2</ele>
    <time>2022-10-02T19:02:08Z</time>
   </trkpt>
   <trkpt lat="44.1398500" lon="-73.8057800">
    <ele>525.8</ele>
    <time>2022-10-02T19:02:10Z</time>
   </trkpt>
   <trkpt lat="44.1398700" lon="-73.8057600">
    <ele>525.4</ele>
    <time>2022-10-02T19:02:12Z</time>
   </trkpt>
   <trkpt lat="44.1399000" lon="-73.8057300">
    <ele>524.9</ele>
    <time>2022-10-02T19:02:15Z</time>
   </trkpt>
   <trkpt lat="44.1399300" lon="-73.8057200">
    <ele>524.4</ele>
    <time>2022-10-02T19:02:18Z</time>
   </trkpt>
   <trkpt lat="44.1399600" lon="-73.8057100">
    <ele>523.9</ele>
    <time>2022-10-02T19:02:21Z</time>
   </trkpt>
   <trkpt lat="44.1399900" lon="-73.8056800">
    <ele>523.2</ele>
    <time>2022-10-02T19:02:24Z</time>
   </trkpt>
   <trkpt lat="44.1400200" lon="-73.8056500">
    <ele>522.6</ele>
    <time>2022-10-02T19:02:28Z</time>
   </trkpt>
   <trkpt lat="44.1400400" lon="-73.8056200">
    <ele>522.0</ele>
    <time>2022-10-02T19:02:31Z</time>
   </trkpt>
   <trkpt lat="44.1400500" lon="-73.8055900">
    <ele>521.6</ele>
    <time>2022-10-02T19:02:35Z</time>
   </trkpt>
   <trkpt lat="44.1400800" lon="-73.8055600">
    <ele>520.9</ele>
    <time>2022-10-02T19:02:38Z</time>
   </trkpt>
   <trkpt lat="44.1401000" lon="-73.8055300">
    <ele>520.4</ele>
    <time>2022-10-02T19:02:41Z</time>
   </trkpt>
   <trkpt lat="44.1401200" lon="-73.8055000">
    <ele>519.9</ele>
    <time>2022-10-02T19:02:46Z</time>
   </trkpt>
   <trkpt lat="44.1401500" lon="-73.8054700">
    <ele>519.3</ele>
    <time>2022-10-02T19:02:51Z</time>
   </trkpt>
   <trkpt lat="44.1401400" lon="-73.8054300">
    <ele>518.8</ele>
    <time>2022-10-02T19:02:55Z</time>
   </trkpt>
   <trkpt lat="44.1401300" lon="-73.8053900">
    <ele>518.3</ele>
    <time>2022-10-02T19:02:59Z</time>
   </trkpt>
   <trkpt lat="44.1401300" lon="-73.8053500">
    <ele>517.9</ele>
    <time>2022-10-02T19:03:02Z</time>
   </trkpt>
   <trkpt lat="44.1401400" lon="-73.8053100">
    <ele>517.5</ele>
    <time>2022-10-02T19:03:05Z</time>
   </trkpt>
   <trkpt lat="44.1401600" lon="-73.8052700">
    <ele>517.0</ele>
    <time>2022-10-02T19:03:09Z</time>
   </trkpt>
   <trkpt lat="44.1401800" lon="-73.8052400">
    <ele>516.6</ele>
    <time>2022-10-02T19:03:12Z</time>
   </trkpt>
   <trkpt lat="44.1402000" lon="-73.8052100">
    <ele>516.3</ele>
    <time>2022-10-02T19:03:15Z</time>
   </trkpt>
   <trkpt lat="44.1402300" lon="-73.8051800">
    <ele>515.9</ele>
    <time>2022-10-02T19:03:18Z</time>
   </trkpt>
   <trkpt lat="44.1402500" lon="-73.8051600">
    <ele>515.7</ele>
    <time>2022-10-02T19:03:22Z</time>
   </trkpt>
   <trkpt lat="44.1402600" lon="-73.8051100">
    <ele>515.4</ele>
    <time>2022-10-02T19:03:27Z</time>
   </trkpt>
   <trkpt lat="44.1402600" lon="-73.8050700">
    <ele>515.3</ele>
    <time>2022-10-02T19:03:31Z</time>
   </trkpt>
   <trkpt lat="44.1402600" lon="-73.8050300">
    <ele>515.1</ele>
    <time>2022-10-02T19:03:35Z</time>
   </trkpt>
   <trkpt lat="44.1402700" lon="-73.8049800">
    <ele>515.0</ele>
    <time>2022-10-02T19:03:39Z</time>
   </trkpt>
   <trkpt lat="44.1402800" lon="-73.8049400">
    <ele>515.0</ele>
    <time>2022-10-02T19:03:43Z</time>
   </trkpt>
   <trkpt lat="44.1402900" lon="-73.8049000">
    <ele>515.0</ele>
    <time>2022-10-02T19:03:46Z</time>
   </trkpt>
   <trkpt lat="44.1403100" lon="-73.8048600">
    <ele>515.0</ele>
    <time>2022-10-02T19:03:50Z</time>
   </trkpt>
   <trkpt lat="44.1403400" lon="-73.8048400">
    <ele>515.0</ele>
    <time>2022-10-02T19:03:55Z</time>
   </trkpt>
   <trkpt lat="44.1403500" lon="-73.8048000">
    <ele>515.1</ele>
    <time>2022-10-02T19:03:58Z</time>
   </trkpt>
   <trkpt lat="44.1403600" lon="-73.8047600">
    <ele>515.1</ele>
    <time>2022-10-02T19:04:02Z</time>
   </trkpt>
   <trkpt lat="44.1403900" lon="-73.8047300">
    <ele>515.2</ele>
    <time>2022-10-02T19:04:05Z</time>
   </trkpt>
   <trkpt lat="44.1404100" lon="-73.8047000">
    <ele>515.3</ele>
    <time>2022-10-02T19:04:08Z</time>
   </trkpt>
   <trkpt lat="44.1404300" lon="-73.8046600">
    <ele>515.4</ele>
    <time>2022-10-02T19:04:11Z</time>
   </trkpt>
   <trkpt lat="44.1404400" lon="-73.8046300">
    <ele>515.4</ele>
    <time>2022-10-02T19:04:14Z</time>
   </trkpt>
   <trkpt lat="44.1404700" lon="-73.8046100">
    <ele>515.5</ele>
    <time>2022-10-02T19:04:18Z</time>
   </trkpt>
   <trkpt lat="44.1404800" lon="-73.8045600">
    <ele>515.5</ele>
    <time>2022-10-02T19:04:22Z</time>
   </trkpt>
   <trkpt lat="44.1405000" lon="-73.8045200">
    <ele>515.4</ele>
    <time>2022-10-02T19:04:25Z</time>
   </trkpt>
   <trkpt lat="44.1405200" lon="-73.8044900">
    <ele>515.3</ele>
    <time>2022-10-02T19:04:28Z</time>
   </trkpt>
   <trkpt lat="44.1405300" lon="-73.8044600">
    <ele>515.2</ele>
    <time>2022-10-02T19:04:30Z</time>
   </trkpt>
   <trkpt lat="44.1405400" lon="-73.8044200">
    <ele>514.9</ele>
    <time>2022-10-02T19:04:34Z</time>
   </trkpt>
   <trkpt lat="44.1405500" lon="-73.8043700">
    <ele>514.5</ele>
    <time>2022-10-02T19:04:38Z</time>
   </trkpt>
   <trkpt lat="44.1405500" lon="-73.8043300">
    <ele>514.2</ele>
    <time>2022-10-02T19:04:41Z</time>
   </trkpt>
   <trkpt lat="44.1405400" lon="-73.8042900">
    <ele>513.7</ele>
    <time>2022-10-02T19:04:44Z</time>
   </trkpt>
   <trkpt lat="44.1405300" lon="-73.8042500">
    <ele>513.2</ele>
    <time>2022-10-02T19:04:47Z</time>
   </trkpt>
   <trkpt lat="44.1405300" lon="-73.8042100">
    <ele>512.8</ele>
    <time>2022-10-02T19:04:50Z</time>
   </trkpt>
   <trkpt lat="44.1405300" lon="-73.8041700">
    <ele>512.2</ele>
    <time>2022-10-02T19:04:53Z</time>
   </trkpt>
   <trkpt lat="44.1405300" lon="-73.8041200">
    <ele>511.6</ele>
    <time>2022-10-02T19:04:58Z</time>
   </trkpt>
   <trkpt lat="44.1405400" lon="-73.8040800">
    <ele>511.0</ele>
    <time>2022-10-02T19:05:01Z</time>
   </trkpt>
   <trkpt lat="44.1405500" lon="-73.8040500">
    <ele>510.5</ele>
    <time>2022-10-02T19:05:05Z</time>
   </trkpt>
   <trkpt lat="44.1405500" lon="-73.8040100">
    <ele>510.0</ele>
    <time>2022-10-02T19:05:08Z</time>
   </trkpt>
   <trkpt lat="44.1405400" lon="-73.8039600">
    <ele>509.3</ele>
    <time>2022-10-02T19:05:10Z</time>
   </trkpt>
   <trkpt lat="44.1405300" lon="-73.8039300">
    <ele>508.9</ele>
    <time>2022-10-02T19:05:12Z</time>
   </trkpt>
   <trkpt lat="44.1405300" lon="-73.8038900">
    <ele>508.5</ele>
    <time>2022-10-02T19:05:15Z</time>
   </trkpt>
   <trkpt lat="44.1405500" lon="-73.8038500">
    <ele>507.9</ele>
    <time>2022-10-02T19:05:19Z</time>
   </trkpt>
   <trkpt lat="44.1405500" lon="-73.8038100">
    <ele>507.5</ele>
    <time>2022-10-02T19:05:24Z</time>
   </trkpt>
   <trkpt lat="44.1405500" lon="-73.8037700">
    <ele>507.1</ele>
    <time>2022-10-02T19:05:27Z</time>
   </trkpt>
   <trkpt lat="44.1405500" lon="-73.8037300">
    <ele>506.7</ele>
    <time>2022-10-02T19:05:30Z</time>
   </trkpt>
   <trkpt lat="44.1405500" lon="-73.8036700">
    <ele>506.2</ele>
    <time>2022-10-02T19:05:33Z</time>
   </trkpt>
   <trkpt lat="44.1405600" lon="-73.8036300">
    <ele>505.8</ele>
    <time>2022-10-02T19:05:36Z</time>
   </trkpt>
   <trkpt lat="44.1405700" lon="-73.8035900">
    <ele>505.4</ele>
    <time>2022-10-02T19:05:39Z</time>
   </trkpt>
   <trkpt lat="44.1405800" lon="-73.8035400">
    <ele>505.0</ele>
    <time>2022-10-02T19:05:43Z</time>
   </trkpt>
   <trkpt lat="44.1405800" lon="-73.8035000">
    <ele>504.7</ele>
    <time>2022-10-02T19:05:46Z</time>
   </trkpt>
   <trkpt lat="44.1405800" lon="-73.8034500">
    <ele>504.3</ele>
    <time>2022-10-02T19:05:50Z</time>
   </trkpt>
   <trkpt lat="44.1405900" lon="-73.8034100">
    <ele>504.0</ele>
    <time>2022-10-02T19:05:54Z</time>
   </trkpt>
   <trkpt lat="44.1406000" lon="-73.8033700">
    <ele>503.7</ele>
    <time>2022-10-02T19:05:58Z</time>
   </trkpt>
   <trkpt lat="44.1406300" lon="-73.8033400">
    <ele>503.4</ele>
    <time>2022-10-02T19:06:01Z</time>
   </trkpt>
   <trkpt lat="44.1406600" lon="-73.8033300">
    <ele>503.1</ele>
    <time>2022-10-02T19:06:04Z</time>
   </trkpt>
   <trkpt lat="44.1406900" lon="-73.8033200">
    <ele>502.9</ele>
    <time>2022-10-02T19:06:07Z</time>
   </trkpt>
   <trkpt lat="44.1407300" lon="-73.8033100">
    <ele>502.6</ele>
    <time>2022-10-02T19:06:10Z</time>
   </trkpt>
   <trkpt lat="44.1407400" lon="-73.8032600">
    <ele>502.4</ele>
    <time>2022-10-02T19:06:14Z</time>
   </trkpt>
   <trkpt lat="44.1407500" lon="-73.8032100">
    <ele>502.1</ele>
    <time>2022-10-02T19:06:17Z</time>
   </trkpt>
   <trkpt lat="44.1407500" lon="-73.8031700">
    <ele>501.9</ele>
    <time>2022-10-02T19:06:19Z</time>
   </trkpt>
   <trkpt lat="44.1407500" lon="-73.8031300">
    <ele>501.8</ele>
    <time>2022-10-02T19:06:22Z</time>
   </trkpt>
   <trkpt lat="44.1407600" lon="-73.8030800">
    <ele>501.5</ele>
    <time>2022-10-02T19:06:25Z</time>
   </trkpt>
   <trkpt lat="44.1407600" lon="-73.8030400">
    <ele>501.3</ele>
    <time>2022-10-02T19:06:27Z</time>
   </trkpt>
   <trkpt lat="44.1407800" lon="-73.8030000">
    <ele>501.1</ele>
    <time>2022-10-02T19:06:30Z</time>
   </trkpt>
   <trkpt lat="44.1407800" lon="-73.8029600">
    <ele>500.9</ele>
    <time>2022-10-02T19:06:34Z</time>
   </trkpt>
   <trkpt lat="44.1407900" lon="-73.8029200">
    <ele>500.7</ele>
    <time>2022-10-02T19:06:37Z</time>
   </trkpt>
   <trkpt lat="44.1407900" lon="-73.8028700">
    <ele>500.4</ele>
    <time>2022-10-02T19:06:40Z</time>
   </trkpt>
   <trkpt lat="44.1408000" lon="-73.8028200">
    <ele>500.1</ele>
    <time>2022-10-02T19:06:43Z</time>
   </trkpt>
   <trkpt lat="44.1408100" lon="-73.8027800">
    <ele>499.8</ele>
    <time>2022-10-02T19:06:46Z</time>
   </trkpt>
   <trkpt lat="44.1408300" lon="-73.8027400">
    <ele>499.5</ele>
    <time>2022-10-02T19:06:49Z</time>
   </trkpt>
   <trkpt lat="44.1408600" lon="-73.8027100">
    <ele>499.2</ele>
    <time>2022-10-02T19:06:52Z</time>
   </trkpt>
   <trkpt lat="44.1408800" lon="-73.8026800">
    <ele>499.0</ele>
    <time>2022-10-02T19:06:56Z</time>
   </trkpt>
   <trkpt lat="44.1409000" lon="-73.8026400">
    <ele>498.8</ele>
    <time>2022-10-02T19:07:00Z</time>
   </trkpt>
   <trkpt lat="44.1409300" lon="-73.8026200">
    <ele>498.6</ele>
    <time>2022-10-02T19:07:03Z</time>
   </trkpt>
   <trkpt lat="44.1409600" lon="-73.8026000">
    <ele>498.5</ele>
    <time>2022-10-02T19:07:07Z</time>
   </trkpt>
   <trkpt lat="44.1409900" lon="-73.8025900">
    <ele>498.5</ele>
    <time>2022-10-02T19:07:12Z</time>
   </trkpt>
   <trkpt lat="44.1410000" lon="-73.8025500">
    <ele>498.4</ele>
    <time>2022-10-02T19:07:15Z</time>
   </trkpt>
   <trkpt lat="44.1410100" lon="-73.8025000">
    <ele>498.4</ele>
    <time>2022-10-02T19:07:18Z</time>
   </trkpt>
   <trkpt lat="44.1410200" lon="-73.8024700">
    <ele>498.4</ele>
    <time>2022-10-02T19:07:22Z</time>
   </trkpt>
   <trkpt lat="44.1410400" lon="-73.8024300">
    <ele>498.4</ele>
    <time>2022-10-02T19:07:26Z</time>
   </trkpt>
   <trkpt lat="44.1410500" lon="-73.8023900">
    <ele>498.3</ele>
    <time>2022-10-02T19:07:30Z</time>
   </trkpt>
   <trkpt lat="44.1410700" lon="-73.8023500">
    <ele>498.1</ele>
    <time>2022-10-02T19:07:33Z</time>
   </trkpt>
   <trkpt lat="44.1410900" lon="-73.8023200">
    <ele>497.9</ele>
    <time>2022-10-02T19:07:35Z</time>
   </trkpt>
   <trkpt lat="44.1411100" lon="-73.8023000">
    <ele>497.7</ele>
    <time>2022-10-02T19:07:38Z</time>
   </trkpt>
   <trkpt lat="44.1411300" lon="-73.8022700">
    <ele>497.3</ele>
    <time>2022-10-02T19:07:41Z</time>
   </trkpt>
   <trkpt lat="44.1411400" lon="-73.8022300">
    <ele>496.8</ele>
    <time>2022-10-02T19:07:44Z</time>
   </trkpt>
   <trkpt lat="44.1411500" lon="-73.8022000">
    <ele>496.4</ele>
    <time>2022-10-02T19:07:51Z</time>
   </trkpt>
   <trkpt lat="44.1411800" lon="-73.8021800">
    <ele>495.6</ele>
    <time>2022-10-02T19:08:22Z</time>
   </trkpt>
   <trkpt lat="44.1411900" lon="-73.8021400">
    <ele>494.9</ele>
    <time>2022-10-02T19:08:27Z</time>
   </trkpt>
   <trkpt lat="44.1411900" lon="-73.8021000">
    <ele>494.1</ele>
    <time>2022-10-02T19:08:33Z</time>
   </trkpt>
   <trkpt lat="44.1412100" lon="-73.8020800">
    <ele>493.4</ele>
    <time>2022-10-02T19:08:42Z</time>
   </trkpt>
   <trkpt lat="44.1412200" lon="-73.8020400">
    <ele>492.5</ele>
    <time>2022-10-02T19:08:47Z</time>
   </trkpt>
   <trkpt lat="44.1412500" lon="-73.8020100">
    <ele>491.5</ele>
    <time>2022-10-02T19:08:52Z</time>
   </trkpt>
   <trkpt lat="44.1412700" lon="-73.8020100">
    <ele>490.9</ele>
    <time>2022-10-02T19:08:56Z</time>
   </trkpt>
   <trkpt lat="44.1413000" lon="-73.8020100">
    <ele>490.0</ele>
    <time>2022-10-02T19:09:01Z</time>
   </trkpt>
   <trkpt lat="44.1413300" lon="-73.8019900">
    <ele>489.1</ele>
    <time>2022-10-02T19:09:07Z</time>
   </trkpt>
   <trkpt lat="44.1413500" lon="-73.8019600">
    <ele>488.3</ele>
    <time>2022-10-02T19:09:12Z</time>
   </trkpt>
   <trkpt lat="44.1413700" lon="-73.8019200">
    <ele>487.4</ele>
    <time>2022-10-02T19:09:14Z</time>
   </trkpt>
   <trkpt lat="44.1413800" lon="-73.8018900">
    <ele>486.8</ele>
    <time>2022-10-02T19:09:19Z</time>
   </trkpt>
   <trkpt lat="44.1413700" lon="-73.8018500">
    <ele>486.1</ele>
    <time>2022-10-02T19:09:23Z</time>
   </trkpt>
   <trkpt lat="44.1413900" lon="-73.8018100">
    <ele>485.3</ele>
    <time>2022-10-02T19:09:29Z</time>
   </trkpt>
   <trkpt lat="44.1414100" lon="-73.8017800">
    <ele>484.7</ele>
    <time>2022-10-02T19:09:32Z</time>
   </trkpt>
   <trkpt lat="44.1414300" lon="-73.8017400">
    <ele>484.1</ele>
    <time>2022-10-02T19:09:36Z</time>
   </trkpt>
   <trkpt lat="44.1414500" lon="-73.8017100">
    <ele>483.6</ele>
    <time>2022-10-02T19:09:39Z</time>
   </trkpt>
   <trkpt lat="44.1414600" lon="-73.8016600">
    <ele>482.9</ele>
    <time>2022-10-02T19:09:43Z</time>
   </trkpt>
   <trkpt lat="44.1414600" lon="-73.8016200">
    <ele>482.5</ele>
    <time>2022-10-02T19:09:47Z</time>
   </trkpt>
   <trkpt lat="44.1414700" lon="-73.8015800">
    <ele>482.0</ele>
    <time>2022-10-02T19:09:51Z</time>
   </trkpt>
   <trkpt lat="44.1414600" lon="-73.8015400">
    <ele>481.5</ele>
    <time>2022-10-02T19:09:54Z</time>
   </trkpt>
   <trkpt lat="44.1414800" lon="-73.8015000">
    <ele>481.0</ele>
    <time>2022-10-02T19:09:58Z</time>
   </trkpt>
   <trkpt lat="44.1415000" lon="-73.8014700">
    <ele>480.6</ele>
    <time>2022-10-02T19:10:02Z</time>
   </trkpt>
   <trkpt lat="44.1415200" lon="-73.8014400">
    <ele>480.1</ele>
    <time>2022-10-02T19:10:06Z</time>
   </trkpt>
   <trkpt lat="44.1415300" lon="-73.8013800">
    <ele>479.5</ele>
    <time>2022-10-02T19:10:09Z</time>
   </trkpt>
   <trkpt lat="44.1415400" lon="-73.8013500">
    <ele>479.2</ele>
    <time>2022-10-02T19:10:13Z</time>
   </trkpt>
   <trkpt lat="44.1415500" lon="-73.8013100">
    <ele>478.8</ele>
    <time>2022-10-02T19:10:18Z</time>
   </trkpt>
   <trkpt lat="44.1415800" lon="-73.8012800">
    <ele>478.4</ele>
    <time>2022-10-02T19:10:22Z</time>
   </trkpt>
   <trkpt lat="44.1415900" lon="-73.8012400">
    <ele>478.0</ele>
    <time>2022-10-02T19:10:25Z</time>
   </trkpt>
   <trkpt lat="44.1416100" lon="-73.8012000">
    <ele>477.7</ele>
    <time>2022-10-02T19:10:29Z</time>
   </trkpt>
   <trkpt lat="44.1416300" lon="-73.8011700">
    <ele>477.5</ele>
    <time>2022-10-02T19:10:32Z</time>
   </trkpt>
   <trkpt lat="44.1416500" lon="-73.8011400">
    <ele>477.3</ele>
    <time>2022-10-02T19:10:36Z</time>
   </trkpt>
   <trkpt lat="44.1416500" lon="-73.8010900">
    <ele>477.1</ele>
    <time>2022-10-02T19:10:40Z</time>
   </trkpt>
   <trkpt lat="44.1416600" lon="-73.8010500">
    <ele>477.0</ele>
    <time>2022-10-02T19:10:43Z</time>
   </trkpt>
   <trkpt lat="44.1416800" lon="-73.8010200">
    <ele>476.9</ele>
    <time>2022-10-02T19:10:46Z</time>
   </trkpt>
   <trkpt lat="44.1417100" lon="-73.8009900">
    <ele>476.7</ele>
    <time>2022-10-02T19:10:50Z</time>
   </trkpt>
   <trkpt lat="44.1417300" lon="-73.8009600">
    <ele>476.6</ele>
    <time>2022-10-02T19:10:53Z</time>
   </trkpt>
   <trkpt lat="44.1417500" lon="-73.8009200">
    <ele>476.5</ele>
    <time>2022-10-02T19:10:56Z</time>
   </trkpt>
   <trkpt lat="44.1417700" lon="-73.8008900">
    <ele>476.3</ele>
    <time>2022-10-02T19:10:59Z</time>
   </trkpt>
   <trkpt lat="44.1417900" lon="-73.8008500">
    <ele>476.2</ele>
    <time>2022-10-02T19:11:03Z</time>
   </trkpt>
   <trkpt lat="44.1417900" lon="-73.8008200">
    <ele>476.0</ele>
    <time>2022-10-02T19:11:07Z</time>
   </trkpt>
   <trkpt lat="44.1418200" lon="-73.8008100">
    <ele>475.8</ele>
    <time>2022-10-02T19:11:10Z</time>
   </trkpt>
   <trkpt lat="44.1418500" lon="-73.8007900">
    <ele>475.4</ele>
    <time>2022-10-02T19:11:14Z</time>
   </trkpt>
   <trkpt lat="44.1418600" lon="-73.8007500">
    <ele>475.1</ele>
    <time>2022-10-02T19:11:17Z</time>
   </trkpt>
   <trkpt lat="44.1418800" lon="-73.8007100">
    <ele>474.6</ele>
    <time>2022-10-02T19:11:21Z</time>
   </trkpt>
   <trkpt lat="44.1418900" lon="-73.8006700">
    <ele>474.1</ele>
    <time>2022-10-02T19:11:25Z</time>
   </trkpt>
   <trkpt lat="44.1419100" lon="-73.8006300">
    <ele>473.5</ele>
    <time>2022-10-02T19:11:30Z</time>
   </trkpt>
   <trkpt lat="44.1419300" lon="-73.8005900">
    <ele>472.8</ele>
    <time>2022-10-02T19:11:35Z</time>
   </trkpt>
   <trkpt lat="44.1419300" lon="-73.8005500">
    <ele>472.2</ele>
    <time>2022-10-02T19:11:43Z</time>
   </trkpt>
   <trkpt lat="44.1419300" lon="-73.8005000">
    <ele>471.5</ele>
    <time>2022-10-02T19:11:47Z</time>
   </trkpt>
   <trkpt lat="44.1419200" lon="-73.8004600">
    <ele>471.0</ele>
    <time>2022-10-02T19:11:51Z</time>
   </trkpt>
   <trkpt lat="44.1419100" lon="-73.8004200">
    <ele>470.4</ele>
    <time>2022-10-02T19:11:54Z</time>
   </trkpt>
   <trkpt lat="44.1418900" lon="-73.8003900">
    <ele>470.0</ele>
    <time>2022-10-02T19:11:57Z</time>
   </trkpt>
   <trkpt lat="44.1418900" lon="-73.8003300">
    <ele>469.4</ele>
    <time>2022-10-02T19:12:01Z</time>
   </trkpt>
   <trkpt lat="44.1419000" lon="-73.8003000">
    <ele>469.1</ele>
    <time>2022-10-02T19:12:04Z</time>
   </trkpt>
   <trkpt lat="44.1419100" lon="-73.8002600">
    <ele>468.8</ele>
    <time>2022-10-02T19:12:09Z</time>
   </trkpt>
   <trkpt lat="44.1419300" lon="-73.8002400">
    <ele>468.5</ele>
    <time>2022-10-02T19:12:14Z</time>
   </trkpt>
   <trkpt lat="44.1419600" lon="-73.8002200">
    <ele>468.2</ele>
    <time>2022-10-02T19:12:16Z</time>
   </trkpt>
   <trkpt lat="44.1419700" lon="-73.8001800">
    <ele>467.9</ele>
    <time>2022-10-02T19:12:20Z</time>
   </trkpt>
   <trkpt lat="44.1419800" lon="-73.8001400">
    <ele>467.6</ele>
    <time>2022-10-02T19:12:24Z</time>
   </trkpt>
   <trkpt lat="44.1419900" lon="-73.8001000">
    <ele>467.3</ele>
    <time>2022-10-02T19:12:27Z</time>
   </trkpt>
   <trkpt lat="44.1420100" lon="-73.8000500">
    <ele>466.8</ele>
    <time>2022-10-02T19:12:31Z</time>
   </trkpt>
   <trkpt lat="44.1420300" lon="-73.8000200">
    <ele>466.4</ele>
    <time>2022-10-02T19:12:34Z</time>
   </trkpt>
   <trkpt lat="44.1420700" lon="-73.8000200">
    <ele>465.8</ele>
    <time>2022-10-02T19:12:37Z</time>
   </trkpt>
   <trkpt lat="44.1421000" lon="-73.8000100">
    <ele>465.4</ele>
    <time>2022-10-02T19:12:40Z</time>
   </trkpt>
   <trkpt lat="44.1421400" lon="-73.8000100">
    <ele>464.8</ele>
    <time>2022-10-02T19:12:45Z</time>
   </trkpt>
   <trkpt lat="44.1421600" lon="-73.7999800">
    <ele>464.3</ele>
    <time>2022-10-02T19:12:49Z</time>
   </trkpt>
   <trkpt lat="44.1421600" lon="-73.7999400">
    <ele>463.9</ele>
    <time>2022-10-02T19:12:51Z</time>
   </trkpt>
   <trkpt lat="44.1421400" lon="-73.7999100">
    <ele>463.5</ele>
    <time>2022-10-02T19:12:54Z</time>
   </trkpt>
   <trkpt lat="44.1421100" lon="-73.7998900">
    <ele>463.0</ele>
    <time>2022-10-02T19:12:57Z</time>
   </trkpt>
   <trkpt lat="44.1420800" lon="-73.7998900">
    <ele>462.6</ele>
    <time>2022-10-02T19:12:59Z</time>
   </trkpt>
   <trkpt lat="44.1420400" lon="-73.7998800">
    <ele>462.0</ele>
    <time>2022-10-02T19:13:02Z</time>
   </trkpt>
   <trkpt lat="44.1420200" lon="-73.7998600">
    <ele>461.7</ele>
    <time>2022-10-02T19:13:04Z</time>
   </trkpt>
   <trkpt lat="44.1419900" lon="-73.7998400">
    <ele>461.7</ele>
    <time>2022-10-02T19:13:07Z</time>
   </trkpt>
   <trkpt lat="44.1420000" lon="-73.7998000">
    <ele>461.4</ele>
    <time>2022-10-02T19:13:10Z</time>
   </trkpt>
   <trkpt lat="44.1420100" lon="-73.7997700">
    <ele>461.1</ele>
    <time>2022-10-02T19:13:14Z</time>
   </trkpt>
   <trkpt lat="44.1420200" lon="-73.7997300">
    <ele>460.8</ele>
    <time>2022-10-02T19:13:22Z</time>
   </trkpt>
   <trkpt lat="44.1420200" lon="-73.7996900">
    <ele>460.6</ele>
    <time>2022-10-02T19:13:29Z</time>
   </trkpt>
   <trkpt lat="44.1420000" lon="-73.7996600">
    <ele>460.2</ele>
    <time>2022-10-02T19:13:32Z</time>
   </trkpt>
   <trkpt lat="44.1419900" lon="-73.7997000">
    <ele>459.9</ele>
    <time>2022-10-02T19:14:04Z</time>
   </trkpt>
   <trkpt lat="44.1420200" lon="-73.7997100">
    <ele>459.6</ele>
    <time>2022-10-02T19:14:34Z</time>
   </trkpt>
   <trkpt lat="44.1420900" lon="-73.7997100">
    <ele>458.7</ele>
    <time>2022-10-02T19:14:37Z</time>
   </trkpt>
   <trkpt lat="44.1420600" lon="-73.7996800">
    <ele>458.3</ele>
    <time>2022-10-02T19:14:45Z</time>
   </trkpt>
   <trkpt lat="44.1420300" lon="-73.7996800">
    <ele>457.8</ele>
    <time>2022-10-02T19:14:51Z</time>
   </trkpt>
   <trkpt lat="44.1420000" lon="-73.7996900">
    <ele>457.4</ele>
    <time>2022-10-02T19:15:10Z</time>
   </trkpt>
   <trkpt lat="44.1419700" lon="-73.7996700">
    <ele>457.0</ele>
    <time>2022-10-02T19:15:19Z</time>
   </trkpt>
   <trkpt lat="44.1419800" lon="-73.7996100">
    <ele>456.3</ele>
    <time>2022-10-02T19:15:26Z</time>
   </trkpt>
   <trkpt lat="44.1419800" lon="-73.7995700">
    <ele>455.8</ele>
    <time>2022-10-02T19:15:31Z</time>
   </trkpt>
   <trkpt lat="44.1419700" lon="-73.7995300">
    <ele>455.4</ele>
    <time>2022-10-02T19:15:38Z</time>
   </trkpt>
   <trkpt lat="44.1419400" lon="-73.7995200">
    <ele>454.9</ele>
    <time>2022-10-02T19:15:45Z</time>
   </trkpt>
   <trkpt lat="44.1419100" lon="-73.7995000">
    <ele>454.3</ele>
    <time>2022-10-02T19:15:52Z</time>
   </trkpt>
   <trkpt lat="44.1418800" lon="-73.7995100">
    <ele>453.8</ele>
    <time>2022-10-02T19:15:55Z</time>
   </trkpt>
   <trkpt lat="44.1418500" lon="-73.7995400">
    <ele>453.2</ele>
    <time>2022-10-02T19:15:59Z</time>
   </trkpt>
   <trkpt lat="44.1418300" lon="-73.7995400">
    <ele>452.9</ele>
    <time>2022-10-02T19:16:03Z</time>
   </trkpt>
   <trkpt lat="44.1418000" lon="-73.7995400">
    <ele>452.4</ele>
    <time>2022-10-02T19:16:06Z</time>
   </trkpt>
   <trkpt lat="44.1417700" lon="-73.7995300">
    <ele>451.9</ele>
    <time>2022-10-02T19:16:11Z</time>
   </trkpt>
   <trkpt lat="44.1417500" lon="-73.7995000">
    <ele>451.9</ele>
    <time>2022-10-02T19:16:14Z</time>
   </trkpt>
   <trkpt lat="44.1417700" lon="-73.7994600">
    <ele>451.9</ele>
    <time>2022-10-02T19:16:20Z</time>
   </trkpt>
   <trkpt lat="44.1418000" lon="-73.7994400">
    <ele>451.9</ele>
    <time>2022-10-02T19:16:24Z</time>
   </trkpt>
   <trkpt lat="44.1418100" lon="-73.7993900">
    <ele>451.9</ele>
    <time>2022-10-02T19:16:29Z</time>
   </trkpt>
   <trkpt lat="44.1418300" lon="-73.7994400">
    <ele>451.9</ele>
    <time>2022-10-02T19:16:43Z</time>
   </trkpt>
   <trkpt lat="44.1417900" lon="-73.7994500">
    <ele>451.9</ele>
    <time>2022-10-02T19:16:49Z</time>
   </trkpt>
   <trkpt lat="44.1417700" lon="-73.7994700">
    <ele>451.9</ele>
    <time>2022-10-02T19:16:54Z</time>
   </trkpt>
   <trkpt lat="44.1418300" lon="-73.7995600">
    <ele>451.9</ele>
    <time>2022-10-02T19:17:13Z</time>
   </trkpt>
   <trkpt lat="44.1418500" lon="-73.7995300">
    <ele>451.9</ele>
    <time>2022-10-02T19:17:19Z</time>
   </trkpt>
   <trkpt lat="44.1418300" lon="-73.7994900">
    <ele>451.9</ele>
    <time>2022-10-02T19:17:25Z</time>
   </trkpt>
   <trkpt lat="44.1418100" lon="-73.7994600">
    <ele>451.9</ele>
    <time>2022-10-02T19:17:36Z</time>
   </trkpt>
   <trkpt lat="44.1417900" lon="-73.7994300">
    <ele>451.8</ele>
    <time>2022-10-02T19:17:42Z</time>
   </trkpt>
   <trkpt lat="44.1417900" lon="-73.7993900">
    <ele>451.8</ele>
    <time>2022-10-02T19:17:55Z</time>
   </trkpt>
   <trkpt lat="44.1417900" lon="-73.7993400">
    <ele>451.6</ele>
    <time>2022-10-02T19:17:59Z</time>
   </trkpt>
   <trkpt lat="44.1417900" lon="-73.7993000">
    <ele>451.5</ele>
    <time>2022-10-02T19:18:03Z</time>
   </trkpt>
   <trkpt lat="44.1418300" lon="-73.7992700">
    <ele>451.4</ele>
    <time>2022-10-02T19:18:06Z</time>
   </trkpt>
   <trkpt lat="44.1418500" lon="-73.7992400">
    <ele>451.2</ele>
    <time>2022-10-02T19:18:09Z</time>
   </trkpt>
   <trkpt lat="44.1418500" lon="-73.7991900">
    <ele>451.1</ele>
    <time>2022-10-02T19:18:19Z</time>
   </trkpt>
   <trkpt lat="44.1418500" lon="-73.7991500">
    <ele>451.0</ele>
    <time>2022-10-02T19:18:23Z</time>
   </trkpt>
   <trkpt lat="44.1418400" lon="-73.7991100">
    <ele>450.9</ele>
    <time>2022-10-02T19:18:27Z</time>
   </trkpt>
   <trkpt lat="44.1418500" lon="-73.7990700">
    <ele>450.8</ele>
    <time>2022-10-02T19:18:31Z</time>
   </trkpt>
   <trkpt lat="44.1418700" lon="-73.7990300">
    <ele>450.7</ele>
    <time>2022-10-02T19:18:35Z</time>
   </trkpt>
   <trkpt lat="44.1418800" lon="-73.7989800">
    <ele>450.7</ele>
    <time>2022-10-02T19:18:38Z</time>
   </trkpt>
   <trkpt lat="44.1419000" lon="-73.7989500">
    <ele>450.6</ele>
    <time>2022-10-02T19:18:40Z</time>
   </trkpt>
   <trkpt lat="44.1419300" lon="-73.7989300">
    <ele>450.5</ele>
    <time>2022-10-02T19:18:42Z</time>
   </trkpt>
   <trkpt lat="44.1419500" lon="-73.7989000">
    <ele>450.5</ele>
    <time>2022-10-02T19:18:45Z</time>
   </trkpt>
   <trkpt lat="44.1419800" lon="-73.7988600">
    <ele>450.3</ele>
    <time>2022-10-02T19:18:48Z</time>
   </trkpt>
   <trkpt lat="44.1420100" lon="-73.7988500">
    <ele>450.2</ele>
    <time>2022-10-02T19:18:50Z</time>
   </trkpt>
   <trkpt lat="44.1420400" lon="-73.7988300">
    <ele>450.1</ele>
    <time>2022-10-02T19:18:54Z</time>
   </trkpt>
   <trkpt lat="44.1420700" lon="-73.7988000">
    <ele>450.0</ele>
    <time>2022-10-02T19:18:56Z</time>
   </trkpt>
   <trkpt lat="44.1421000" lon="-73.7987800">
    <ele>449.9</ele>
    <time>2022-10-02T19:18:59Z</time>
   </trkpt>
   <trkpt lat="44.1421300" lon="-73.7987800">
    <ele>449.8</ele>
    <time>2022-10-02T19:19:02Z</time>
   </trkpt>
   <trkpt lat="44.1421600" lon="-73.7987600">
    <ele>449.8</ele>
    <time>2022-10-02T19:19:08Z</time>
   </trkpt>
   <trkpt lat="44.1421900" lon="-73.7987500">
    <ele>449.9</ele>
    <time>2022-10-02T19:19:12Z</time>
   </trkpt>
   <trkpt lat="44.1422100" lon="-73.7987100">
    <ele>450.0</ele>
    <time>2022-10-02T19:19:15Z</time>
   </trkpt>
   <trkpt lat="44.1422300" lon="-73.7986700">
    <ele>450.2</ele>
    <time>2022-10-02T19:19:17Z</time>
   </trkpt>
   <trkpt lat="44.1422400" lon="-73.7986400">
    <ele>450.3</ele>
    <time>2022-10-02T19:19:19Z</time>
   </trkpt>
   <trkpt lat="44.1422700" lon="-73.7986000">
    <ele>450.6</ele>
    <time>2022-10-02T19:19:22Z</time>
   </trkpt>
   <trkpt lat="44.1422800" lon="-73.7985500">
    <ele>450.8</ele>
    <time>2022-10-02T19:19:25Z</time>
   </trkpt>
   <trkpt lat="44.1422900" lon="-73.7985100">
    <ele>450.9</ele>
    <time>2022-10-02T19:19:29Z</time>
   </trkpt>
   <trkpt lat="44.1423200" lon="-73.7984800">
    <ele>451.0</ele>
    <time>2022-10-02T19:19:33Z</time>
   </trkpt>
   <trkpt lat="44.1423500" lon="-73.7984600">
    <ele>451.1</ele>
    <time>2022-10-02T19:19:35Z</time>
   </trkpt>
   <trkpt lat="44.1423600" lon="-73.7984200">
    <ele>451.2</ele>
    <time>2022-10-02T19:19:38Z</time>
   </trkpt>
   <trkpt lat="44.1423700" lon="-73.7983800">
    <ele>451.2</ele>
    <time>2022-10-02T19:19:42Z</time>
   </trkpt>
   <trkpt lat="44.1423600" lon="-73.7983300">
    <ele>451.1</ele>
    <time>2022-10-02T19:19:46Z</time>
   </trkpt>
   <trkpt lat="44.1423700" lon="-73.7982800">
    <ele>451.0</ele>
    <time>2022-10-02T19:19:50Z</time>
   </trkpt>
   <trkpt lat="44.1423900" lon="-73.7982300">
    <ele>450.8</ele>
    <time>2022-10-02T19:19:53Z</time>
   </trkpt>
   <trkpt lat="44.1424100" lon="-73.7982100">
    <ele>450.6</ele>
    <time>2022-10-02T19:19:55Z</time>
   </trkpt>
   <trkpt lat="44.1424200" lon="-73.7981700">
    <ele>450.4</ele>
    <time>2022-10-02T19:19:59Z</time>
   </trkpt>
   <trkpt lat="44.1424300" lon="-73.7981200">
    <ele>450.2</ele>
    <time>2022-10-02T19:20:03Z</time>
   </trkpt>
   <trkpt lat="44.1424500" lon="-73.7980900">
    <ele>450.0</ele>
    <time>2022-10-02T19:20:06Z</time>
   </trkpt>
   <trkpt lat="44.1424500" lon="-73.7980400">
    <ele>449.8</ele>
    <time>2022-10-02T19:20:09Z</time>
   </trkpt>
   <trkpt lat="44.1424500" lon="-73.7979900">
    <ele>449.6</ele>
    <time>2022-10-02T19:20:11Z</time>
   </trkpt>
   <trkpt lat="44.1424600" lon="-73.7979500">
    <ele>449.5</ele>
    <time>2022-10-02T19:20:13Z</time>
   </trkpt>
   <trkpt lat="44.1424700" lon="-73.7979000">
    <ele>449.3</ele>
    <time>2022-10-02T19:20:16Z</time>
   </trkpt>
   <trkpt lat="44.1424700" lon="-73.7978500">
    <ele>449.1</ele>
    <time>2022-10-02T19:20:19Z</time>
   </trkpt>
   <trkpt lat="44.1424700" lon="-73.7978000">
    <ele>449.0</ele>
    <time>2022-10-02T19:20:22Z</time>
   </trkpt>
   <trkpt lat="44.1424700" lon="-73.7977600">
    <ele>448.8</ele>
    <time>2022-10-02T19:20:25Z</time>
   </trkpt>
   <trkpt lat="44.1424700" lon="-73.7977100">
    <ele>448.7</ele>
    <time>2022-10-02T19:20:28Z</time>
   </trkpt>
   <trkpt lat="44.1424800" lon="-73.7976700">
    <ele>448.6</ele>
    <time>2022-10-02T19:20:30Z</time>
   </trkpt>
   <trkpt lat="44.1424800" lon="-73.7976200">
    <ele>448.4</ele>
    <time>2022-10-02T19:20:33Z</time>
   </trkpt>
   <trkpt lat="44.1424900" lon="-73.7975800">
    <ele>448.3</ele>
    <time>2022-10-02T19:20:36Z</time>
   </trkpt>
   <trkpt lat="44.1425200" lon="-73.7975300">
    <ele>448.1</ele>
    <time>2022-10-02T19:20:39Z</time>
   </trkpt>
   <trkpt lat="44.1425300" lon="-73.7974800">
    <ele>448.0</ele>
    <time>2022-10-02T19:20:42Z</time>
   </trkpt>
   <trkpt lat="44.1425200" lon="-73.7974400">
    <ele>447.9</ele>
    <time>2022-10-02T19:20:46Z</time>
   </trkpt>
   <trkpt lat="44.1425200" lon="-73.7974000">
    <ele>447.8</ele>
    <time>2022-10-02T19:20:51Z</time>
   </trkpt>
   <trkpt lat="44.1425300" lon="-73.7973600">
    <ele>447.7</ele>
    <time>2022-10-02T19:20:54Z</time>
   </trkpt>
   <trkpt lat="44.1425400" lon="-73.7973100">
    <ele>447.6</ele>
    <time>2022-10-02T19:20:57Z</time>
   </trkpt>
   <trkpt lat="44.1425500" lon="-73.7972700">
    <ele>447.5</ele>
    <time>2022-10-02T19:21:00Z</time>
   </trkpt>
   <trkpt lat="44.1425500" lon="-73.7972300">
    <ele>447.4</ele>
    <time>2022-10-02T19:21:03Z</time>
   </trkpt>
   <trkpt lat="44.1425500" lon="-73.7971800">
    <ele>447.3</ele>
    <time>2022-10-02T19:21:06Z</time>
   </trkpt>
   <trkpt lat="44.1425500" lon="-73.7971200">
    <ele>447.1</ele>
    <time>2022-10-02T19:21:09Z</time>
   </trkpt>
   <trkpt lat="44.1425500" lon="-73.7970800">
    <ele>446.8</ele>
    <time>2022-10-02T19:21:12Z</time>
   </trkpt>
   <trkpt lat="44.1425500" lon="-73.7970300">
    <ele>446.5</ele>
    <time>2022-10-02T19:21:15Z</time>
   </trkpt>
   <trkpt lat="44.1425600" lon="-73.7969900">
    <ele>446.2</ele>
    <time>2022-10-02T19:21:18Z</time>
   </trkpt>
   <trkpt lat="44.1425800" lon="-73.7969500">
    <ele>445.8</ele>
    <time>2022-10-02T19:21:21Z</time>
   </trkpt>
   <trkpt lat="44.1425900" lon="-73.7969000">
    <ele>445.4</ele>
    <time>2022-10-02T19:21:24Z</time>
   </trkpt>
   <trkpt lat="44.1426000" lon="-73.7968600">
    <ele>445.1</ele>
    <time>2022-10-02T19:21:27Z</time>
   </trkpt>
   <trkpt lat="44.1426000" lon="-73.7968100">
    <ele>444.7</ele>
    <time>2022-10-02T19:21:30Z</time>
   </trkpt>
   <trkpt lat="44.1426100" lon="-73.7967600">
    <ele>444.3</ele>
    <time>2022-10-02T19:21:33Z</time>
   </trkpt>
   <trkpt lat="44.1426100" lon="-73.7967000">
    <ele>443.8</ele>
    <time>2022-10-02T19:21:36Z</time>
   </trkpt>
   <trkpt lat="44.1426100" lon="-73.7966600">
    <ele>443.5</ele>
    <time>2022-10-02T19:21:39Z</time>
   </trkpt>
   <trkpt lat="44.1426200" lon="-73.7966100">
    <ele>443.1</ele>
    <time>2022-10-02T19:21:42Z</time>
   </trkpt>
   <trkpt lat="44.1426200" lon="-73.7965600">
    <ele>442.7</ele>
    <time>2022-10-02T19:21:45Z</time>
   </trkpt>
   <trkpt lat="44.1426300" lon="-73.7965200">
    <ele>442.4</ele>
    <time>2022-10-02T19:21:48Z</time>
   </trkpt>
   <trkpt lat="44.1426400" lon="-73.7964800">
    <ele>442.1</ele>
    <time>2022-10-02T19:21:50Z</time>
   </trkpt>
   <trkpt lat="44.1426600" lon="-73.7964400">
    <ele>441.8</ele>
    <time>2022-10-02T19:21:53Z</time>
   </trkpt>
   <trkpt lat="44.1426800" lon="-73.7963900">
    <ele>441.4</ele>
    <time>2022-10-02T19:21:56Z</time>
   </trkpt>
   <trkpt lat="44.1426900" lon="-73.7963400">
    <ele>441.1</ele>
    <time>2022-10-02T19:21:59Z</time>
   </trkpt>
   <trkpt lat="44.1427000" lon="-73.7963100">
    <ele>441.0</ele>
    <time>2022-10-02T19:22:02Z</time>
   </trkpt>
   <trkpt lat="44.1427100" lon="-73.7962600">
    <ele>440.7</ele>
    <time>2022-10-02T19:22:05Z</time>
   </trkpt>
   <trkpt lat="44.1427300" lon="-73.7962200">
    <ele>440.4</ele>
    <time>2022-10-02T19:22:08Z</time>
   </trkpt>
   <trkpt lat="44.1427500" lon="-73.7961900">
    <ele>440.1</ele>
    <time>2022-10-02T19:22:12Z</time>
   </trkpt>
   <trkpt lat="44.1427600" lon="-73.7961400">
    <ele>439.8</ele>
    <time>2022-10-02T19:22:15Z</time>
   </trkpt>
   <trkpt lat="44.1427700" lon="-73.7961100">
    <ele>439.6</ele>
    <time>2022-10-02T19:22:18Z</time>
   </trkpt>
   <trkpt lat="44.1427700" lon="-73.7960600">
    <ele>439.3</ele>
    <time>2022-10-02T19:22:21Z</time>
   </trkpt>
   <trkpt lat="44.1427700" lon="-73.7960200">
    <ele>439.0</ele>
    <time>2022-10-02T19:22:26Z</time>
   </trkpt>
   <trkpt lat="44.1427500" lon="-73.7959800">
    <ele>438.8</ele>
    <time>2022-10-02T19:22:30Z</time>
   </trkpt>
   <trkpt lat="44.1427400" lon="-73.7959300">
    <ele>438.5</ele>
    <time>2022-10-02T19:22:33Z</time>
   </trkpt>
   <trkpt lat="44.1427300" lon="-73.7958900">
    <ele>438.3</ele>
    <time>2022-10-02T19:22:36Z</time>
   </trkpt>
   <trkpt lat="44.1427200" lon="-73.7958500">
    <ele>438.2</ele>
    <time>2022-10-02T19:22:39Z</time>
   </trkpt>
   <trkpt lat="44.1427100" lon="-73.7958100">
    <ele>438.1</ele>
    <time>2022-10-02T19:22:43Z</time>
   </trkpt>
   <trkpt lat="44.1427000" lon="-73.7957700">
    <ele>438.0</ele>
    <time>2022-10-02T19:22:46Z</time>
   </trkpt>
   <trkpt lat="44.1426900" lon="-73.7957200">
    <ele>437.9</ele>
    <time>2022-10-02T19:22:49Z</time>
   </trkpt>
   <trkpt lat="44.1426700" lon="-73.7956800">
    <ele>437.8</ele>
    <time>2022-10-02T19:22:53Z</time>
   </trkpt>
   <trkpt lat="44.1426600" lon="-73.7956400">
    <ele>437.8</ele>
    <time>2022-10-02T19:22:56Z</time>
   </trkpt>
   <trkpt lat="44.1426500" lon="-73.7956000">
    <ele>437.7</ele>
    <time>2022-10-02T19:23:00Z</time>
   </trkpt>
   <trkpt lat="44.1426500" lon="-73.7955500">
    <ele>437.7</ele>
    <time>2022-10-02T19:23:03Z</time>
   </trkpt>
   <trkpt lat="44.1426500" lon="-73.7955100">
    <ele>437.6</ele>
    <time>2022-10-02T19:23:06Z</time>
   </trkpt>
   <trkpt lat="44.1426700" lon="-73.7954500">
    <ele>437.3</ele>
    <time>2022-10-02T19:23:09Z</time>
   </trkpt>
   <trkpt lat="44.1426800" lon="-73.7954100">
    <ele>437.1</ele>
    <time>2022-10-02T19:23:12Z</time>
   </trkpt>
   <trkpt lat="44.1426900" lon="-73.7953500">
    <ele>436.8</ele>
    <time>2022-10-02T19:23:15Z</time>
   </trkpt>
   <trkpt lat="44.1426900" lon="-73.7953200">
    <ele>436.6</ele>
    <time>2022-10-02T19:23:17Z</time>
   </trkpt>
   <trkpt lat="44.1427000" lon="-73.7952600">
    <ele>436.3</ele>
    <time>2022-10-02T19:23:20Z</time>
   </trkpt>
   <trkpt lat="44.1427100" lon="-73.7952100">
    <ele>436.0</ele>
    <time>2022-10-02T19:23:23Z</time>
   </trkpt>
   <trkpt lat="44.1427100" lon="-73.7951700">
    <ele>435.9</ele>
    <time>2022-10-02T19:23:26Z</time>
   </trkpt>
   <trkpt lat="44.1427200" lon="-73.7951200">
    <ele>435.7</ele>
    <time>2022-10-02T19:23:29Z</time>
   </trkpt>
   <trkpt lat="44.1427200" lon="-73.7950800">
    <ele>435.5</ele>
    <time>2022-10-02T19:23:32Z</time>
   </trkpt>
   <trkpt lat="44.1427100" lon="-73.7950300">
    <ele>435.4</ele>
    <time>2022-10-02T19:23:35Z</time>
   </trkpt>
   <trkpt lat="44.1427100" lon="-73.7949800">
    <ele>435.2</ele>
    <time>2022-10-02T19:23:38Z</time>
   </trkpt>
   <trkpt lat="44.1427100" lon="-73.7949300">
    <ele>435.1</ele>
    <time>2022-10-02T19:23:41Z</time>
   </trkpt>
   <trkpt lat="44.1427100" lon="-73.7948900">
    <ele>435.1</ele>
    <time>2022-10-02T19:23:44Z</time>
   </trkpt>
   <trkpt lat="44.1427000" lon="-73.7948400">
    <ele>435.0</ele>
    <time>2022-10-02T19:23:47Z</time>
   </trkpt>
   <trkpt lat="44.1427000" lon="-73.7948000">
    <ele>435.0</ele>
    <time>2022-10-02T19:23:49Z</time>
   </trkpt>
   <trkpt lat="44.1427000" lon="-73.7947600">
    <ele>435.0</ele>
    <time>2022-10-02T19:23:52Z</time>
   </trkpt>
   <trkpt lat="44.1427000" lon="-73.7947200">
    <ele>435.0</ele>
    <time>2022-10-02T19:23:55Z</time>
   </trkpt>
   <trkpt lat="44.1426900" lon="-73.7946700">
    <ele>434.9</ele>
    <time>2022-10-02T19:23:58Z</time>
   </trkpt>
   <trkpt lat="44.1426800" lon="-73.7946300">
    <ele>434.9</ele>
    <time>2022-10-02T19:24:02Z</time>
   </trkpt>
   <trkpt lat="44.1426600" lon="-73.7946000">
    <ele>434.9</ele>
    <time>2022-10-02T19:24:05Z</time>
   </trkpt>
   <trkpt lat="44.1426400" lon="-73.7945700">
    <ele>434.9</ele>
    <time>2022-10-02T19:24:08Z</time>
   </trkpt>
   <trkpt lat="44.1426200" lon="-73.7945400">
    <ele>434.8</ele>
    <time>2022-10-02T19:24:11Z</time>
   </trkpt>
   <trkpt lat="44.1425900" lon="-73.7945200">
    <ele>434.8</ele>
    <time>2022-10-02T19:24:14Z</time>
   </trkpt>
   <trkpt lat="44.1425700" lon="-73.7944800">
    <ele>434.8</ele>
    <time>2022-10-02T19:24:17Z</time>
   </trkpt>
   <trkpt lat="44.1425500" lon="-73.7944400">
    <ele>434.7</ele>
    <time>2022-10-02T19:24:20Z</time>
   </trkpt>
   <trkpt lat="44.1425400" lon="-73.7944000">
    <ele>434.7</ele>
    <time>2022-10-02T19:24:23Z</time>
   </trkpt>
   <trkpt lat="44.1425100" lon="-73.7943700">
    <ele>434.7</ele>
    <time>2022-10-02T19:24:26Z</time>
   </trkpt>
   <trkpt lat="44.1425000" lon="-73.7943300">
    <ele>434.7</ele>
    <time>2022-10-02T19:24:29Z</time>
   </trkpt>
   <trkpt lat="44.1425100" lon="-73.7942900">
    <ele>434.7</ele>
    <time>2022-10-02T19:24:35Z</time>
   </trkpt>
   <trkpt lat="44.1424800" lon="-73.7942600">
    <ele>434.7</ele>
    <time>2022-10-02T19:24:42Z</time>
   </trkpt>
   <trkpt lat="44.1424500" lon="-73.7942600">
    <ele>434.7</ele>
    <time>2022-10-02T19:24:45Z</time>
   </trkpt>
   <trkpt lat="44.1424100" lon="-73.7942600">
    <ele>434.7</ele>
    <time>2022-10-02T19:24:48Z</time>
   </trkpt>
   <trkpt lat="44.1423800" lon="-73.7942700">
    <ele>434.8</ele>
    <time>2022-10-02T19:24:51Z</time>
   </trkpt>
   <trkpt lat="44.1423400" lon="-73.7942700">
    <ele>434.8</ele>
    <time>2022-10-02T19:24:54Z</time>
   </trkpt>
   <trkpt lat="44.1423100" lon="-73.7942700">
    <ele>434.9</ele>
    <time>2022-10-02T19:24:56Z</time>
   </trkpt>
   <trkpt lat="44.1422800" lon="-73.7942600">
    <ele>435.0</ele>
    <time>2022-10-02T19:24:58Z</time>
   </trkpt>
   <trkpt lat="44.1422500" lon="-73.7942600">
    <ele>435.0</ele>
    <time>2022-10-02T19:25:01Z</time>
   </trkpt>
   <trkpt lat="44.1422200" lon="-73.7942600">
    <ele>435.1</ele>
    <time>2022-10-02T19:25:04Z</time>
   </trkpt>
   <trkpt lat="44.1421800" lon="-73.7942600">
    <ele>435.2</ele>
    <time>2022-10-02T19:25:07Z</time>
   </trkpt>
   <trkpt lat="44.1421500" lon="-73.7942600">
    <ele>435.3</ele>
    <time>2022-10-02T19:25:10Z</time>
   </trkpt>
   <trkpt lat="44.1421200" lon="-73.7942700">
    <ele>435.4</ele>
    <time>2022-10-02T19:25:12Z</time>
   </trkpt>
   <trkpt lat="44.1420900" lon="-73.7942600">
    <ele>435.6</ele>
    <time>2022-10-02T19:25:16Z</time>
   </trkpt>
   <trkpt lat="44.1420600" lon="-73.7942400">
    <ele>435.7</ele>
    <time>2022-10-02T19:25:21Z</time>
   </trkpt>
   <trkpt lat="44.1420400" lon="-73.7942500">
    <ele>435.8</ele>
    <time>2022-10-02T19:25:28Z</time>
   </trkpt>
   <trkpt lat="44.1420000" lon="-73.7942600">
    <ele>436.0</ele>
    <time>2022-10-02T19:25:33Z</time>
   </trkpt>
   <trkpt lat="44.1419600" lon="-73.7942600">
    <ele>436.2</ele>
    <time>2022-10-02T19:25:36Z</time>
   </trkpt>
   <trkpt lat="44.1419400" lon="-73.7942500">
    <ele>436.3</ele>
    <time>2022-10-02T19:25:38Z</time>
   </trkpt>
   <trkpt lat="44.1418900" lon="-73.7942500">
    <ele>436.4</ele>
    <time>2022-10-02T19:25:41Z</time>
   </trkpt>
   <trkpt lat="44.1418700" lon="-73.7942500">
    <ele>436.5</ele>
    <time>2022-10-02T19:25:45Z</time>
   </trkpt>
   <trkpt lat="44.1418300" lon="-73.7942500">
    <ele>436.7</ele>
    <time>2022-10-02T19:25:49Z</time>
   </trkpt>
   <trkpt lat="44.1418000" lon="-73.7942500">
    <ele>436.8</ele>
    <time>2022-10-02T19:25:53Z</time>
   </trkpt>
   <trkpt lat="44.1417600" lon="-73.7942600">
    <ele>436.9</ele>
    <time>2022-10-02T19:25:56Z</time>
   </trkpt>
   <trkpt lat="44.1417300" lon="-73.7942500">
    <ele>437.1</ele>
    <time>2022-10-02T19:25:58Z</time>
   </trkpt>
   <trkpt lat="44.1416900" lon="-73.7942500">
    <ele>437.2</ele>
    <time>2022-10-02T19:26:01Z</time>
   </trkpt>
   <trkpt lat="44.1416600" lon="-73.7942400">
    <ele>437.3</ele>
    <time>2022-10-02T19:26:03Z</time>
   </trkpt>
   <trkpt lat="44.1416200" lon="-73.7942400">
    <ele>437.5</ele>
    <time>2022-10-02T19:26:06Z</time>
   </trkpt>
   <trkpt lat="44.1415900" lon="-73.7942400">
    <ele>437.6</ele>
    <time>2022-10-02T19:26:08Z</time>
   </trkpt>
   <trkpt lat="44.1415700" lon="-73.7942400">
    <ele>437.7</ele>
    <time>2022-10-02T19:26:11Z</time>
   </trkpt>
   <trkpt lat="44.1415400" lon="-73.7942400">
    <ele>437.8</ele>
    <time>2022-10-02T19:26:15Z</time>
   </trkpt>
   <trkpt lat="44.1415100" lon="-73.7942300">
    <ele>438.0</ele>
    <time>2022-10-02T19:26:19Z</time>
   </trkpt>
   <trkpt lat="44.1414700" lon="-73.7942200">
    <ele>438.2</ele>
    <time>2022-10-02T19:26:25Z</time>
   </trkpt>
   <trkpt lat="44.1414400" lon="-73.7942200">
    <ele>438.3</ele>
    <time>2022-10-02T19:26:29Z</time>
   </trkpt>
   <trkpt lat="44.1414000" lon="-73.7942300">
    <ele>438.5</ele>
    <time>2022-10-02T19:26:32Z</time>
   </trkpt>
   <trkpt lat="44.1413700" lon="-73.7942400">
    <ele>438.6</ele>
    <time>2022-10-02T19:26:35Z</time>
   </trkpt>
   <trkpt lat="44.1413300" lon="-73.7942400">
    <ele>438.8</ele>
    <time>2022-10-02T19:26:38Z</time>
   </trkpt>
   <trkpt lat="44.1413000" lon="-73.7942500">
    <ele>439.0</ele>
    <time>2022-10-02T19:26:41Z</time>
   </trkpt>
   <trkpt lat="44.1412600" lon="-73.7942700">
    <ele>439.1</ele>
    <time>2022-10-02T19:26:44Z</time>
   </trkpt>
   <trkpt lat="44.1412300" lon="-73.7942800">
    <ele>439.2</ele>
    <time>2022-10-02T19:26:46Z</time>
   </trkpt>
   <trkpt lat="44.1412000" lon="-73.7942900">
    <ele>439.2</ele>
    <time>2022-10-02T19:26:48Z</time>
   </trkpt>
   <trkpt lat="44.1411700" lon="-73.7943000">
    <ele>439.1</ele>
    <time>2022-10-02T19:26:51Z</time>
   </trkpt>
   <trkpt lat="44.1411200" lon="-73.7942900">
    <ele>439.1</ele>
    <time>2022-10-02T19:26:56Z</time>
   </trkpt>
   <trkpt lat="44.1411000" lon="-73.7942800">
    <ele>439.1</ele>
    <time>2022-10-02T19:26:58Z</time>
   </trkpt>
   <trkpt lat="44.1410700" lon="-73.7942700">
    <ele>439.0</ele>
    <time>2022-10-02T19:27:00Z</time>
   </trkpt>
   <trkpt lat="44.1410400" lon="-73.7942500">
    <ele>439.0</ele>
    <time>2022-10-02T19:27:03Z</time>
   </trkpt>
   <trkpt lat="44.1410100" lon="-73.7942200">
    <ele>438.9</ele>
    <time>2022-10-02T19:27:06Z</time>
   </trkpt>
   <trkpt lat="44.1409800" lon="-73.7941900">
    <ele>438.8</ele>
    <time>2022-10-02T19:27:09Z</time>
   </trkpt>
   <trkpt lat="44.1409600" lon="-73.7941800">
    <ele>438.8</ele>
    <time>2022-10-02T19:27:12Z</time>
   </trkpt>
   <trkpt lat="44.1409300" lon="-73.7941300">
    <ele>438.6</ele>
    <time>2022-10-02T19:27:16Z</time>
   </trkpt>
   <trkpt lat="44.1409000" lon="-73.7941200">
    <ele>438.4</ele>
    <time>2022-10-02T19:27:20Z</time>
   </trkpt>
   <trkpt lat="44.1408700" lon="-73.7941000">
    <ele>438.2</ele>
    <time>2022-10-02T19:27:24Z</time>
   </trkpt>
   <trkpt lat="44.1408400" lon="-73.7940800">
    <ele>437.9</ele>
    <time>2022-10-02T19:27:28Z</time>
   </trkpt>
   <trkpt lat="44.1408500" lon="-73.7940300">
    <ele>437.6</ele>
    <time>2022-10-02T19:27:31Z</time>
   </trkpt>
   <trkpt lat="44.1408600" lon="-73.7939800">
    <ele>437.4</ele>
    <time>2022-10-02T19:27:33Z</time>
   </trkpt>
   <trkpt lat="44.1408700" lon="-73.7939300">
    <ele>437.4</ele>
    <time>2022-10-02T19:27:35Z</time>
   </trkpt>
   <trkpt lat="44.1408700" lon="-73.7938900">
    <ele>437.4</ele>
    <time>2022-10-02T19:27:37Z</time>
   </trkpt>
   <trkpt lat="44.1408800" lon="-73.7938400">
    <ele>437.4</ele>
    <time>2022-10-02T19:27:40Z</time>
   </trkpt>
   <trkpt lat="44.1408900" lon="-73.7937900">
    <ele>437.4</ele>
    <time>2022-10-02T19:27:42Z</time>
   </trkpt>
   <trkpt lat="44.1409000" lon="-73.7937600">
    <ele>437.4</ele>
    <time>2022-10-02T19:27:44Z</time>
   </trkpt>
   <trkpt lat="44.1409200" lon="-73.7937200">
    <ele>437.4</ele>
    <time>2022-10-02T19:27:46Z</time>
   </trkpt>
   <trkpt lat="44.1409400" lon="-73.7936900">
    <ele>437.5</ele>
    <time>2022-10-02T19:27:49Z</time>
   </trkpt>
   <trkpt lat="44.1409500" lon="-73.7936500">
    <ele>437.5</ele>
    <time>2022-10-02T19:27:53Z</time>
   </trkpt>
   <trkpt lat="44.1409700" lon="-73.7936100">
    <ele>437.5</ele>
    <time>2022-10-02T19:27:56Z</time>
   </trkpt>
   <trkpt lat="44.1409900" lon="-73.7935700">
    <ele>437.5</ele>
    <time>2022-10-02T19:27:58Z</time>
   </trkpt>
   <trkpt lat="44.1410100" lon="-73.7935300">
    <ele>437.6</ele>
    <time>2022-10-02T19:28:01Z</time>
   </trkpt>
   <trkpt lat="44.1410200" lon="-73.7934900">
    <ele>437.6</ele>
    <time>2022-10-02T19:28:03Z</time>
   </trkpt>
   <trkpt lat="44.1410400" lon="-73.7934500">
    <ele>437.7</ele>
    <time>2022-10-02T19:28:06Z</time>
   </trkpt>
   <trkpt lat="44.1410600" lon="-73.7934100">
    <ele>437.8</ele>
    <time>2022-10-02T19:28:09Z</time>
   </trkpt>
   <trkpt lat="44.1410800" lon="-73.7933800">
    <ele>437.8</ele>
    <time>2022-10-02T19:28:12Z</time>
   </trkpt>
   <trkpt lat="44.1411000" lon="-73.7933400">
    <ele>437.9</ele>
    <time>2022-10-02T19:28:15Z</time>
   </trkpt>
   <trkpt lat="44.1411300" lon="-73.7933000">
    <ele>438.1</ele>
    <time>2022-10-02T19:28:18Z</time>
   </trkpt>
   <trkpt lat="44.1411400" lon="-73.7932600">
    <ele>438.2</ele>
    <time>2022-10-02T19:28:21Z</time>
   </trkpt>
   <trkpt lat="44.1411600" lon="-73.7932200">
    <ele>438.3</ele>
    <time>2022-10-02T19:28:24Z</time>
   </trkpt>
   <trkpt lat="44.1411800" lon="-73.7931900">
    <ele>438.4</ele>
    <time>2022-10-02T19:28:27Z</time>
   </trkpt>
   <trkpt lat="44.1412000" lon="-73.7931600">
    <ele>438.6</ele>
    <time>2022-10-02T19:28:30Z</time>
   </trkpt>
   <trkpt lat="44.1412300" lon="-73.7931300">
    <ele>438.7</ele>
    <time>2022-10-02T19:28:34Z</time>
   </trkpt>
   <trkpt lat="44.1412500" lon="-73.7931000">
    <ele>438.8</ele>
    <time>2022-10-02T19:28:37Z</time>
   </trkpt>
   <trkpt lat="44.1412800" lon="-73.7930700">
    <ele>438.9</ele>
    <time>2022-10-02T19:28:40Z</time>
   </trkpt>
   <trkpt lat="44.1413100" lon="-73.7930500">
    <ele>439.0</ele>
    <time>2022-10-02T19:28:42Z</time>
   </trkpt>
   <trkpt lat="44.1413400" lon="-73.7930300">
    <ele>439.1</ele>
    <time>2022-10-02T19:28:44Z</time>
   </trkpt>
   <trkpt lat="44.1413600" lon="-73.7930100">
    <ele>439.1</ele>
    <time>2022-10-02T19:28:46Z</time>
   </trkpt>
   <trkpt lat="44.1413800" lon="-73.7929900">
    <ele>439.1</ele>
    <time>2022-10-02T19:28:48Z</time>
   </trkpt>
   <trkpt lat="44.1414100" lon="-73.7929600">
    <ele>439.2</ele>
    <time>2022-10-02T19:28:51Z</time>
   </trkpt>
   <trkpt lat="44.1414400" lon="-73.7929400">
    <ele>439.1</ele>
    <time>2022-10-02T19:28:54Z</time>
   </trkpt>
   <trkpt lat="44.1414600" lon="-73.7929100">
    <ele>439.1</ele>
    <time>2022-10-02T19:28:57Z</time>
   </trkpt>
   <trkpt lat="44.1414900" lon="-73.7928800">
    <ele>439.1</ele>
    <time>2022-10-02T19:29:00Z</time>
   </trkpt>
   <trkpt lat="44.1415200" lon="-73.7928400">
    <ele>439.1</ele>
    <time>2022-10-02T19:29:03Z</time>
   </trkpt>
   <trkpt lat="44.1415500" lon="-73.7928000">
    <ele>439.1</ele>
    <time>2022-10-02T19:29:06Z</time>
   </trkpt>
   <trkpt lat="44.1415800" lon="-73.7927800">
    <ele>439.0</ele>
    <time>2022-10-02T19:29:09Z</time>
   </trkpt>
   <trkpt lat="44.1416200" lon="-73.7927500">
    <ele>439.0</ele>
    <time>2022-10-02T19:29:12Z</time>
   </trkpt>
   <trkpt lat="44.1416600" lon="-73.7927100">
    <ele>438.8</ele>
    <time>2022-10-02T19:29:15Z</time>
   </trkpt>
   <trkpt lat="44.1416900" lon="-73.7926800">
    <ele>438.7</ele>
    <time>2022-10-02T19:29:18Z</time>
   </trkpt>
   <trkpt lat="44.1417100" lon="-73.7926500">
    <ele>438.6</ele>
    <time>2022-10-02T19:29:20Z</time>
   </trkpt>
   <trkpt lat="44.1417300" lon="-73.7926100">
    <ele>438.5</ele>
    <time>2022-10-02T19:29:23Z</time>
   </trkpt>
   <trkpt lat="44.1417600" lon="-73.7925900">
    <ele>438.5</ele>
    <time>2022-10-02T19:29:27Z</time>
   </trkpt>
   <trkpt lat="44.1417900" lon="-73.7925700">
    <ele>438.4</ele>
    <time>2022-10-02T19:29:30Z</time>
   </trkpt>
   <trkpt lat="44.1418200" lon="-73.7925600">
    <ele>438.4</ele>
    <time>2022-10-02T19:29:33Z</time>
   </trkpt>
   <trkpt lat="44.1418500" lon="-73.7925400">
    <ele>438.4</ele>
    <time>2022-10-02T19:29:36Z</time>
   </trkpt>
   <trkpt lat="44.1418800" lon="-73.7925300">
    <ele>438.4</ele>
    <time>2022-10-02T19:29:38Z</time>
   </trkpt>
   <trkpt lat="44.1419100" lon="-73.7925200">
    <ele>438.4</ele>
    <time>2022-10-02T19:29:40Z</time>
   </trkpt>
   <trkpt lat="44.1419400" lon="-73.7925000">
    <ele>438.4</ele>
    <time>2022-10-02T19:29:43Z</time>
   </trkpt>
   <trkpt lat="44.1419700" lon="-73.7924900">
    <ele>438.4</ele>
    <time>2022-10-02T19:29:46Z</time>
   </trkpt>
   <trkpt lat="44.1420000" lon="-73.7924700">
    <ele>438.4</ele>
    <time>2022-10-02T19:29:49Z</time>
   </trkpt>
   <trkpt lat="44.1420300" lon="-73.7924500">
    <ele>438.5</ele>
    <time>2022-10-02T19:29:52Z</time>
   </trkpt>
   <trkpt lat="44.1420600" lon="-73.7924400">
    <ele>438.5</ele>
    <time>2022-10-02T19:29:55Z</time>
   </trkpt>
   <trkpt lat="44.1420900" lon="-73.7924200">
    <ele>438.6</ele>
    <time>2022-10-02T19:29:57Z</time>
   </trkpt>
   <trkpt lat="44.1421200" lon="-73.7924100">
    <ele>438.6</ele>
    <time>2022-10-02T19:29:59Z</time>
   </trkpt>
   <trkpt lat="44.1421400" lon="-73.7923900">
    <ele>438.6</ele>
    <time>2022-10-02T19:30:01Z</time>
   </trkpt>
   <trkpt lat="44.1421700" lon="-73.7923700">
    <ele>438.7</ele>
    <time>2022-10-02T19:30:03Z</time>
   </trkpt>
   <trkpt lat="44.1422000" lon="-73.7923500">
    <ele>438.7</ele>
    <time>2022-10-02T19:30:06Z</time>
   </trkpt>
   <trkpt lat="44.1422200" lon="-73.7923200">
    <ele>438.7</ele>
    <time>2022-10-02T19:30:09Z</time>
   </trkpt>
   <trkpt lat="44.1422400" lon="-73.7922900">
    <ele>438.7</ele>
    <time>2022-10-02T19:30:12Z</time>
   </trkpt>
   <trkpt lat="44.1422700" lon="-73.7922700">
    <ele>438.7</ele>
    <time>2022-10-02T19:30:17Z</time>
   </trkpt>
   <trkpt lat="44.1422900" lon="-73.7922400">
    <ele>438.7</ele>
    <time>2022-10-02T19:30:20Z</time>
   </trkpt>
   <trkpt lat="44.1423100" lon="-73.7922000">
    <ele>438.6</ele>
    <time>2022-10-02T19:30:23Z</time>
   </trkpt>
   <trkpt lat="44.1423200" lon="-73.7921500">
    <ele>438.5</ele>
    <time>2022-10-02T19:30:26Z</time>
   </trkpt>
   <trkpt lat="44.1423400" lon="-73.7921000">
    <ele>438.3</ele>
    <time>2022-10-02T19:30:29Z</time>
   </trkpt>
   <trkpt lat="44.1423500" lon="-73.7920600">
    <ele>438.1</ele>
    <time>2022-10-02T19:30:32Z</time>
   </trkpt>
   <trkpt lat="44.1423700" lon="-73.7920200">
    <ele>437.9</ele>
    <time>2022-10-02T19:30:36Z</time>
   </trkpt>
   <trkpt lat="44.1423900" lon="-73.7919800">
    <ele>437.7</ele>
    <time>2022-10-02T19:30:40Z</time>
   </trkpt>
   <trkpt lat="44.1424100" lon="-73.7919400">
    <ele>437.4</ele>
    <time>2022-10-02T19:30:43Z</time>
   </trkpt>
   <trkpt lat="44.1424200" lon="-73.7919000">
    <ele>437.1</ele>
    <time>2022-10-02T19:30:45Z</time>
   </trkpt>
   <trkpt lat="44.1424300" lon="-73.7918600">
    <ele>436.8</ele>
    <time>2022-10-02T19:30:47Z</time>
   </trkpt>
   <trkpt lat="44.1424400" lon="-73.7918100">
    <ele>436.5</ele>
    <time>2022-10-02T19:30:51Z</time>
   </trkpt>
   <trkpt lat="44.1424600" lon="-73.7917800">
    <ele>436.2</ele>
    <time>2022-10-02T19:30:54Z</time>
   </trkpt>
   <trkpt lat="44.1424700" lon="-73.7917300">
    <ele>435.8</ele>
    <time>2022-10-02T19:30:57Z</time>
   </trkpt>
   <trkpt lat="44.1424900" lon="-73.7917000">
    <ele>435.5</ele>
    <time>2022-10-02T19:31:00Z</time>
   </trkpt>
   <trkpt lat="44.1425200" lon="-73.7916700">
    <ele>435.1</ele>
    <time>2022-10-02T19:31:04Z</time>
   </trkpt>
   <trkpt lat="44.1425400" lon="-73.7916500">
    <ele>434.9</ele>
    <time>2022-10-02T19:31:06Z</time>
   </trkpt>
   <trkpt lat="44.1425500" lon="-73.7916100">
    <ele>434.6</ele>
    <time>2022-10-02T19:31:09Z</time>
   </trkpt>
   <trkpt lat="44.1425600" lon="-73.7915600">
    <ele>434.2</ele>
    <time>2022-10-02T19:31:13Z</time>
   </trkpt>
   <trkpt lat="44.1425700" lon="-73.7915200">
    <ele>433.9</ele>
    <time>2022-10-02T19:31:15Z</time>
   </trkpt>
   <trkpt lat="44.1425900" lon="-73.7914800">
    <ele>433.6</ele>
    <time>2022-10-02T19:31:18Z</time>
   </trkpt>
   <trkpt lat="44.1426100" lon="-73.7914400">
    <ele>433.4</ele>
    <time>2022-10-02T19:31:21Z</time>
   </trkpt>
   <trkpt lat="44.1426200" lon="-73.7914100">
    <ele>433.2</ele>
    <time>2022-10-02T19:31:24Z</time>
   </trkpt>
   <trkpt lat="44.1426300" lon="-73.7913600">
    <ele>432.9</ele>
    <time>2022-10-02T19:31:27Z</time>
   </trkpt>
   <trkpt lat="44.1426600" lon="-73.7913300">
    <ele>432.7</ele>
    <time>2022-10-02T19:31:30Z</time>
   </trkpt>
   <trkpt lat="44.1426800" lon="-73.7913000">
    <ele>432.5</ele>
    <time>2022-10-02T19:31:34Z</time>
   </trkpt>
   <trkpt lat="44.1427100" lon="-73.7912600">
    <ele>432.2</ele>
    <time>2022-10-02T19:31:37Z</time>
   </trkpt>
   <trkpt lat="44.1427300" lon="-73.7912300">
    <ele>432.0</ele>
    <time>2022-10-02T19:31:40Z</time>
   </trkpt>
   <trkpt lat="44.1427600" lon="-73.7912000">
    <ele>431.7</ele>
    <time>2022-10-02T19:31:44Z</time>
   </trkpt>
   <trkpt lat="44.1427800" lon="-73.7911700">
    <ele>431.5</ele>
    <time>2022-10-02T19:31:46Z</time>
   </trkpt>
   <trkpt lat="44.1428100" lon="-73.7911500">
    <ele>431.3</ele>
    <time>2022-10-02T19:31:47Z</time>
   </trkpt>
   <trkpt lat="44.1428300" lon="-73.7911200">
    <ele>431.1</ele>
    <time>2022-10-02T19:31:49Z</time>
   </trkpt>
   <trkpt lat="44.1428400" lon="-73.7910700">
    <ele>430.8</ele>
    <time>2022-10-02T19:31:51Z</time>
   </trkpt>
   <trkpt lat="44.1428700" lon="-73.7910100">
    <ele>430.5</ele>
    <time>2022-10-02T19:31:53Z</time>
   </trkpt>
   <trkpt lat="44.1429000" lon="-73.7909600">
    <ele>430.1</ele>
    <time>2022-10-02T19:31:55Z</time>
   </trkpt>
   <trkpt lat="44.1429300" lon="-73.7909200">
    <ele>429.8</ele>
    <time>2022-10-02T19:31:57Z</time>
   </trkpt>
   <trkpt lat="44.1429600" lon="-73.7909000">
    <ele>429.5</ele>
    <time>2022-10-02T19:31:59Z</time>
   </trkpt>
   <trkpt lat="44.1429900" lon="-73.7908800">
    <ele>429.3</ele>
    <time>2022-10-02T19:32:02Z</time>
   </trkpt>
   <trkpt lat="44.1429700" lon="-73.7909000">
    <ele>429.0</ele>
    <time>2022-10-02T19:32:14Z</time>
   </trkpt>
   <trkpt lat="44.1429900" lon="-73.7909100">
    <ele>428.9</ele>
    <time>2022-10-02T19:32:19Z</time>
   </trkpt>
   <trkpt lat="44.1430200" lon="-73.7908900">
    <ele>428.6</ele>
    <time>2022-10-02T19:32:22Z</time>
   </trkpt>
   <trkpt lat="44.1430500" lon="-73.7908700">
    <ele>428.3</ele>
    <time>2022-10-02T19:32:25Z</time>
   </trkpt>
   <trkpt lat="44.1430700" lon="-73.7908400">
    <ele>428.0</ele>
    <time>2022-10-02T19:32:28Z</time>
   </trkpt>
   <trkpt lat="44.1430900" lon="-73.7908100">
    <ele>427.8</ele>
    <time>2022-10-02T19:32:30Z</time>
   </trkpt>
   <trkpt lat="44.1431200" lon="-73.7907900">
    <ele>427.5</ele>
    <time>2022-10-02T19:32:33Z</time>
   </trkpt>
   <trkpt lat="44.1431500" lon="-73.7907800">
    <ele>427.3</ele>
    <time>2022-10-02T19:32:35Z</time>
   </trkpt>
   <trkpt lat="44.1431800" lon="-73.7907700">
    <ele>427.1</ele>
    <time>2022-10-02T19:32:38Z</time>
   </trkpt>
   <trkpt lat="44.1432200" lon="-73.7907600">
    <ele>426.8</ele>
    <time>2022-10-02T19:32:41Z</time>
   </trkpt>
   <trkpt lat="44.1432500" lon="-73.7907400">
    <ele>426.6</ele>
    <time>2022-10-02T19:32:44Z</time>
   </trkpt>
   <trkpt lat="44.1432800" lon="-73.7907300">
    <ele>426.5</ele>
    <time>2022-10-02T19:32:47Z</time>
   </trkpt>
   <trkpt lat="44.1433100" lon="-73.7907100">
    <ele>426.3</ele>
    <time>2022-10-02T19:32:51Z</time>
   </trkpt>
   <trkpt lat="44.1433400" lon="-73.7906900">
    <ele>426.2</ele>
    <time>2022-10-02T19:32:55Z</time>
   </trkpt>
   <trkpt lat="44.1433600" lon="-73.7906700">
    <ele>426.0</ele>
    <time>2022-10-02T19:32:59Z</time>
   </trkpt>
   <trkpt lat="44.1433900" lon="-73.7906500">
    <ele>425.9</ele>
    <time>2022-10-02T19:33:03Z</time>
   </trkpt>
   <trkpt lat="44.1434100" lon="-73.7906300">
    <ele>425.7</ele>
    <time>2022-10-02T19:33:06Z</time>
   </trkpt>
   <trkpt lat="44.1434500" lon="-73.7906100">
    <ele>425.5</ele>
    <time>2022-10-02T19:33:09Z</time>
   </trkpt>
   <trkpt lat="44.1434800" lon="-73.7906100">
    <ele>425.4</ele>
    <time>2022-10-02T19:33:12Z</time>
   </trkpt>
   <trkpt lat="44.1435100" lon="-73.7906100">
    <ele>425.2</ele>
    <time>2022-10-02T19:33:15Z</time>
   </trkpt>
   <trkpt lat="44.1435300" lon="-73.7906000">
    <ele>425.1</ele>
    <time>2022-10-02T19:33:18Z</time>
   </trkpt>
   <trkpt lat="44.1435600" lon="-73.7905900">
    <ele>424.9</ele>
    <time>2022-10-02T19:33:20Z</time>
   </trkpt>
   <trkpt lat="44.1435900" lon="-73.7905900">
    <ele>424.7</ele>
    <time>2022-10-02T19:33:22Z</time>
   </trkpt>
   <trkpt lat="44.1436300" lon="-73.7905800">
    <ele>424.4</ele>
    <time>2022-10-02T19:33:25Z</time>
   </trkpt>
   <trkpt lat="44.1436600" lon="-73.7905500">
    <ele>424.2</ele>
    <time>2022-10-02T19:33:28Z</time>
   </trkpt>
   <trkpt lat="44.1436900" lon="-73.7905300">
    <ele>424.0</ele>
    <time>2022-10-02T19:33:30Z</time>
   </trkpt>
   <trkpt lat="44.1437100" lon="-73.7905100">
    <ele>423.8</ele>
    <time>2022-10-02T19:33:32Z</time>
   </trkpt>
   <trkpt lat="44.1437400" lon="-73.7904800">
    <ele>423.6</ele>
    <time>2022-10-02T19:33:35Z</time>
   </trkpt>
   <trkpt lat="44.1437700" lon="-73.7904600">
    <ele>423.4</ele>
    <time>2022-10-02T19:33:39Z</time>
   </trkpt>
   <trkpt lat="44.1438000" lon="-73.7904500">
    <ele>423.3</ele>
    <time>2022-10-02T19:33:43Z</time>
   </trkpt>
   <trkpt lat="44.1438300" lon="-73.7904300">
    <ele>423.1</ele>
    <time>2022-10-02T19:33:47Z</time>
   </trkpt>
   <trkpt lat="44.1438500" lon="-73.7904100">
    <ele>422.9</ele>
    <time>2022-10-02T19:33:50Z</time>
   </trkpt>
   <trkpt lat="44.1438800" lon="-73.7903800">
    <ele>422.7</ele>
    <time>2022-10-02T19:33:53Z</time>
   </trkpt>
   <trkpt lat="44.1439100" lon="-73.7903600">
    <ele>422.5</ele>
    <time>2022-10-02T19:33:57Z</time>
   </trkpt>
   <trkpt lat="44.1439400" lon="-73.7903500">
    <ele>422.3</ele>
    <time>2022-10-02T19:34:00Z</time>
   </trkpt>
   <trkpt lat="44.1439800" lon="-73.7903100">
    <ele>422.1</ele>
    <time>2022-10-02T19:34:03Z</time>
   </trkpt>
   <trkpt lat="44.1440000" lon="-73.7902800">
    <ele>422.0</ele>
    <time>2022-10-02T19:34:05Z</time>
   </trkpt>
   <trkpt lat="44.1440100" lon="-73.7902500">
    <ele>421.8</ele>
    <time>2022-10-02T19:34:08Z</time>
   </trkpt>
   <trkpt lat="44.1440300" lon="-73.7902000">
    <ele>421.7</ele>
    <time>2022-10-02T19:34:13Z</time>
   </trkpt>
   <trkpt lat="44.1440600" lon="-73.7901700">
    <ele>421.5</ele>
    <time>2022-10-02T19:34:16Z</time>
   </trkpt>
   <trkpt lat="44.1440800" lon="-73.7901400">
    <ele>421.4</ele>
    <time>2022-10-02T19:34:18Z</time>
   </trkpt>
   <trkpt lat="44.1441000" lon="-73.7901100">
    <ele>421.3</ele>
    <time>2022-10-02T19:34:22Z</time>
   </trkpt>
   <trkpt lat="44.1441300" lon="-73.7900800">
    <ele>421.2</ele>
    <time>2022-10-02T19:34:25Z</time>
   </trkpt>
   <trkpt lat="44.1441500" lon="-73.7900500">
    <ele>421.0</ele>
    <time>2022-10-02T19:34:27Z</time>
   </trkpt>
   <trkpt lat="44.1441700" lon="-73.7900200">
    <ele>420.9</ele>
    <time>2022-10-02T19:34:29Z</time>
   </trkpt>
   <trkpt lat="44.1442000" lon="-73.7899900">
    <ele>420.7</ele>
    <time>2022-10-02T19:34:32Z</time>
   </trkpt>
   <trkpt lat="44.1442200" lon="-73.7899400">
    <ele>420.5</ele>
    <time>2022-10-02T19:34:35Z</time>
   </trkpt>
   <trkpt lat="44.1442400" lon="-73.7899100">
    <ele>420.3</ele>
    <time>2022-10-02T19:34:38Z</time>
   </trkpt>
   <trkpt lat="44.1442500" lon="-73.7898800">
    <ele>420.2</ele>
    <time>2022-10-02T19:34:40Z</time>
   </trkpt>
   <trkpt lat="44.1442800" lon="-73.7898600">
    <ele>420.0</ele>
    <time>2022-10-02T19:34:43Z</time>
   </trkpt>
   <trkpt lat="44.1443000" lon="-73.7898300">
    <ele>419.8</ele>
    <time>2022-10-02T19:34:46Z</time>
   </trkpt>
   <trkpt lat="44.1443200" lon="-73.7898000">
    <ele>419.6</ele>
    <time>2022-10-02T19:34:50Z</time>
   </trkpt>
   <trkpt lat="44.1443400" lon="-73.7897600">
    <ele>419.3</ele>
    <time>2022-10-02T19:34:53Z</time>
   </trkpt>
   <trkpt lat="44.1443700" lon="-73.7897200">
    <ele>419.1</ele>
    <time>2022-10-02T19:34:56Z</time>
   </trkpt>
   <trkpt lat="44.1444000" lon="-73.7896700">
    <ele>418.8</ele>
    <time>2022-10-02T19:34:58Z</time>
   </trkpt>
   <trkpt lat="44.1444200" lon="-73.7896300">
    <ele>418.6</ele>
    <time>2022-10-02T19:35:02Z</time>
   </trkpt>
   <trkpt lat="44.1444400" lon="-73.7895900">
    <ele>418.4</ele>
    <time>2022-10-02T19:35:05Z</time>
   </trkpt>
   <trkpt lat="44.1444500" lon="-73.7895500">
    <ele>418.3</ele>
    <time>2022-10-02T19:35:08Z</time>
   </trkpt>
   <trkpt lat="44.1444700" lon="-73.7895100">
    <ele>418.2</ele>
    <time>2022-10-02T19:35:12Z</time>
   </trkpt>
   <trkpt lat="44.1444900" lon="-73.7894700">
    <ele>418.1</ele>
    <time>2022-10-02T19:35:16Z</time>
   </trkpt>
   <trkpt lat="44.1445100" lon="-73.7894300">
    <ele>418.0</ele>
    <time>2022-10-02T19:35:20Z</time>
   </trkpt>
   <trkpt lat="44.1445300" lon="-73.7893900">
    <ele>417.9</ele>
    <time>2022-10-02T19:35:23Z</time>
   </trkpt>
   <trkpt lat="44.1445500" lon="-73.7893500">
    <ele>417.8</ele>
    <time>2022-10-02T19:35:26Z</time>
   </trkpt>
   <trkpt lat="44.1445800" lon="-73.7893300">
    <ele>417.7</ele>
    <time>2022-10-02T19:35:29Z</time>
   </trkpt>
   <trkpt lat="44.1446000" lon="-73.7892900">
    <ele>417.6</ele>
    <time>2022-10-02T19:35:32Z</time>
   </trkpt>
   <trkpt lat="44.1446200" lon="-73.7892700">
    <ele>417.5</ele>
    <time>2022-10-02T19:35:35Z</time>
   </trkpt>
   <trkpt lat="44.1446500" lon="-73.7892400">
    <ele>417.4</ele>
    <time>2022-10-02T19:35:38Z</time>
   </trkpt>
   <trkpt lat="44.1446800" lon="-73.7892200">
    <ele>417.3</ele>
    <time>2022-10-02T19:35:41Z</time>
   </trkpt>
   <trkpt lat="44.1447000" lon="-73.7892000">
    <ele>417.2</ele>
    <time>2022-10-02T19:35:43Z</time>
   </trkpt>
   <trkpt lat="44.1447300" lon="-73.7891700">
    <ele>417.1</ele>
    <time>2022-10-02T19:35:46Z</time>
   </trkpt>
   <trkpt lat="44.1447500" lon="-73.7891300">
    <ele>417.0</ele>
    <time>2022-10-02T19:35:49Z</time>
   </trkpt>
   <trkpt lat="44.1447700" lon="-73.7891000">
    <ele>416.9</ele>
    <time>2022-10-02T19:35:52Z</time>
   </trkpt>
   <trkpt lat="44.1448000" lon="-73.7890600">
    <ele>416.8</ele>
    <time>2022-10-02T19:35:56Z</time>
   </trkpt>
   <trkpt lat="44.1448300" lon="-73.7890400">
    <ele>416.8</ele>
    <time>2022-10-02T19:35:59Z</time>
   </trkpt>
   <trkpt lat="44.1448600" lon="-73.7890100">
    <ele>416.7</ele>
    <time>2022-10-02T19:36:02Z</time>
   </trkpt>
   <trkpt lat="44.1448800" lon="-73.7889700">
    <ele>416.6</ele>
    <time>2022-10-02T19:36:05Z</time>
   </trkpt>
   <trkpt lat="44.1448900" lon="-73.7889300">
    <ele>416.5</ele>
    <time>2022-10-02T19:36:08Z</time>
   </trkpt>
   <trkpt lat="44.1449100" lon="-73.7888900">
    <ele>416.4</ele>
    <time>2022-10-02T19:36:11Z</time>
   </trkpt>
   <trkpt lat="44.1449200" lon="-73.7888500">
    <ele>416.3</ele>
    <time>2022-10-02T19:36:15Z</time>
   </trkpt>
   <trkpt lat="44.1449400" lon="-73.7888200">
    <ele>416.3</ele>
    <time>2022-10-02T19:36:19Z</time>
   </trkpt>
   <trkpt lat="44.1449600" lon="-73.7887900">
    <ele>416.2</ele>
    <time>2022-10-02T19:36:22Z</time>
   </trkpt>
   <trkpt lat="44.1449900" lon="-73.7887600">
    <ele>416.1</ele>
    <time>2022-10-02T19:36:24Z</time>
   </trkpt>
   <trkpt lat="44.1450100" lon="-73.7887100">
    <ele>416.0</ele>
    <time>2022-10-02T19:36:27Z</time>
   </trkpt>
   <trkpt lat="44.1450300" lon="-73.7886800">
    <ele>415.9</ele>
    <time>2022-10-02T19:36:29Z</time>
   </trkpt>
   <trkpt lat="44.1450500" lon="-73.7886600">
    <ele>415.9</ele>
    <time>2022-10-02T19:36:31Z</time>
   </trkpt>
   <trkpt lat="44.1450800" lon="-73.7886300">
    <ele>415.8</ele>
    <time>2022-10-02T19:36:33Z</time>
   </trkpt>
   <trkpt lat="44.1451200" lon="-73.7886100">
    <ele>415.7</ele>
    <time>2022-10-02T19:36:35Z</time>
   </trkpt>
   <trkpt lat="44.1451400" lon="-73.7885800">
    <ele>415.7</ele>
    <time>2022-10-02T19:36:38Z</time>
   </trkpt>
   <trkpt lat="44.1451700" lon="-73.7885500">
    <ele>415.6</ele>
    <time>2022-10-02T19:36:41Z</time>
   </trkpt>
   <trkpt lat="44.1451900" lon="-73.7885100">
    <ele>415.6</ele>
    <time>2022-10-02T19:36:45Z</time>
   </trkpt>
   <trkpt lat="44.1452200" lon="-73.7884700">
    <ele>415.5</ele>
    <time>2022-10-02T19:36:48Z</time>
   </trkpt>
   <trkpt lat="44.1452300" lon="-73.7884300">
    <ele>415.5</ele>
    <time>2022-10-02T19:36:50Z</time>
   </trkpt>
   <trkpt lat="44.1452300" lon="-73.7883800">
    <ele>415.5</ele>
    <time>2022-10-02T19:36:52Z</time>
   </trkpt>
   <trkpt lat="44.1452400" lon="-73.7883400">
    <ele>415.4</ele>
    <time>2022-10-02T19:36:55Z</time>
   </trkpt>
   <trkpt lat="44.1452500" lon="-73.7883000">
    <ele>415.4</ele>
    <time>2022-10-02T19:36:58Z</time>
   </trkpt>
   <trkpt lat="44.1452700" lon="-73.7882600">
    <ele>415.4</ele>
    <time>2022-10-02T19:37:01Z</time>
   </trkpt>
   <trkpt lat="44.1452800" lon="-73.7882300">
    <ele>415.4</ele>
    <time>2022-10-02T19:37:04Z</time>
   </trkpt>
   <trkpt lat="44.1453000" lon="-73.7882000">
    <ele>415.3</ele>
    <time>2022-10-02T19:37:07Z</time>
   </trkpt>
   <trkpt lat="44.1453200" lon="-73.7881500">
    <ele>415.2</ele>
    <time>2022-10-02T19:37:10Z</time>
   </trkpt>
   <trkpt lat="44.1453400" lon="-73.7881200">
    <ele>415.2</ele>
    <time>2022-10-02T19:37:12Z</time>
   </trkpt>
   <trkpt lat="44.1453600" lon="-73.7880900">
    <ele>415.1</ele>
    <time>2022-10-02T19:37:15Z</time>
   </trkpt>
   <trkpt lat="44.1453900" lon="-73.7880600">
    <ele>415.0</ele>
    <time>2022-10-02T19:37:18Z</time>
   </trkpt>
   <trkpt lat="44.1454200" lon="-73.7880300">
    <ele>414.9</ele>
    <time>2022-10-02T19:37:21Z</time>
   </trkpt>
   <trkpt lat="44.1454400" lon="-73.7880000">
    <ele>414.8</ele>
    <time>2022-10-02T19:37:24Z</time>
   </trkpt>
   <trkpt lat="44.1454600" lon="-73.7879600">
    <ele>414.7</ele>
    <time>2022-10-02T19:37:27Z</time>
   </trkpt>
   <trkpt lat="44.1454700" lon="-73.7879100">
    <ele>414.6</ele>
    <time>2022-10-02T19:37:30Z</time>
   </trkpt>
   <trkpt lat="44.1454900" lon="-73.7878600">
    <ele>414.4</ele>
    <time>2022-10-02T19:37:34Z</time>
   </trkpt>
   <trkpt lat="44.1455100" lon="-73.7878100">
    <ele>414.3</ele>
    <time>2022-10-02T19:37:37Z</time>
   </trkpt>
   <trkpt lat="44.1455300" lon="-73.7877800">
    <ele>414.2</ele>
    <time>2022-10-02T19:37:39Z</time>
   </trkpt>
   <trkpt lat="44.1455400" lon="-73.7877500">
    <ele>414.2</ele>
    <time>2022-10-02T19:37:42Z</time>
   </trkpt>
   <trkpt lat="44.1455600" lon="-73.7877000">
    <ele>414.1</ele>
    <time>2022-10-02T19:37:45Z</time>
   </trkpt>
   <trkpt lat="44.1455700" lon="-73.7876600">
    <ele>414.0</ele>
    <time>2022-10-02T19:37:48Z</time>
   </trkpt>
   <trkpt lat="44.1455800" lon="-73.7876200">
    <ele>413.9</ele>
    <time>2022-10-02T19:37:52Z</time>
   </trkpt>
   <trkpt lat="44.1455900" lon="-73.7875800">
    <ele>413.9</ele>
    <time>2022-10-02T19:37:55Z</time>
   </trkpt>
   <trkpt lat="44.1456000" lon="-73.7875300">
    <ele>413.8</ele>
    <time>2022-10-02T19:37:58Z</time>
   </trkpt>
   <trkpt lat="44.1456100" lon="-73.7875000">
    <ele>413.7</ele>
    <time>2022-10-02T19:38:00Z</time>
   </trkpt>
   <trkpt lat="44.1456300" lon="-73.7874600">
    <ele>413.6</ele>
    <time>2022-10-02T19:38:03Z</time>
   </trkpt>
   <trkpt lat="44.1456400" lon="-73.7874100">
    <ele>413.5</ele>
    <time>2022-10-02T19:38:07Z</time>
   </trkpt>
   <trkpt lat="44.1456500" lon="-73.7873600">
    <ele>413.4</ele>
    <time>2022-10-02T19:38:10Z</time>
   </trkpt>
   <trkpt lat="44.1456600" lon="-73.7873200">
    <ele>413.4</ele>
    <time>2022-10-02T19:38:13Z</time>
   </trkpt>
   <trkpt lat="44.1456700" lon="-73.7872600">
    <ele>413.2</ele>
    <time>2022-10-02T19:38:16Z</time>
   </trkpt>
   <trkpt lat="44.1456800" lon="-73.7872100">
    <ele>413.1</ele>
    <time>2022-10-02T19:38:19Z</time>
   </trkpt>
   <trkpt lat="44.1457000" lon="-73.7871800">
    <ele>413.1</ele>
    <time>2022-10-02T19:38:22Z</time>
   </trkpt>
   <trkpt lat="44.1457200" lon="-73.7871400">
    <ele>413.0</ele>
    <time>2022-10-02T19:38:25Z</time>
   </trkpt>
   <trkpt lat="44.1457400" lon="-73.7871100">
    <ele>412.9</ele>
    <time>2022-10-02T19:38:28Z</time>
   </trkpt>
   <trkpt lat="44.1457500" lon="-73.7870700">
    <ele>412.8</ele>
    <time>2022-10-02T19:38:31Z</time>
   </trkpt>
   <trkpt lat="44.1457600" lon="-73.7870200">
    <ele>412.7</ele>
    <time>2022-10-02T19:38:34Z</time>
   </trkpt>
   <trkpt lat="44.1457800" lon="-73.7869800">
    <ele>412.6</ele>
    <time>2022-10-02T19:38:37Z</time>
   </trkpt>
   <trkpt lat="44.1457900" lon="-73.7869400">
    <ele>412.6</ele>
    <time>2022-10-02T19:38:40Z</time>
   </trkpt>
   <trkpt lat="44.1458000" lon="-73.7869000">
    <ele>412.5</ele>
    <time>2022-10-02T19:38:42Z</time>
   </trkpt>
   <trkpt lat="44.1458100" lon="-73.7868500">
    <ele>412.4</ele>
    <time>2022-10-02T19:38:45Z</time>
   </trkpt>
   <trkpt lat="44.1458200" lon="-73.7868100">
    <ele>412.4</ele>
    <time>2022-10-02T19:38:48Z</time>
   </trkpt>
   <trkpt lat="44.1458400" lon="-73.7867700">
    <ele>412.3</ele>
    <time>2022-10-02T19:38:51Z</time>
   </trkpt>
   <trkpt lat="44.1458600" lon="-73.7867300">
    <ele>412.2</ele>
    <time>2022-10-02T19:38:55Z</time>
   </trkpt>
   <trkpt lat="44.1458800" lon="-73.7866900">
    <ele>412.2</ele>
    <time>2022-10-02T19:38:57Z</time>
   </trkpt>
   <trkpt lat="44.1459000" lon="-73.7866600">
    <ele>412.1</ele>
    <time>2022-10-02T19:39:00Z</time>
   </trkpt>
   <trkpt lat="44.1459300" lon="-73.7866200">
    <ele>412.0</ele>
    <time>2022-10-02T19:39:03Z</time>
   </trkpt>
   <trkpt lat="44.1459500" lon="-73.7865900">
    <ele>412.0</ele>
    <time>2022-10-02T19:39:05Z</time>
   </trkpt>
   <trkpt lat="44.1459600" lon="-73.7865600">
    <ele>412.0</ele>
    <time>2022-10-02T19:39:07Z</time>
   </trkpt>
   <trkpt lat="44.1459700" lon="-73.7865200">
    <ele>411.9</ele>
    <time>2022-10-02T19:39:10Z</time>
   </trkpt>
   <trkpt lat="44.1459900" lon="-73.7864700">
    <ele>411.8</ele>
    <time>2022-10-02T19:39:13Z</time>
   </trkpt>
   <trkpt lat="44.1460100" lon="-73.7864300">
    <ele>411.7</ele>
    <time>2022-10-02T19:39:16Z</time>
   </trkpt>
   <trkpt lat="44.1460200" lon="-73.7863900">
    <ele>411.7</ele>
    <time>2022-10-02T19:39:19Z</time>
   </trkpt>
   <trkpt lat="44.1460400" lon="-73.7863400">
    <ele>411.6</ele>
    <time>2022-10-02T19:39:22Z</time>
   </trkpt>
   <trkpt lat="44.1460600" lon="-73.7863100">
    <ele>411.5</ele>
    <time>2022-10-02T19:39:24Z</time>
   </trkpt>
   <trkpt lat="44.1460800" lon="-73.7862700">
    <ele>411.4</ele>
    <time>2022-10-02T19:39:27Z</time>
   </trkpt>
   <trkpt lat="44.1460900" lon="-73.7862200">
    <ele>411.3</ele>
    <time>2022-10-02T19:39:30Z</time>
   </trkpt>
   <trkpt lat="44.1461100" lon="-73.7861900">
    <ele>411.3</ele>
    <time>2022-10-02T19:39:33Z</time>
   </trkpt>
   <trkpt lat="44.1461400" lon="-73.7861700">
    <ele>411.2</ele>
    <time>2022-10-02T19:39:37Z</time>
   </trkpt>
   <trkpt lat="44.1461700" lon="-73.7861400">
    <ele>411.1</ele>
    <time>2022-10-02T19:39:40Z</time>
   </trkpt>
   <trkpt lat="44.1461800" lon="-73.7861100">
    <ele>411.0</ele>
    <time>2022-10-02T19:39:42Z</time>
   </trkpt>
   <trkpt lat="44.1462000" lon="-73.7860700">
    <ele>410.9</ele>
    <time>2022-10-02T19:39:44Z</time>
   </trkpt>
   <trkpt lat="44.1462200" lon="-73.7860300">
    <ele>410.8</ele>
    <time>2022-10-02T19:39:46Z</time>
   </trkpt>
   <trkpt lat="44.1462400" lon="-73.7860000">
    <ele>410.7</ele>
    <time>2022-10-02T19:39:48Z</time>
   </trkpt>
   <trkpt lat="44.1462600" lon="-73.7859500">
    <ele>410.7</ele>
    <time>2022-10-02T19:39:51Z</time>
   </trkpt>
   <trkpt lat="44.1462800" lon="-73.7859100">
    <ele>410.6</ele>
    <time>2022-10-02T19:39:54Z</time>
   </trkpt>
   <trkpt lat="44.1463000" lon="-73.7858700">
    <ele>410.6</ele>
    <time>2022-10-02T19:39:58Z</time>
   </trkpt>
   <trkpt lat="44.1463200" lon="-73.7858200">
    <ele>410.6</ele>
    <time>2022-10-02T19:40:02Z</time>
   </trkpt>
   <trkpt lat="44.1463300" lon="-73.7857800">
    <ele>410.5</ele>
    <time>2022-10-02T19:40:05Z</time>
   </trkpt>
   <trkpt lat="44.1463400" lon="-73.7857300">
    <ele>410.5</ele>
    <time>2022-10-02T19:40:08Z</time>
   </trkpt>
   <trkpt lat="44.1463500" lon="-73.7856800">
    <ele>410.4</ele>
    <time>2022-10-02T19:40:11Z</time>
   </trkpt>
   <trkpt lat="44.1463700" lon="-73.7856500">
    <ele>410.4</ele>
    <time>2022-10-02T19:40:13Z</time>
   </trkpt>
   <trkpt lat="44.1463800" lon="-73.7856100">
    <ele>410.3</ele>
    <time>2022-10-02T19:40:15Z</time>
   </trkpt>
   <trkpt lat="44.1464100" lon="-73.7855900">
    <ele>410.2</ele>
    <time>2022-10-02T19:40:17Z</time>
   </trkpt>
   <trkpt lat="44.1464200" lon="-73.7855500">
    <ele>410.2</ele>
    <time>2022-10-02T19:40:21Z</time>
   </trkpt>
   <trkpt lat="44.1464300" lon="-73.7855100">
    <ele>410.1</ele>
    <time>2022-10-02T19:40:25Z</time>
   </trkpt>
   <trkpt lat="44.1464600" lon="-73.7854700">
    <ele>410.0</ele>
    <time>2022-10-02T19:40:29Z</time>
   </trkpt>
   <trkpt lat="44.1464800" lon="-73.7854300">
    <ele>409.9</ele>
    <time>2022-10-02T19:40:32Z</time>
   </trkpt>
   <trkpt lat="44.1465000" lon="-73.7853900">
    <ele>409.8</ele>
    <time>2022-10-02T19:40:35Z</time>
   </trkpt>
   <trkpt lat="44.1465200" lon="-73.7853600">
    <ele>409.7</ele>
    <time>2022-10-02T19:40:38Z</time>
   </trkpt>
   <trkpt lat="44.1465300" lon="-73.7853200">
    <ele>409.6</ele>
    <time>2022-10-02T19:40:40Z</time>
   </trkpt>
   <trkpt lat="44.1465500" lon="-73.7853000">
    <ele>409.5</ele>
    <time>2022-10-02T19:40:42Z</time>
   </trkpt>
   <trkpt lat="44.1465700" lon="-73.7852600">
    <ele>409.4</ele>
    <time>2022-10-02T19:40:44Z</time>
   </trkpt>
   <trkpt lat="44.1466000" lon="-73.7852300">
    <ele>409.2</ele>
    <time>2022-10-02T19:40:47Z</time>
   </trkpt>
   <trkpt lat="44.1466300" lon="-73.7851900">
    <ele>409.1</ele>
    <time>2022-10-02T19:40:50Z</time>
   </trkpt>
   <trkpt lat="44.1466500" lon="-73.7851400">
    <ele>409.0</ele>
    <time>2022-10-02T19:40:53Z</time>
   </trkpt>
   <trkpt lat="44.1466600" lon="-73.7851100">
    <ele>408.9</ele>
    <time>2022-10-02T19:40:55Z</time>
   </trkpt>
   <trkpt lat="44.1466800" lon="-73.7850700">
    <ele>408.9</ele>
    <time>2022-10-02T19:40:58Z</time>
   </trkpt>
   <trkpt lat="44.1467100" lon="-73.7850300">
    <ele>408.8</ele>
    <time>2022-10-02T19:41:01Z</time>
   </trkpt>
   <trkpt lat="44.1467300" lon="-73.7849900">
    <ele>408.7</ele>
    <time>2022-10-02T19:41:04Z</time>
   </trkpt>
   <trkpt lat="44.1467600" lon="-73.7849700">
    <ele>408.7</ele>
    <time>2022-10-02T19:41:07Z</time>
   </trkpt>
   <trkpt lat="44.1467800" lon="-73.7849300">
    <ele>408.6</ele>
    <time>2022-10-02T19:41:11Z</time>
   </trkpt>
   <trkpt lat="44.1468000" lon="-73.7849000">
    <ele>408.6</ele>
    <time>2022-10-02T19:41:14Z</time>
   </trkpt>
   <trkpt lat="44.1468200" lon="-73.7848500">
    <ele>408.5</ele>
    <time>2022-10-02T19:41:17Z</time>
   </trkpt>
   <trkpt lat="44.1468400" lon="-73.7848100">
    <ele>408.5</ele>
    <time>2022-10-02T19:41:20Z</time>
   </trkpt>
   <trkpt lat="44.1468600" lon="-73.7847700">
    <ele>408.4</ele>
    <time>2022-10-02T19:41:22Z</time>
   </trkpt>
   <trkpt lat="44.1468800" lon="-73.7847500">
    <ele>408.4</ele>
    <time>2022-10-02T19:41:24Z</time>
   </trkpt>
   <trkpt lat="44.1469000" lon="-73.7847100">
    <ele>408.4</ele>
    <time>2022-10-02T19:41:27Z</time>
   </trkpt>
   <trkpt lat="44.1469200" lon="-73.7846900">
    <ele>408.3</ele>
    <time>2022-10-02T19:41:30Z</time>
   </trkpt>
   <trkpt lat="44.1469400" lon="-73.7846500">
    <ele>408.3</ele>
    <time>2022-10-02T19:41:33Z</time>
   </trkpt>
   <trkpt lat="44.1469700" lon="-73.7846300">
    <ele>408.3</ele>
    <time>2022-10-02T19:41:36Z</time>
   </trkpt>
   <trkpt lat="44.1470000" lon="-73.7846100">
    <ele>408.3</ele>
    <time>2022-10-02T19:41:38Z</time>
   </trkpt>
   <trkpt lat="44.1470200" lon="-73.7845900">
    <ele>408.3</ele>
    <time>2022-10-02T19:41:40Z</time>
   </trkpt>
   <trkpt lat="44.1470400" lon="-73.7845600">
    <ele>408.3</ele>
    <time>2022-10-02T19:41:42Z</time>
   </trkpt>
   <trkpt lat="44.1470700" lon="-73.7845200">
    <ele>408.3</ele>
    <time>2022-10-02T19:41:45Z</time>
   </trkpt>
   <trkpt lat="44.1471000" lon="-73.7845000">
    <ele>408.3</ele>
    <time>2022-10-02T19:41:48Z</time>
   </trkpt>
   <trkpt lat="44.1471200" lon="-73.7844800">
    <ele>408.2</ele>
    <time>2022-10-02T19:41:51Z</time>
   </trkpt>
   <trkpt lat="44.1471500" lon="-73.7844500">
    <ele>408.2</ele>
    <time>2022-10-02T19:41:53Z</time>
   </trkpt>
   <trkpt lat="44.1471900" lon="-73.7844300">
    <ele>408.1</ele>
    <time>2022-10-02T19:41:56Z</time>
   </trkpt>
   <trkpt lat="44.1472200" lon="-73.7844200">
    <ele>408.1</ele>
    <time>2022-10-02T19:41:58Z</time>
   </trkpt>
   <trkpt lat="44.1472500" lon="-73.7844000">
    <ele>408.0</ele>
    <time>2022-10-02T19:42:00Z</time>
   </trkpt>
   <trkpt lat="44.1472800" lon="-73.7843900">
    <ele>407.9</ele>
    <time>2022-10-02T19:42:03Z</time>
   </trkpt>
   <trkpt lat="44.1473100" lon="-73.7843600">
    <ele>407.9</ele>
    <time>2022-10-02T19:42:07Z</time>
   </trkpt>
   <trkpt lat="44.1473300" lon="-73.7843400">
    <ele>407.8</ele>
    <time>2022-10-02T19:42:10Z</time>
   </trkpt>
   <trkpt lat="44.1473600" lon="-73.7843300">
    <ele>407.7</ele>
    <time>2022-10-02T19:42:13Z</time>
   </trkpt>
   <trkpt lat="44.1473900" lon="-73.7843000">
    <ele>407.6</ele>
    <time>2022-10-02T19:42:16Z</time>
   </trkpt>
   <trkpt lat="44.1474200" lon="-73.7842800">
    <ele>407.5</ele>
    <time>2022-10-02T19:42:19Z</time>
   </trkpt>
   <trkpt lat="44.1474500" lon="-73.7842500">
    <ele>407.4</ele>
    <time>2022-10-02T19:42:23Z</time>
   </trkpt>
   <trkpt lat="44.1474800" lon="-73.7842300">
    <ele>407.3</ele>
    <time>2022-10-02T19:42:27Z</time>
   </trkpt>
   <trkpt lat="44.1475100" lon="-73.7842100">
    <ele>407.2</ele>
    <time>2022-10-02T19:42:32Z</time>
   </trkpt>
   <trkpt lat="44.1475500" lon="-73.7841900">
    <ele>407.1</ele>
    <time>2022-10-02T19:42:35Z</time>
   </trkpt>
   <trkpt lat="44.1475700" lon="-73.7841700">
    <ele>407.0</ele>
    <time>2022-10-02T19:42:38Z</time>
   </trkpt>
   <trkpt lat="44.1476000" lon="-73.7841400">
    <ele>406.9</ele>
    <time>2022-10-02T19:42:41Z</time>
   </trkpt>
   <trkpt lat="44.1476300" lon="-73.7841100">
    <ele>406.9</ele>
    <time>2022-10-02T19:42:44Z</time>
   </trkpt>
   <trkpt lat="44.1476600" lon="-73.7840900">
    <ele>406.8</ele>
    <time>2022-10-02T19:42:46Z</time>
   </trkpt>
   <trkpt lat="44.1476800" lon="-73.7840700">
    <ele>406.7</ele>
    <time>2022-10-02T19:42:48Z</time>
   </trkpt>
   <trkpt lat="44.1477100" lon="-73.7840400">
    <ele>406.7</ele>
    <time>2022-10-02T19:42:51Z</time>
   </trkpt>
   <trkpt lat="44.1477400" lon="-73.7840300">
    <ele>406.6</ele>
    <time>2022-10-02T19:42:55Z</time>
   </trkpt>
   <trkpt lat="44.1477700" lon="-73.7839900">
    <ele>406.6</ele>
    <time>2022-10-02T19:42:59Z</time>
   </trkpt>
   <trkpt lat="44.1477900" lon="-73.7839700">
    <ele>406.5</ele>
    <time>2022-10-02T19:43:02Z</time>
   </trkpt>
   <trkpt lat="44.1478100" lon="-73.7839400">
    <ele>406.5</ele>
    <time>2022-10-02T19:43:07Z</time>
   </trkpt>
   <trkpt lat="44.1478400" lon="-73.7839000">
    <ele>406.4</ele>
    <time>2022-10-02T19:43:10Z</time>
   </trkpt>
   <trkpt lat="44.1478500" lon="-73.7838700">
    <ele>406.4</ele>
    <time>2022-10-02T19:43:12Z</time>
   </trkpt>
   <trkpt lat="44.1478700" lon="-73.7838400">
    <ele>406.4</ele>
    <time>2022-10-02T19:43:15Z</time>
   </trkpt>
   <trkpt lat="44.1478900" lon="-73.7838100">
    <ele>406.4</ele>
    <time>2022-10-02T19:43:18Z</time>
   </trkpt>
   <trkpt lat="44.1479100" lon="-73.7837600">
    <ele>406.4</ele>
    <time>2022-10-02T19:43:22Z</time>
   </trkpt>
   <trkpt lat="44.1479200" lon="-73.7837300">
    <ele>406.4</ele>
    <time>2022-10-02T19:43:24Z</time>
   </trkpt>
   <trkpt lat="44.1479300" lon="-73.7836700">
    <ele>406.5</ele>
    <time>2022-10-02T19:43:27Z</time>
   </trkpt>
   <trkpt lat="44.1479300" lon="-73.7836300">
    <ele>406.5</ele>
    <time>2022-10-02T19:43:30Z</time>
   </trkpt>
   <trkpt lat="44.1479400" lon="-73.7835800">
    <ele>406.5</ele>
    <time>2022-10-02T19:43:33Z</time>
   </trkpt>
   <trkpt lat="44.1479600" lon="-73.7835300">
    <ele>406.6</ele>
    <time>2022-10-02T19:43:36Z</time>
   </trkpt>
   <trkpt lat="44.1479600" lon="-73.7834800">
    <ele>406.6</ele>
    <time>2022-10-02T19:43:38Z</time>
   </trkpt>
   <trkpt lat="44.1479700" lon="-73.7834500">
    <ele>406.7</ele>
    <time>2022-10-02T19:43:40Z</time>
   </trkpt>
   <trkpt lat="44.1479800" lon="-73.7834100">
    <ele>406.7</ele>
    <time>2022-10-02T19:43:42Z</time>
   </trkpt>
   <trkpt lat="44.1479900" lon="-73.7833500">
    <ele>406.7</ele>
    <time>2022-10-02T19:43:44Z</time>
   </trkpt>
   <trkpt lat="44.1480000" lon="-73.7833200">
    <ele>406.7</ele>
    <time>2022-10-02T19:43:47Z</time>
   </trkpt>
   <trkpt lat="44.1480200" lon="-73.7832800">
    <ele>406.7</ele>
    <time>2022-10-02T19:43:51Z</time>
   </trkpt>
   <trkpt lat="44.1480400" lon="-73.7832400">
    <ele>406.7</ele>
    <time>2022-10-02T19:43:54Z</time>
   </trkpt>
   <trkpt lat="44.1480500" lon="-73.7832000">
    <ele>406.7</ele>
    <time>2022-10-02T19:43:58Z</time>
   </trkpt>
   <trkpt lat="44.1480700" lon="-73.7831800">
    <ele>406.6</ele>
    <time>2022-10-02T19:44:01Z</time>
   </trkpt>
   <trkpt lat="44.1480900" lon="-73.7831400">
    <ele>406.6</ele>
    <time>2022-10-02T19:44:04Z</time>
   </trkpt>
   <trkpt lat="44.1481200" lon="-73.7831200">
    <ele>406.6</ele>
    <time>2022-10-02T19:44:07Z</time>
   </trkpt>
   <trkpt lat="44.1481300" lon="-73.7830800">
    <ele>406.5</ele>
    <time>2022-10-02T19:44:09Z</time>
   </trkpt>
   <trkpt lat="44.1481500" lon="-73.7830400">
    <ele>406.5</ele>
    <time>2022-10-02T19:44:12Z</time>
   </trkpt>
   <trkpt lat="44.1481800" lon="-73.7830000">
    <ele>406.4</ele>
    <time>2022-10-02T19:44:15Z</time>
   </trkpt>
   <trkpt lat="44.1482000" lon="-73.7829600">
    <ele>406.4</ele>
    <time>2022-10-02T19:44:18Z</time>
   </trkpt>
   <trkpt lat="44.1482200" lon="-73.7829200">
    <ele>406.4</ele>
    <time>2022-10-02T19:44:21Z</time>
   </trkpt>
   <trkpt lat="44.1482400" lon="-73.7828800">
    <ele>406.3</ele>
    <time>2022-10-02T19:44:23Z</time>
   </trkpt>
   <trkpt lat="44.1482700" lon="-73.7828500">
    <ele>406.3</ele>
    <time>2022-10-02T19:44:26Z</time>
   </trkpt>
   <trkpt lat="44.1482800" lon="-73.7828200">
    <ele>406.3</ele>
    <time>2022-10-02T19:44:28Z</time>
   </trkpt>
   <trkpt lat="44.1483000" lon="-73.7827700">
    <ele>406.2</ele>
    <time>2022-10-02T19:44:31Z</time>
   </trkpt>
   <trkpt lat="44.1483200" lon="-73.7827300">
    <ele>406.2</ele>
    <time>2022-10-02T19:44:33Z</time>
   </trkpt>
   <trkpt lat="44.1483400" lon="-73.7827000">
    <ele>406.1</ele>
    <time>2022-10-02T19:44:35Z</time>
   </trkpt>
   <trkpt lat="44.1483600" lon="-73.7826600">
    <ele>406.1</ele>
    <time>2022-10-02T19:44:37Z</time>
   </trkpt>
   <trkpt lat="44.1483800" lon="-73.7826300">
    <ele>406.0</ele>
    <time>2022-10-02T19:44:39Z</time>
   </trkpt>
   <trkpt lat="44.1484100" lon="-73.7826000">
    <ele>406.0</ele>
    <time>2022-10-02T19:44:41Z</time>
   </trkpt>
   <trkpt lat="44.1484400" lon="-73.7825700">
    <ele>405.9</ele>
    <time>2022-10-02T19:44:43Z</time>
   </trkpt>
   <trkpt lat="44.1484700" lon="-73.7825500">
    <ele>405.8</ele>
    <time>2022-10-02T19:44:45Z</time>
   </trkpt>
   <trkpt lat="44.1484900" lon="-73.7825400">
    <ele>405.8</ele>
    <time>2022-10-02T19:44:47Z</time>
   </trkpt>
   <trkpt lat="44.1485200" lon="-73.7825100">
    <ele>405.7</ele>
    <time>2022-10-02T19:44:50Z</time>
   </trkpt>
   <trkpt lat="44.1485500" lon="-73.7824900">
    <ele>405.7</ele>
    <time>2022-10-02T19:44:54Z</time>
   </trkpt>
   <trkpt lat="44.1485800" lon="-73.7824700">
    <ele>405.6</ele>
    <time>2022-10-02T19:44:58Z</time>
   </trkpt>
   <trkpt lat="44.1486100" lon="-73.7824600">
    <ele>405.6</ele>
    <time>2022-10-02T19:45:00Z</time>
   </trkpt>
   <trkpt lat="44.1486400" lon="-73.7824500">
    <ele>405.6</ele>
    <time>2022-10-02T19:45:03Z</time>
   </trkpt>
   <trkpt lat="44.1486600" lon="-73.7824300">
    <ele>405.6</ele>
    <time>2022-10-02T19:45:05Z</time>
   </trkpt>
   <trkpt lat="44.1487000" lon="-73.7824200">
    <ele>405.5</ele>
    <time>2022-10-02T19:45:08Z</time>
   </trkpt>
   <trkpt lat="44.1487300" lon="-73.7824100">
    <ele>405.5</ele>
    <time>2022-10-02T19:45:13Z</time>
   </trkpt>
   <trkpt lat="44.1487600" lon="-73.7824100">
    <ele>405.5</ele>
    <time>2022-10-02T19:45:16Z</time>
   </trkpt>
   <trkpt lat="44.1487900" lon="-73.7824100">
    <ele>405.5</ele>
    <time>2022-10-02T19:45:18Z</time>
   </trkpt>
   <trkpt lat="44.1488200" lon="-73.7823900">
    <ele>405.5</ele>
    <time>2022-10-02T19:45:20Z</time>
   </trkpt>
   <trkpt lat="44.1488500" lon="-73.7823800">
    <ele>405.5</ele>
    <time>2022-10-02T19:45:22Z</time>
   </trkpt>
   <trkpt lat="44.1488700" lon="-73.7823700">
    <ele>405.5</ele>
    <time>2022-10-02T19:45:24Z</time>
   </trkpt>
   <trkpt lat="44.1489000" lon="-73.7823600">
    <ele>405.5</ele>
    <time>2022-10-02T19:45:26Z</time>
   </trkpt>
   <trkpt lat="44.1489400" lon="-73.7823400">
    <ele>405.5</ele>
    <time>2022-10-02T19:45:29Z</time>
   </trkpt>
   <trkpt lat="44.1489700" lon="-73.7823200">
    <ele>405.4</ele>
    <time>2022-10-02T19:45:32Z</time>
   </trkpt>
   <trkpt lat="44.1490000" lon="-73.7823000">
    <ele>405.4</ele>
    <time>2022-10-02T19:45:35Z</time>
   </trkpt>
   <trkpt lat="44.1490300" lon="-73.7822900">
    <ele>405.4</ele>
    <time>2022-10-02T19:45:38Z</time>
   </trkpt>
   <trkpt lat="44.1490600" lon="-73.7822600">
    <ele>405.3</ele>
    <time>2022-10-02T19:45:42Z</time>
   </trkpt>
   <trkpt lat="44.1490900" lon="-73.7822400">
    <ele>405.3</ele>
    <time>2022-10-02T19:45:45Z</time>
   </trkpt>
   <trkpt lat="44.1491200" lon="-73.7822300">
    <ele>405.2</ele>
    <time>2022-10-02T19:45:48Z</time>
   </trkpt>
   <trkpt lat="44.1491500" lon="-73.7822200">
    <ele>405.2</ele>
    <time>2022-10-02T19:45:51Z</time>
   </trkpt>
   <trkpt lat="44.1491800" lon="-73.7822200">
    <ele>405.1</ele>
    <time>2022-10-02T19:45:53Z</time>
   </trkpt>
   <trkpt lat="44.1492100" lon="-73.7822200">
    <ele>405.1</ele>
    <time>2022-10-02T19:45:56Z</time>
   </trkpt>
   <trkpt lat="44.1492400" lon="-73.7822400">
    <ele>405.0</ele>
    <time>2022-10-02T19:46:04Z</time>
   </trkpt>
   <trkpt lat="44.1492300" lon="-73.7821900">
    <ele>405.0</ele>
    <time>2022-10-02T19:46:42Z</time>
   </trkpt>
   <trkpt lat="44.1492200" lon="-73.7821600">
    <ele>404.9</ele>
    <time>2022-10-02T19:46:49Z</time>
   </trkpt>
   <trkpt lat="44.1492500" lon="-73.7821200">
    <ele>404.8</ele>
    <time>2022-10-02T19:46:53Z</time>
   </trkpt>
   <trkpt lat="44.1492600" lon="-73.7820900">
    <ele>404.8</ele>
    <time>2022-10-02T19:47:00Z</time>
   </trkpt>
   <trkpt lat="44.1492800" lon="-73.7820500">
    <ele>404.7</ele>
    <time>2022-10-02T19:47:04Z</time>
   </trkpt>
   <trkpt lat="44.1493000" lon="-73.7820200">
    <ele>404.6</ele>
    <time>2022-10-02T19:47:06Z</time>
   </trkpt>
   <trkpt lat="44.1493400" lon="-73.7820100">
    <ele>404.5</ele>
    <time>2022-10-02T19:47:09Z</time>
   </trkpt>
   <trkpt lat="44.1493700" lon="-73.7820100">
    <ele>404.5</ele>
    <time>2022-10-02T19:47:11Z</time>
   </trkpt>
   <trkpt lat="44.1494000" lon="-73.7820000">
    <ele>404.4</ele>
    <time>2022-10-02T19:47:14Z</time>
   </trkpt>
   <trkpt lat="44.1494200" lon="-73.7819800">
    <ele>404.3</ele>
    <time>2022-10-02T19:47:17Z</time>
   </trkpt>
   <trkpt lat="44.1494500" lon="-73.7819500">
    <ele>404.3</ele>
    <time>2022-10-02T19:47:19Z</time>
   </trkpt>
   <trkpt lat="44.1494700" lon="-73.7819300">
    <ele>404.2</ele>
    <time>2022-10-02T19:47:21Z</time>
   </trkpt>
   <trkpt lat="44.1494900" lon="-73.7819100">
    <ele>404.1</ele>
    <time>2022-10-02T19:47:23Z</time>
   </trkpt>
   <trkpt lat="44.1495200" lon="-73.7818800">
    <ele>404.1</ele>
    <time>2022-10-02T19:47:26Z</time>
   </trkpt>
   <trkpt lat="44.1495500" lon="-73.7818600">
    <ele>404.0</ele>
    <time>2022-10-02T19:47:28Z</time>
   </trkpt>
   <trkpt lat="44.1495700" lon="-73.7818400">
    <ele>404.0</ele>
    <time>2022-10-02T19:47:30Z</time>
   </trkpt>
   <trkpt lat="44.1495900" lon="-73.7818200">
    <ele>403.9</ele>
    <time>2022-10-02T19:47:32Z</time>
   </trkpt>
   <trkpt lat="44.1496200" lon="-73.7817800">
    <ele>403.9</ele>
    <time>2022-10-02T19:47:35Z</time>
   </trkpt>
   <trkpt lat="44.1496400" lon="-73.7817600">
    <ele>403.9</ele>
    <time>2022-10-02T19:47:37Z</time>
   </trkpt>
   <trkpt lat="44.1496700" lon="-73.7817300">
    <ele>403.8</ele>
    <time>2022-10-02T19:47:39Z</time>
   </trkpt>
   <trkpt lat="44.1496900" lon="-73.7817000">
    <ele>403.8</ele>
    <time>2022-10-02T19:47:42Z</time>
   </trkpt>
   <trkpt lat="44.1497300" lon="-73.7816600">
    <ele>403.9</ele>
    <time>2022-10-02T19:47:45Z</time>
   </trkpt>
   <trkpt lat="44.1497500" lon="-73.7816400">
    <ele>403.9</ele>
    <time>2022-10-02T19:47:47Z</time>
   </trkpt>
   <trkpt lat="44.1497800" lon="-73.7816000">
    <ele>403.9</ele>
    <time>2022-10-02T19:47:50Z</time>
   </trkpt>
   <trkpt lat="44.1497900" lon="-73.7815600">
    <ele>404.0</ele>
    <time>2022-10-02T19:47:53Z</time>
   </trkpt>
   <trkpt lat="44.1498200" lon="-73.7815500">
    <ele>404.0</ele>
    <time>2022-10-02T19:47:58Z</time>
   </trkpt>
   <trkpt lat="44.1498000" lon="-73.7815200">
    <ele>404.1</ele>
    <time>2022-10-02T19:48:08Z</time>
   </trkpt>
   <trkpt lat="44.1497700" lon="-73.7815000">
    <ele>404.1</ele>
    <time>2022-10-02T19:48:15Z</time>
   </trkpt>
   <trkpt lat="44.1497600" lon="-73.7814600">
    <ele>404.2</ele>
    <time>2022-10-02T19:48:23Z</time>
   </trkpt>
   <trkpt lat="44.1497900" lon="-73.7814600">
    <ele>404.3</ele>
    <time>2022-10-02T19:48:50Z</time>
   </trkpt>
   <trkpt lat="44.1498100" lon="-73.7814900">
    <ele>404.4</ele>
    <time>2022-10-02T19:49:03Z</time>
   </trkpt>
   <trkpt lat="44.1497800" lon="-73.7815000">
    <ele>404.5</ele>
    <time>2022-10-02T19:49:14Z</time>
   </trkpt>
   <trkpt lat="44.1497500" lon="-73.7815000">
    <ele>404.6</ele>
    <time>2022-10-02T19:49:30Z</time>
   </trkpt>
   <trkpt lat="44.1497600" lon="-73.7814600">
    <ele>404.7</ele>
    <time>2022-10-02T19:49:50Z</time>
   </trkpt>
   <trkpt lat="44.1497600" lon="-73.7814100">
    <ele>404.8</ele>
    <time>2022-10-02T19:49:53Z</time>
   </trkpt>
   <trkpt lat="44.1497500" lon="-73.7814500">
    <ele>404.8</ele>
    <time>2022-10-02T19:50:09Z</time>
   </trkpt>
   <trkpt lat="44.1497700" lon="-73.7814800">
    <ele>404.9</ele>
    <time>2022-10-02T19:50:11Z</time>
   </trkpt>
   <trkpt lat="44.1497700" lon="-73.7815200">
    <ele>405.0</ele>
    <time>2022-10-02T19:50:14Z</time>
   </trkpt>
   <trkpt lat="44.1498000" lon="-73.7815000">
    <ele>405.2</ele>
    <time>2022-10-02T19:50:52Z</time>
   </trkpt>
   <trkpt lat="44.1498200" lon="-73.7814600">
    <ele>405.3</ele>
    <time>2022-10-02T19:50:55Z</time>
   </trkpt>
   <trkpt lat="44.1498400" lon="-73.7814300">
    <ele>405.4</ele>
    <time>2022-10-02T19:51:30Z</time>
   </trkpt>
   <trkpt lat="44.1498600" lon="-73.7813900">
    <ele>405.5</ele>
    <time>2022-10-02T19:51:35Z</time>
   </trkpt>
   <trkpt lat="44.1498700" lon="-73.7813500">
    <ele>405.7</ele>
    <time>2022-10-02T19:51:39Z</time>
   </trkpt>
   <trkpt lat="44.1498900" lon="-73.7813200">
    <ele>405.8</ele>
    <time>2022-10-02T19:51:42Z</time>
   </trkpt>
   <trkpt lat="44.1499300" lon="-73.7813000">
    <ele>405.9</ele>
    <time>2022-10-02T19:51:45Z</time>
   </trkpt>
   <trkpt lat="44.1499500" lon="-73.7812700">
    <ele>406.1</ele>
    <time>2022-10-02T19:51:48Z</time>
   </trkpt>
   <trkpt lat="44.1499800" lon="-73.7812500">
    <ele>406.2</ele>
    <time>2022-10-02T19:51:51Z</time>
   </trkpt>
   <trkpt lat="44.1500000" lon="-73.7812200">
    <ele>406.3</ele>
    <time>2022-10-02T19:51:54Z</time>
   </trkpt>
   <trkpt lat="44.1500300" lon="-73.7812000">
    <ele>406.4</ele>
    <time>2022-10-02T19:51:57Z</time>
   </trkpt>
   <trkpt lat="44.1500500" lon="-73.7811600">
    <ele>406.5</ele>
    <time>2022-10-02T19:51:59Z</time>
   </trkpt>
   <trkpt lat="44.1500800" lon="-73.7811500">
    <ele>406.6</ele>
    <time>2022-10-02T19:52:02Z</time>
   </trkpt>
   <trkpt lat="44.1501100" lon="-73.7811200">
    <ele>406.8</ele>
    <time>2022-10-02T19:52:06Z</time>
   </trkpt>
   <trkpt lat="44.1501400" lon="-73.7810900">
    <ele>406.9</ele>
    <time>2022-10-02T19:52:10Z</time>
   </trkpt>
   <trkpt lat="44.1501600" lon="-73.7810700">
    <ele>407.0</ele>
    <time>2022-10-02T19:52:13Z</time>
   </trkpt>
   <trkpt lat="44.1501800" lon="-73.7810400">
    <ele>407.1</ele>
    <time>2022-10-02T19:52:16Z</time>
   </trkpt>
   <trkpt lat="44.1502100" lon="-73.7810100">
    <ele>407.2</ele>
    <time>2022-10-02T19:52:20Z</time>
   </trkpt>
   <trkpt lat="44.1502200" lon="-73.7809700">
    <ele>407.3</ele>
    <time>2022-10-02T19:52:23Z</time>
   </trkpt>
   <trkpt lat="44.1502400" lon="-73.7809300">
    <ele>407.4</ele>
    <time>2022-10-02T19:52:26Z</time>
   </trkpt>
   <trkpt lat="44.1502600" lon="-73.7809000">
    <ele>407.5</ele>
    <time>2022-10-02T19:52:29Z</time>
   </trkpt>
   <trkpt lat="44.1502800" lon="-73.7808600">
    <ele>407.6</ele>
    <time>2022-10-02T19:52:32Z</time>
   </trkpt>
   <trkpt lat="44.1502800" lon="-73.7808200">
    <ele>407.7</ele>
    <time>2022-10-02T19:52:39Z</time>
   </trkpt>
   <trkpt lat="44.1502700" lon="-73.7807800">
    <ele>407.7</ele>
    <time>2022-10-02T19:52:44Z</time>
   </trkpt>
   <trkpt lat="44.1502700" lon="-73.7807400">
    <ele>407.8</ele>
    <time>2022-10-02T19:52:51Z</time>
   </trkpt>
   <trkpt lat="44.1502800" lon="-73.7807800">
    <ele>407.9</ele>
    <time>2022-10-02T19:53:23Z</time>
   </trkpt>
   <trkpt lat="44.1503800" lon="-73.7808000">
    <ele>408.1</ele>
    <time>2022-10-02T19:53:26Z</time>
   </trkpt>
   <trkpt lat="44.1503500" lon="-73.7808100">
    <ele>408.1</ele>
    <time>2022-10-02T19:53:35Z</time>
   </trkpt>
   <trkpt lat="44.1503200" lon="-73.7808500">
    <ele>408.2</ele>
    <time>2022-10-02T19:53:38Z</time>
   </trkpt>
   <trkpt lat="44.1503000" lon="-73.7808700">
    <ele>408.2</ele>
    <time>2022-10-02T19:53:42Z</time>
   </trkpt>
   <trkpt lat="44.1502900" lon="-73.7809100">
    <ele>408.2</ele>
    <time>2022-10-02T19:53:47Z</time>
   </trkpt>
   <trkpt lat="44.1502700" lon="-73.7808900">
    <ele>408.3</ele>
    <time>2022-10-02T19:53:58Z</time>
   </trkpt>
   <trkpt lat="44.1502500" lon="-73.7808600">
    <ele>408.3</ele>
    <time>2022-10-02T19:54:04Z</time>
   </trkpt>
   <trkpt lat="44.1502300" lon="-73.7808300">
    <ele>408.3</ele>
    <time>2022-10-02T19:54:09Z</time>
   </trkpt>
   <trkpt lat="44.1502200" lon="-73.7808600">
    <ele>408.4</ele>
    <time>2022-10-02T19:54:13Z</time>
   </trkpt>
   <trkpt lat="44.1502300" lon="-73.7809000">
    <ele>408.4</ele>
    <time>2022-10-02T19:54:21Z</time>
   </trkpt>
   <trkpt lat="44.1502200" lon="-73.7808600">
    <ele>408.4</ele>
    <time>2022-10-02T19:54:47Z</time>
   </trkpt>
   <trkpt lat="44.1502400" lon="-73.7808200">
    <ele>408.5</ele>
    <time>2022-10-02T19:54:50Z</time>
   </trkpt>
   <trkpt lat="44.1502600" lon="-73.7808200">
    <ele>408.5</ele>
    <time>2022-10-02T19:54:55Z</time>
   </trkpt>
   <trkpt lat="44.1502900" lon="-73.7808400">
    <ele>408.5</ele>
    <time>2022-10-02T19:55:05Z</time>
   </trkpt>
   <trkpt lat="44.1502900" lon="-73.7808900">
    <ele>408.6</ele>
    <time>2022-10-02T19:55:14Z</time>
   </trkpt>
   <trkpt lat="44.1502700" lon="-73.7809200">
    <ele>408.6</ele>
    <time>2022-10-02T19:55:19Z</time>
   </trkpt>
   <trkpt lat="44.1502600" lon="-73.7808900">
    <ele>408.6</ele>
    <time>2022-10-02T19:55:42Z</time>
   </trkpt>
   <trkpt lat="44.1502400" lon="-73.7807800">
    <ele>408.7</ele>
    <time>2022-10-02T19:55:44Z</time>
   </trkpt>
   <trkpt lat="44.1502600" lon="-73.7807500">
    <ele>408.8</ele>
    <time>2022-10-02T19:55:52Z</time>
   </trkpt>
   <trkpt lat="44.1502800" lon="-73.7807900">
    <ele>408.8</ele>
    <time>2022-10-02T19:56:06Z</time>
   </trkpt>
   <trkpt lat="44.1502800" lon="-73.7808300">
    <ele>408.8</ele>
    <time>2022-10-02T19:56:08Z</time>
   </trkpt>
   <trkpt lat="44.1502900" lon="-73.7808800">
    <ele>408.9</ele>
    <time>2022-10-02T19:56:12Z</time>
   </trkpt>
   <trkpt lat="44.1502800" lon="-73.7809300">
    <ele>409.0</ele>
    <time>2022-10-02T19:56:14Z</time>
   </trkpt>
   <trkpt lat="44.1502700" lon="-73.7809800">
    <ele>409.0</ele>
    <time>2022-10-02T19:56:17Z</time>
   </trkpt>
   <trkpt lat="44.1502400" lon="-73.7810100">
    <ele>409.1</ele>
    <time>2022-10-02T19:56:20Z</time>
   </trkpt>
   <trkpt lat="44.1502100" lon="-73.7810300">
    <ele>409.1</ele>
    <time>2022-10-02T19:56:30Z</time>
   </trkpt>
   <trkpt lat="44.1502000" lon="-73.7809900">
    <ele>409.2</ele>
    <time>2022-10-02T19:56:35Z</time>
   </trkpt>
   <trkpt lat="44.1502000" lon="-73.7810300">
    <ele>409.2</ele>
    <time>2022-10-02T19:56:55Z</time>
   </trkpt>
   <trkpt lat="44.1501900" lon="-73.7810700">
    <ele>409.3</ele>
    <time>2022-10-02T19:57:12Z</time>
   </trkpt>
   <trkpt lat="44.1501700" lon="-73.7811200">
    <ele>409.4</ele>
    <time>2022-10-02T19:57:16Z</time>
   </trkpt>
   <trkpt lat="44.1501600" lon="-73.7811600">
    <ele>409.4</ele>
    <time>2022-10-02T19:57:19Z</time>
   </trkpt>
   <trkpt lat="44.1501200" lon="-73.7811300">
    <ele>409.5</ele>
    <time>2022-10-02T19:57:34Z</time>
   </trkpt>
   <trkpt lat="44.1501200" lon="-73.7810900">
    <ele>409.6</ele>
    <time>2022-10-02T19:57:55Z</time>
   </trkpt>
   <trkpt lat="44.1501400" lon="-73.7810200">
    <ele>409.7</ele>
    <time>2022-10-02T19:57:57Z</time>
   </trkpt>
   <trkpt lat="44.1501200" lon="-73.7810400">
    <ele>409.8</ele>
    <time>2022-10-02T19:58:18Z</time>
   </trkpt>
   <trkpt lat="44.1501300" lon="-73.7810000">
    <ele>409.9</ele>
    <time>2022-10-02T19:58:23Z</time>
   </trkpt>
   <trkpt lat="44.1501400" lon="-73.7809600">
    <ele>409.9</ele>
    <time>2022-10-02T19:58:34Z</time>
   </trkpt>
   <trkpt lat="44.1501500" lon="-73.7809300">
    <ele>410.0</ele>
    <time>2022-10-02T19:58:37Z</time>
   </trkpt>
   <trkpt lat="44.1501800" lon="-73.7809400">
    <ele>410.1</ele>
    <time>2022-10-02T19:59:10Z</time>
   </trkpt>
   <trkpt lat="44.1502100" lon="-73.7809500">
    <ele>410.2</ele>
    <time>2022-10-02T19:59:19Z</time>
   </trkpt>
   <trkpt lat="44.1502100" lon="-73.7809900">
    <ele>410.3</ele>
    <time>2022-10-02T19:59:58Z</time>
   </trkpt>
   <trkpt lat="44.1502000" lon="-73.7810300">
    <ele>410.4</ele>
    <time>2022-10-02T20:00:01Z</time>
   </trkpt>
   <trkpt lat="44.1501900" lon="-73.7810700">
    <ele>410.5</ele>
    <time>2022-10-02T20:00:04Z</time>
   </trkpt>
   <trkpt lat="44.1502000" lon="-73.7810300">
    <ele>410.6</ele>
    <time>2022-10-02T20:00:30Z</time>
   </trkpt>
   <trkpt lat="44.1502200" lon="-73.7809900">
    <ele>410.7</ele>
    <time>2022-10-02T20:00:33Z</time>
   </trkpt>
   <trkpt lat="44.1502200" lon="-73.7810300">
    <ele>410.8</ele>
    <time>2022-10-02T20:00:49Z</time>
   </trkpt>
   <trkpt lat="44.1502000" lon="-73.7810700">
    <ele>410.9</ele>
    <time>2022-10-02T20:00:59Z</time>
   </trkpt>
   <trkpt lat="44.1501900" lon="-73.7811100">
    <ele>411.0</ele>
    <time>2022-10-02T20:01:01Z</time>
   </trkpt>
   <trkpt lat="44.1501700" lon="-73.7810800">
    <ele>411.0</ele>
    <time>2022-10-02T20:01:12Z</time>
   </trkpt>
   <trkpt lat="44.1501700" lon="-73.7810300">
    <ele>411.2</ele>
    <time>2022-10-02T20:01:16Z</time>
   </trkpt>
   <trkpt lat="44.1501700" lon="-73.7809900">
    <ele>411.2</ele>
    <time>2022-10-02T20:01:19Z</time>
   </trkpt>
   <trkpt lat="44.1501900" lon="-73.7809600">
    <ele>411.3</ele>
    <time>2022-10-02T20:01:24Z</time>
   </trkpt>
   <trkpt lat="44.1502100" lon="-73.7809300">
    <ele>411.4</ele>
    <time>2022-10-02T20:01:28Z</time>
   </trkpt>
   <trkpt lat="44.1502400" lon="-73.7808900">
    <ele>411.5</ele>
    <time>2022-10-02T20:01:32Z</time>
   </trkpt>
   <trkpt lat="44.1502600" lon="-73.7808500">
    <ele>411.6</ele>
    <time>2022-10-02T20:01:36Z</time>
   </trkpt>
   <trkpt lat="44.1502700" lon="-73.7808000">
    <ele>411.7</ele>
    <time>2022-10-02T20:01:39Z</time>
   </trkpt>
   <trkpt lat="44.1502800" lon="-73.7807500">
    <ele>411.8</ele>
    <time>2022-10-02T20:01:42Z</time>
   </trkpt>
   <trkpt lat="44.1502900" lon="-73.7807000">
    <ele>411.9</ele>
    <time>2022-10-02T20:01:45Z</time>
   </trkpt>
   <trkpt lat="44.1503100" lon="-73.7806600">
    <ele>411.9</ele>
    <time>2022-10-02T20:01:48Z</time>
   </trkpt>
   <trkpt lat="44.1503300" lon="-73.7806400">
    <ele>412.0</ele>
    <time>2022-10-02T20:01:58Z</time>
   </trkpt>
   <trkpt lat="44.1503400" lon="-73.7806000">
    <ele>412.0</ele>
    <time>2022-10-02T20:02:01Z</time>
   </trkpt>
   <trkpt lat="44.1503500" lon="-73.7805600">
    <ele>412.1</ele>
    <time>2022-10-02T20:02:03Z</time>
   </trkpt>
   <trkpt lat="44.1503600" lon="-73.7805300">
    <ele>412.2</ele>
    <time>2022-10-02T20:02:05Z</time>
   </trkpt>
   <trkpt lat="44.1503800" lon="-73.7805100">
    <ele>412.2</ele>
    <time>2022-10-02T20:02:11Z</time>
   </trkpt>
   <trkpt lat="44.1503900" lon="-73.7804700">
    <ele>412.3</ele>
    <time>2022-10-02T20:02:25Z</time>
   </trkpt>
   <trkpt lat="44.1504000" lon="-73.7804100">
    <ele>412.3</ele>
    <time>2022-10-02T20:02:28Z</time>
   </trkpt>
   <trkpt lat="44.1504100" lon="-73.7803800">
    <ele>412.4</ele>
    <time>2022-10-02T20:02:30Z</time>
   </trkpt>
   <trkpt lat="44.1504200" lon="-73.7803300">
    <ele>412.5</ele>
    <time>2022-10-02T20:02:32Z</time>
   </trkpt>
   <trkpt lat="44.1504300" lon="-73.7803000">
    <ele>412.5</ele>
    <time>2022-10-02T20:02:34Z</time>
   </trkpt>
   <trkpt lat="44.1504400" lon="-73.7802600">
    <ele>412.5</ele>
    <time>2022-10-02T20:02:36Z</time>
   </trkpt>
   <trkpt lat="44.1504500" lon="-73.7802200">
    <ele>412.6</ele>
    <time>2022-10-02T20:02:38Z</time>
   </trkpt>
   <trkpt lat="44.1504700" lon="-73.7801900">
    <ele>412.6</ele>
    <time>2022-10-02T20:02:40Z</time>
   </trkpt>
   <trkpt lat="44.1504900" lon="-73.7801600">
    <ele>412.7</ele>
    <time>2022-10-02T20:02:43Z</time>
   </trkpt>
   <trkpt lat="44.1505200" lon="-73.7801100">
    <ele>412.8</ele>
    <time>2022-10-02T20:02:46Z</time>
   </trkpt>
   <trkpt lat="44.1505400" lon="-73.7800700">
    <ele>412.8</ele>
    <time>2022-10-02T20:02:49Z</time>
   </trkpt>
   <trkpt lat="44.1505700" lon="-73.7800300">
    <ele>412.9</ele>
    <time>2022-10-02T20:02:52Z</time>
   </trkpt>
   <trkpt lat="44.1506000" lon="-73.7800000">
    <ele>413.0</ele>
    <time>2022-10-02T20:02:55Z</time>
   </trkpt>
   <trkpt lat="44.1506300" lon="-73.7799600">
    <ele>413.0</ele>
    <time>2022-10-02T20:02:58Z</time>
   </trkpt>
   <trkpt lat="44.1506500" lon="-73.7799300">
    <ele>413.1</ele>
    <time>2022-10-02T20:03:00Z</time>
   </trkpt>
   <trkpt lat="44.1506700" lon="-73.7798900">
    <ele>413.2</ele>
    <time>2022-10-02T20:03:03Z</time>
   </trkpt>
   <trkpt lat="44.1506800" lon="-73.7798500">
    <ele>413.2</ele>
    <time>2022-10-02T20:03:06Z</time>
   </trkpt>
   <trkpt lat="44.1507000" lon="-73.7798000">
    <ele>413.3</ele>
    <time>2022-10-02T20:03:09Z</time>
   </trkpt>
   <trkpt lat="44.1507100" lon="-73.7797600">
    <ele>413.4</ele>
    <time>2022-10-02T20:03:12Z</time>
   </trkpt>
   <trkpt lat="44.1507200" lon="-73.7797100">
    <ele>413.5</ele>
    <time>2022-10-02T20:03:15Z</time>
   </trkpt>
   <trkpt lat="44.1507200" lon="-73.7796700">
    <ele>413.6</ele>
    <time>2022-10-02T20:03:19Z</time>
   </trkpt>
   <trkpt lat="44.1507300" lon="-73.7796300">
    <ele>413.7</ele>
    <time>2022-10-02T20:03:58Z</time>
   </trkpt>
   <trkpt lat="44.1507400" lon="-73.7796000">
    <ele>413.7</ele>
    <time>2022-10-02T20:04:00Z</time>
   </trkpt>
   <trkpt lat="44.1507600" lon="-73.7795600">
    <ele>413.8</ele>
    <time>2022-10-02T20:04:02Z</time>
   </trkpt>
   <trkpt lat="44.1507700" lon="-73.7795300">
    <ele>413.9</ele>
    <time>2022-10-02T20:04:04Z</time>
   </trkpt>
   <trkpt lat="44.1507800" lon="-73.7794900">
    <ele>414.0</ele>
    <time>2022-10-02T20:04:06Z</time>
   </trkpt>
   <trkpt lat="44.1508000" lon="-73.7794400">
    <ele>414.1</ele>
    <time>2022-10-02T20:04:09Z</time>
   </trkpt>
   <trkpt lat="44.1508200" lon="-73.7794000">
    <ele>414.3</ele>
    <time>2022-10-02T20:04:15Z</time>
   </trkpt>
   <trkpt lat="44.1508400" lon="-73.7793800">
    <ele>414.3</ele>
    <time>2022-10-02T20:04:17Z</time>
   </trkpt>
   <trkpt lat="44.1508700" lon="-73.7793500">
    <ele>414.5</ele>
    <time>2022-10-02T20:04:19Z</time>
   </trkpt>
   <trkpt lat="44.1508900" lon="-73.7793200">
    <ele>414.6</ele>
    <time>2022-10-02T20:04:22Z</time>
   </trkpt>
   <trkpt lat="44.1509200" lon="-73.7792900">
    <ele>414.7</ele>
    <time>2022-10-02T20:04:26Z</time>
   </trkpt>
   <trkpt lat="44.1509400" lon="-73.7792500">
    <ele>414.8</ele>
    <time>2022-10-02T20:04:29Z</time>
   </trkpt>
   <trkpt lat="44.1509700" lon="-73.7792200">
    <ele>415.0</ele>
    <time>2022-10-02T20:04:32Z</time>
   </trkpt>
   <trkpt lat="44.1509900" lon="-73.7791900">
    <ele>415.1</ele>
    <time>2022-10-02T20:04:36Z</time>
   </trkpt>
   <trkpt lat="44.1510100" lon="-73.7791600">
    <ele>415.3</ele>
    <time>2022-10-02T20:04:40Z</time>
   </trkpt>
   <trkpt lat="44.1510300" lon="-73.7791200">
    <ele>415.3</ele>
    <time>2022-10-02T20:04:43Z</time>
   </trkpt>
   <trkpt lat="44.1510300" lon="-73.7790800">
    <ele>415.3</ele>
    <time>2022-10-02T20:04:54Z</time>
   </trkpt>
   <trkpt lat="44.1510000" lon="-73.7790400">
    <ele>415.4</ele>
    <time>2022-10-02T20:04:57Z</time>
   </trkpt>
   <trkpt lat="44.1509800" lon="-73.7789600">
    <ele>415.4</ele>
    <time>2022-10-02T20:04:59Z</time>
   </trkpt>
   <trkpt lat="44.1509600" lon="-73.7789200">
    <ele>415.4</ele>
    <time>2022-10-02T20:05:02Z</time>
   </trkpt>
   <trkpt lat="44.1509400" lon="-73.7788800">
    <ele>415.4</ele>
    <time>2022-10-02T20:05:06Z</time>
   </trkpt>
   <trkpt lat="44.1509300" lon="-73.7788500">
    <ele>415.4</ele>
    <time>2022-10-02T20:05:10Z</time>
   </trkpt>
   <trkpt lat="44.1509100" lon="-73.7788300">
    <ele>415.4</ele>
    <time>2022-10-02T20:05:25Z</time>
   </trkpt>
   <trkpt lat="44.1508900" lon="-73.7787900">
    <ele>415.4</ele>
    <time>2022-10-02T20:05:41Z</time>
   </trkpt>
   <trkpt lat="44.1509200" lon="-73.7788000">
    <ele>415.4</ele>
    <time>2022-10-02T20:06:42Z</time>
   </trkpt>
   <trkpt lat="44.1509400" lon="-73.7788300">
    <ele>415.4</ele>
    <time>2022-10-02T20:06:55Z</time>
   </trkpt>
   <trkpt lat="44.1509300" lon="-73.7788600">
    <ele>415.4</ele>
    <time>2022-10-02T20:07:23Z</time>
   </trkpt>
   <trkpt lat="44.1509100" lon="-73.7788900">
    <ele>415.4</ele>
    <time>2022-10-02T20:07:45Z</time>
   </trkpt>
   <trkpt lat="44.1508800" lon="-73.7788800">
    <ele>415.4</ele>
    <time>2022-10-02T20:07:50Z</time>
   </trkpt>
   <trkpt lat="44.1509000" lon="-73.7788400">
    <ele>415.4</ele>
    <time>2022-10-02T20:08:04Z</time>
   </trkpt>
   <trkpt lat="44.1509100" lon="-73.7788000">
    <ele>415.4</ele>
    <time>2022-10-02T20:08:14Z</time>
   </trkpt>
   <trkpt lat="44.1508900" lon="-73.7787700">
    <ele>415.4</ele>
    <time>2022-10-02T20:08:45Z</time>
   </trkpt>
   <trkpt lat="44.1508700" lon="-73.7787300">
    <ele>415.4</ele>
    <time>2022-10-02T20:08:48Z</time>
   </trkpt>
   <trkpt lat="44.1508400" lon="-73.7786900">
    <ele>415.5</ele>
    <time>2022-10-02T20:08:51Z</time>
   </trkpt>
   <trkpt lat="44.1508200" lon="-73.7786600">
    <ele>415.5</ele>
    <time>2022-10-02T20:08:54Z</time>
   </trkpt>
   <trkpt lat="44.1508000" lon="-73.7786200">
    <ele>415.5</ele>
    <time>2022-10-02T20:08:57Z</time>
   </trkpt>
   <trkpt lat="44.1507900" lon="-73.7785900">
    <ele>415.5</ele>
    <time>2022-10-02T20:09:01Z</time>
   </trkpt>
   <trkpt lat="44.1507800" lon="-73.7785500">
    <ele>415.5</ele>
    <time>2022-10-02T20:09:12Z</time>
   </trkpt>
   <trkpt lat="44.1507600" lon="-73.7785300">
    <ele>415.6</ele>
    <time>2022-10-02T20:09:21Z</time>
   </trkpt>
   <trkpt lat="44.1507400" lon="-73.7785000">
    <ele>415.6</ele>
    <time>2022-10-02T20:09:26Z</time>
   </trkpt>
   <trkpt lat="44.1507200" lon="-73.7784700">
    <ele>415.6</ele>
    <time>2022-10-02T20:09:32Z</time>
   </trkpt>
   <trkpt lat="44.1507100" lon="-73.7784300">
    <ele>415.6</ele>
    <time>2022-10-02T20:09:42Z</time>
   </trkpt>
   <trkpt lat="44.1507400" lon="-73.7784600">
    <ele>415.7</ele>
    <time>2022-10-02T20:10:53Z</time>
   </trkpt>
   <trkpt lat="44.1507200" lon="-73.7784300">
    <ele>415.7</ele>
    <time>2022-10-02T20:11:08Z</time>
   </trkpt>
   <trkpt lat="44.1507400" lon="-73.7784300">
    <ele>415.8</ele>
    <time>2022-10-02T20:11:36Z</time>
   </trkpt>
   <trkpt lat="44.1507300" lon="-73.7784000">
    <ele>415.8</ele>
    <time>2022-10-02T20:13:03Z</time>
   </trkpt>
   <trkpt lat="44.1507500" lon="-73.7783900">
    <ele>415.9</ele>
    <time>2022-10-02T20:13:35Z</time>
   </trkpt>
   <trkpt lat="44.1507700" lon="-73.7784200">
    <ele>415.9</ele>
    <time>2022-10-02T20:13:47Z</time>
   </trkpt>
   <trkpt lat="44.1507400" lon="-73.7783900">
    <ele>416.0</ele>
    <time>2022-10-02T20:14:00Z</time>
   </trkpt>
   <trkpt lat="44.1507100" lon="-73.7783700">
    <ele>416.0</ele>
    <time>2022-10-02T20:14:03Z</time>
   </trkpt>
   <trkpt lat="44.1507000" lon="-73.7783400">
    <ele>416.1</ele>
    <time>2022-10-02T20:14:06Z</time>
   </trkpt>
   <trkpt lat="44.1506700" lon="-73.7783100">
    <ele>416.1</ele>
    <time>2022-10-02T20:14:10Z</time>
   </trkpt>
   <trkpt lat="44.1506500" lon="-73.7782700">
    <ele>416.2</ele>
    <time>2022-10-02T20:14:14Z</time>
   </trkpt>
   <trkpt lat="44.1506300" lon="-73.7782400">
    <ele>416.2</ele>
    <time>2022-10-02T20:14:18Z</time>
   </trkpt>
   <trkpt lat="44.1506000" lon="-73.7782100">
    <ele>416.3</ele>
    <time>2022-10-02T20:14:21Z</time>
   </trkpt>
   <trkpt lat="44.1505800" lon="-73.7781600">
    <ele>416.3</ele>
    <time>2022-10-02T20:14:24Z</time>
   </trkpt>
   <trkpt lat="44.1505600" lon="-73.7781200">
    <ele>416.4</ele>
    <time>2022-10-02T20:14:27Z</time>
   </trkpt>
   <trkpt lat="44.1505400" lon="-73.7780800">
    <ele>416.4</ele>
    <time>2022-10-02T20:14:30Z</time>
   </trkpt>
   <trkpt lat="44.1505300" lon="-73.7780300">
    <ele>416.4</ele>
    <time>2022-10-02T20:14:33Z</time>
   </trkpt>
   <trkpt lat="44.1505100" lon="-73.7779900">
    <ele>416.5</ele>
    <time>2022-10-02T20:14:39Z</time>
   </trkpt>
   <trkpt lat="44.1505000" lon="-73.7779500">
    <ele>416.5</ele>
    <time>2022-10-02T20:14:42Z</time>
   </trkpt>
   <trkpt lat="44.1504700" lon="-73.7779100">
    <ele>416.6</ele>
    <time>2022-10-02T20:14:45Z</time>
   </trkpt>
   <trkpt lat="44.1504600" lon="-73.7778700">
    <ele>416.6</ele>
    <time>2022-10-02T20:14:48Z</time>
   </trkpt>
   <trkpt lat="44.1504400" lon="-73.7778300">
    <ele>416.7</ele>
    <time>2022-10-02T20:14:51Z</time>
   </trkpt>
   <trkpt lat="44.1504200" lon="-73.7777900">
    <ele>416.8</ele>
    <time>2022-10-02T20:14:54Z</time>
   </trkpt>
   <trkpt lat="44.1504100" lon="-73.7777400">
    <ele>416.8</ele>
    <time>2022-10-02T20:14:57Z</time>
   </trkpt>
   <trkpt lat="44.1504000" lon="-73.7777000">
    <ele>416.9</ele>
    <time>2022-10-02T20:15:00Z</time>
   </trkpt>
   <trkpt lat="44.1503800" lon="-73.7776600">
    <ele>416.9</ele>
    <time>2022-10-02T20:15:03Z</time>
   </trkpt>
   <trkpt lat="44.1503700" lon="-73.7776100">
    <ele>417.0</ele>
    <time>2022-10-02T20:15:06Z</time>
   </trkpt>
   <trkpt lat="44.1503500" lon="-73.7775700">
    <ele>417.0</ele>
    <time>2022-10-02T20:15:09Z</time>
   </trkpt>
   <trkpt lat="44.1503400" lon="-73.7775200">
    <ele>417.1</ele>
    <time>2022-10-02T20:15:12Z</time>
   </trkpt>
   <trkpt lat="44.1503200" lon="-73.7774800">
    <ele>417.1</ele>
    <time>2022-10-02T20:15:15Z</time>
   </trkpt>
   <trkpt lat="44.1503000" lon="-73.7774300">
    <ele>417.1</ele>
    <time>2022-10-02T20:15:18Z</time>
   </trkpt>
   <trkpt lat="44.1502900" lon="-73.7773800">
    <ele>417.0</ele>
    <time>2022-10-02T20:15:21Z</time>
   </trkpt>
   <trkpt lat="44.1502700" lon="-73.7773500">
    <ele>417.0</ele>
    <time>2022-10-02T20:15:25Z</time>
   </trkpt>
   <trkpt lat="44.1502600" lon="-73.7773100">
    <ele>417.0</ele>
    <time>2022-10-02T20:15:32Z</time>
   </trkpt>
   <trkpt lat="44.1502400" lon="-73.7772800">
    <ele>416.9</ele>
    <time>2022-10-02T20:15:37Z</time>
   </trkpt>
   <trkpt lat="44.1502500" lon="-73.7772300">
    <ele>416.9</ele>
    <time>2022-10-02T20:15:54Z</time>
   </trkpt>
   <trkpt lat="44.1502700" lon="-73.7772000">
    <ele>416.9</ele>
    <time>2022-10-02T20:16:13Z</time>
   </trkpt>
   <trkpt lat="44.1502900" lon="-73.7772000">
    <ele>416.9</ele>
    <time>2022-10-02T20:16:37Z</time>
   </trkpt>
   <trkpt lat="44.1502900" lon="-73.7772400">
    <ele>416.8</ele>
    <time>2022-10-02T20:16:41Z</time>
   </trkpt>
   <trkpt lat="44.1502800" lon="-73.7772000">
    <ele>416.8</ele>
    <time>2022-10-02T20:17:06Z</time>
   </trkpt>
   <trkpt lat="44.1502900" lon="-73.7772400">
    <ele>416.7</ele>
    <time>2022-10-02T20:17:48Z</time>
   </trkpt>
   <trkpt lat="44.1502700" lon="-73.7772700">
    <ele>416.7</ele>
    <time>2022-10-02T20:17:52Z</time>
   </trkpt>
   <trkpt lat="44.1502800" lon="-73.7772000">
    <ele>416.6</ele>
    <time>2022-10-02T20:18:09Z</time>
   </trkpt>
   <trkpt lat="44.1502900" lon="-73.7772400">
    <ele>416.5</ele>
    <time>2022-10-02T20:18:29Z</time>
   </trkpt>
   <trkpt lat="44.1502700" lon="-73.7772800">
    <ele>416.5</ele>
    <time>2022-10-02T20:18:32Z</time>
   </trkpt>
   <trkpt lat="44.1502600" lon="-73.7773500">
    <ele>416.4</ele>
    <time>2022-10-02T20:18:47Z</time>
   </trkpt>
   <trkpt lat="44.1502400" lon="-73.7773200">
    <ele>416.4</ele>
    <time>2022-10-02T20:19:03Z</time>
   </trkpt>
   <trkpt lat="44.1502400" lon="-73.7772800">
    <ele>416.3</ele>
    <time>2022-10-02T20:19:05Z</time>
   </trkpt>
   <trkpt lat="44.1502500" lon="-73.7772400">
    <ele>416.3</ele>
    <time>2022-10-02T20:19:08Z</time>
   </trkpt>
   <trkpt lat="44.1502600" lon="-73.7772000">
    <ele>416.3</ele>
    <time>2022-10-02T20:20:05Z</time>
   </trkpt>
   <trkpt lat="44.1502500" lon="-73.7772400">
    <ele>416.2</ele>
    <time>2022-10-02T20:20:33Z</time>
   </trkpt>
   <trkpt lat="44.1502300" lon="-73.7772100">
    <ele>416.2</ele>
    <time>2022-10-02T20:20:54Z</time>
   </trkpt>
   <trkpt lat="44.1502100" lon="-73.7771800">
    <ele>416.2</ele>
    <time>2022-10-02T20:20:57Z</time>
   </trkpt>
   <trkpt lat="44.1501800" lon="-73.7771500">
    <ele>416.2</ele>
    <time>2022-10-02T20:21:00Z</time>
   </trkpt>
   <trkpt lat="44.1501600" lon="-73.7771200">
    <ele>416.2</ele>
    <time>2022-10-02T20:21:03Z</time>
   </trkpt>
   <trkpt lat="44.1501400" lon="-73.7770900">
    <ele>416.1</ele>
    <time>2022-10-02T20:21:06Z</time>
   </trkpt>
   <trkpt lat="44.1501300" lon="-73.7770500">
    <ele>416.1</ele>
    <time>2022-10-02T20:21:09Z</time>
   </trkpt>
   <trkpt lat="44.1501100" lon="-73.7770100">
    <ele>416.1</ele>
    <time>2022-10-02T20:21:13Z</time>
   </trkpt>
   <trkpt lat="44.1500900" lon="-73.7769800">
    <ele>416.1</ele>
    <time>2022-10-02T20:21:17Z</time>
   </trkpt>
   <trkpt lat="44.1500700" lon="-73.7769400">
    <ele>416.1</ele>
    <time>2022-10-02T20:21:20Z</time>
   </trkpt>
   <trkpt lat="44.1500600" lon="-73.7769000">
    <ele>416.1</ele>
    <time>2022-10-02T20:21:23Z</time>
   </trkpt>
   <trkpt lat="44.1500400" lon="-73.7768600">
    <ele>416.2</ele>
    <time>2022-10-02T20:21:26Z</time>
   </trkpt>
   <trkpt lat="44.1500300" lon="-73.7768300">
    <ele>416.2</ele>
    <time>2022-10-02T20:21:31Z</time>
   </trkpt>
   <trkpt lat="44.1500100" lon="-73.7767900">
    <ele>416.2</ele>
    <time>2022-10-02T20:21:34Z</time>
   </trkpt>
   <trkpt lat="44.1500000" lon="-73.7767600">
    <ele>416.2</ele>
    <time>2022-10-02T20:21:37Z</time>
   </trkpt>
   <trkpt lat="44.1499800" lon="-73.7767100">
    <ele>416.2</ele>
    <time>2022-10-02T20:21:41Z</time>
   </trkpt>
   <trkpt lat="44.1499700" lon="-73.7766800">
    <ele>416.2</ele>
    <time>2022-10-02T20:21:44Z</time>
   </trkpt>
   <trkpt lat="44.1499500" lon="-73.7766400">
    <ele>416.2</ele>
    <time>2022-10-02T20:21:47Z</time>
   </trkpt>
   <trkpt lat="44.1499300" lon="-73.7766000">
    <ele>416.3</ele>
    <time>2022-10-02T20:21:50Z</time>
   </trkpt>
   <trkpt lat="44.1499100" lon="-73.7765600">
    <ele>416.3</ele>
    <time>2022-10-02T20:21:53Z</time>
   </trkpt>
   <trkpt lat="44.1499000" lon="-73.7765200">
    <ele>416.3</ele>
    <time>2022-10-02T20:21:56Z</time>
   </trkpt>
   <trkpt lat="44.1498800" lon="-73.7764800">
    <ele>416.4</ele>
    <time>2022-10-02T20:21:59Z</time>
   </trkpt>
   <trkpt lat="44.1498700" lon="-73.7764400">
    <ele>416.4</ele>
    <time>2022-10-02T20:22:02Z</time>
   </trkpt>
   <trkpt lat="44.1498700" lon="-73.7764000">
    <ele>416.4</ele>
    <time>2022-10-02T20:22:08Z</time>
   </trkpt>
   <trkpt lat="44.1498600" lon="-73.7763600">
    <ele>416.4</ele>
    <time>2022-10-02T20:22:12Z</time>
   </trkpt>
   <trkpt lat="44.1498600" lon="-73.7763200">
    <ele>416.5</ele>
    <time>2022-10-02T20:22:36Z</time>
   </trkpt>
   <trkpt lat="44.1498500" lon="-73.7762600">
    <ele>416.5</ele>
    <time>2022-10-02T20:22:39Z</time>
   </trkpt>
   <trkpt lat="44.1498400" lon="-73.7762200">
    <ele>416.6</ele>
    <time>2022-10-02T20:22:42Z</time>
   </trkpt>
   <trkpt lat="44.1498600" lon="-73.7761900">
    <ele>416.7</ele>
    <time>2022-10-02T20:23:10Z</time>
   </trkpt>
   <trkpt lat="44.1498600" lon="-73.7761300">
    <ele>416.9</ele>
    <time>2022-10-02T20:23:53Z</time>
   </trkpt>
   <trkpt lat="44.1498500" lon="-73.7760800">
    <ele>417.0</ele>
    <time>2022-10-02T20:23:56Z</time>
   </trkpt>
   <trkpt lat="44.1498200" lon="-73.7760400">
    <ele>417.1</ele>
    <time>2022-10-02T20:23:59Z</time>
   </trkpt>
   <trkpt lat="44.1498100" lon="-73.7759900">
    <ele>417.3</ele>
    <time>2022-10-02T20:24:01Z</time>
   </trkpt>
   <trkpt lat="44.1498100" lon="-73.7759400">
    <ele>417.4</ele>
    <time>2022-10-02T20:24:04Z</time>
   </trkpt>
   <trkpt lat="44.1498100" lon="-73.7759000">
    <ele>417.5</ele>
    <time>2022-10-02T20:24:08Z</time>
   </trkpt>
   <trkpt lat="44.1498300" lon="-73.7758700">
    <ele>417.6</ele>
    <time>2022-10-02T20:24:42Z</time>
   </trkpt>
   <trkpt lat="44.1498200" lon="-73.7758200">
    <ele>417.8</ele>
    <time>2022-10-02T20:24:49Z</time>
   </trkpt>
   <trkpt lat="44.1498100" lon="-73.7757800">
    <ele>417.8</ele>
    <time>2022-10-02T20:24:52Z</time>
   </trkpt>
   <trkpt lat="44.1497900" lon="-73.7757300">
    <ele>417.9</ele>
    <time>2022-10-02T20:24:55Z</time>
   </trkpt>
   <trkpt lat="44.1497800" lon="-73.7756900">
    <ele>417.9</ele>
    <time>2022-10-02T20:24:58Z</time>
   </trkpt>
   <trkpt lat="44.1497700" lon="-73.7756500">
    <ele>417.9</ele>
    <time>2022-10-02T20:25:01Z</time>
   </trkpt>
   <trkpt lat="44.1497700" lon="-73.7756100">
    <ele>417.9</ele>
    <time>2022-10-02T20:25:03Z</time>
   </trkpt>
   <trkpt lat="44.1497600" lon="-73.7755600">
    <ele>417.8</ele>
    <time>2022-10-02T20:25:05Z</time>
   </trkpt>
   <trkpt lat="44.1497600" lon="-73.7755100">
    <ele>417.7</ele>
    <time>2022-10-02T20:25:08Z</time>
   </trkpt>
   <trkpt lat="44.1497500" lon="-73.7754500">
    <ele>417.5</ele>
    <time>2022-10-02T20:25:11Z</time>
   </trkpt>
   <trkpt lat="44.1497500" lon="-73.7754000">
    <ele>417.3</ele>
    <time>2022-10-02T20:25:14Z</time>
   </trkpt>
   <trkpt lat="44.1497500" lon="-73.7753600">
    <ele>417.2</ele>
    <time>2022-10-02T20:25:16Z</time>
   </trkpt>
   <trkpt lat="44.1497500" lon="-73.7753100">
    <ele>417.0</ele>
    <time>2022-10-02T20:25:19Z</time>
   </trkpt>
   <trkpt lat="44.1497500" lon="-73.7752600">
    <ele>416.8</ele>
    <time>2022-10-02T20:25:21Z</time>
   </trkpt>
   <trkpt lat="44.1497500" lon="-73.7752000">
    <ele>416.6</ele>
    <time>2022-10-02T20:25:23Z</time>
   </trkpt>
   <trkpt lat="44.1497400" lon="-73.7751400">
    <ele>416.4</ele>
    <time>2022-10-02T20:25:25Z</time>
   </trkpt>
   <trkpt lat="44.1497400" lon="-73.7751000">
    <ele>416.3</ele>
    <time>2022-10-02T20:25:27Z</time>
   </trkpt>
   <trkpt lat="44.1497300" lon="-73.7750500">
    <ele>416.2</ele>
    <time>2022-10-02T20:25:29Z</time>
   </trkpt>
   <trkpt lat="44.1497200" lon="-73.7750000">
    <ele>416.1</ele>
    <time>2022-10-02T20:25:31Z</time>
   </trkpt>
   <trkpt lat="44.1497200" lon="-73.7749600">
    <ele>416.0</ele>
    <time>2022-10-02T20:25:33Z</time>
   </trkpt>
   <trkpt lat="44.1497100" lon="-73.7749100">
    <ele>415.9</ele>
    <time>2022-10-02T20:25:35Z</time>
   </trkpt>
   <trkpt lat="44.1497100" lon="-73.7748700">
    <ele>415.8</ele>
    <time>2022-10-02T20:25:37Z</time>
   </trkpt>
   <trkpt lat="44.1497000" lon="-73.7748300">
    <ele>415.7</ele>
    <time>2022-10-02T20:25:39Z</time>
   </trkpt>
   <trkpt lat="44.1496900" lon="-73.7747800">
    <ele>415.7</ele>
    <time>2022-10-02T20:25:42Z</time>
   </trkpt>
   <trkpt lat="44.1496800" lon="-73.7747300">
    <ele>415.6</ele>
    <time>2022-10-02T20:25:45Z</time>
   </trkpt>
   <trkpt lat="44.1496700" lon="-73.7746800">
    <ele>415.5</ele>
    <time>2022-10-02T20:25:48Z</time>
   </trkpt>
   <trkpt lat="44.1496700" lon="-73.7746400">
    <ele>415.4</ele>
    <time>2022-10-02T20:25:52Z</time>
   </trkpt>
   <trkpt lat="44.1496700" lon="-73.7746000">
    <ele>415.4</ele>
    <time>2022-10-02T20:25:55Z</time>
   </trkpt>
   <trkpt lat="44.1496600" lon="-73.7745600">
    <ele>415.3</ele>
    <time>2022-10-02T20:25:58Z</time>
   </trkpt>
   <trkpt lat="44.1496600" lon="-73.7745100">
    <ele>415.2</ele>
    <time>2022-10-02T20:26:01Z</time>
   </trkpt>
   <trkpt lat="44.1496600" lon="-73.7744700">
    <ele>415.2</ele>
    <time>2022-10-02T20:26:04Z</time>
   </trkpt>
   <trkpt lat="44.1496500" lon="-73.7744200">
    <ele>415.1</ele>
    <time>2022-10-02T20:26:07Z</time>
   </trkpt>
   <trkpt lat="44.1496500" lon="-73.7743700">
    <ele>415.0</ele>
    <time>2022-10-02T20:26:10Z</time>
   </trkpt>
   <trkpt lat="44.1496300" lon="-73.7743400">
    <ele>414.9</ele>
    <time>2022-10-02T20:26:13Z</time>
   </trkpt>
   <trkpt lat="44.1496200" lon="-73.7743000">
    <ele>414.9</ele>
    <time>2022-10-02T20:26:16Z</time>
   </trkpt>
   <trkpt lat="44.1496000" lon="-73.7742500">
    <ele>414.8</ele>
    <time>2022-10-02T20:26:19Z</time>
   </trkpt>
   <trkpt lat="44.1495900" lon="-73.7742000">
    <ele>414.7</ele>
    <time>2022-10-02T20:26:22Z</time>
   </trkpt>
   <trkpt lat="44.1495900" lon="-73.7741500">
    <ele>414.5</ele>
    <time>2022-10-02T20:26:25Z</time>
   </trkpt>
   <trkpt lat="44.1496000" lon="-73.7741100">
    <ele>414.4</ele>
    <time>2022-10-02T20:26:28Z</time>
   </trkpt>
   <trkpt lat="44.1496100" lon="-73.7740600">
    <ele>414.3</ele>
    <time>2022-10-02T20:26:31Z</time>
   </trkpt>
   <trkpt lat="44.1496000" lon="-73.7740100">
    <ele>414.2</ele>
    <time>2022-10-02T20:26:34Z</time>
   </trkpt>
   <trkpt lat="44.1496000" lon="-73.7739700">
    <ele>414.1</ele>
    <time>2022-10-02T20:26:36Z</time>
   </trkpt>
   <trkpt lat="44.1495900" lon="-73.7739300">
    <ele>414.0</ele>
    <time>2022-10-02T20:26:39Z</time>
   </trkpt>
   <trkpt lat="44.1495900" lon="-73.7738900">
    <ele>413.9</ele>
    <time>2022-10-02T20:26:41Z</time>
   </trkpt>
   <trkpt lat="44.1495900" lon="-73.7738400">
    <ele>413.7</ele>
    <time>2022-10-02T20:26:44Z</time>
   </trkpt>
   <trkpt lat="44.1495800" lon="-73.7738100">
    <ele>413.6</ele>
    <time>2022-10-02T20:26:52Z</time>
   </trkpt>
   <trkpt lat="44.1495500" lon="-73.7737900">
    <ele>413.5</ele>
    <time>2022-10-02T20:26:58Z</time>
   </trkpt>
   <trkpt lat="44.1495400" lon="-73.7737400">
    <ele>413.3</ele>
    <time>2022-10-02T20:27:04Z</time>
   </trkpt>
   <trkpt lat="44.1495400" lon="-73.7737000">
    <ele>413.2</ele>
    <time>2022-10-02T20:27:06Z</time>
   </trkpt>
   <trkpt lat="44.1495300" lon="-73.7736400">
    <ele>413.0</ele>
    <time>2022-10-02T20:27:08Z</time>
   </trkpt>
   <trkpt lat="44.1495300" lon="-73.7736000">
    <ele>412.9</ele>
    <time>2022-10-02T20:27:10Z</time>
   </trkpt>
   <trkpt lat="44.1495500" lon="-73.7735600">
    <ele>412.7</ele>
    <time>2022-10-02T20:27:13Z</time>
   </trkpt>
   <trkpt lat="44.1495700" lon="-73.7735300">
    <ele>412.5</ele>
    <time>2022-10-02T20:27:16Z</time>
   </trkpt>
   <trkpt lat="44.1495800" lon="-73.7734800">
    <ele>412.3</ele>
    <time>2022-10-02T20:27:18Z</time>
   </trkpt>
   <trkpt lat="44.1495700" lon="-73.7734300">
    <ele>412.0</ele>
    <time>2022-10-02T20:27:21Z</time>
   </trkpt>
   <trkpt lat="44.1495600" lon="-73.7733900">
    <ele>411.8</ele>
    <time>2022-10-02T20:27:24Z</time>
   </trkpt>
   <trkpt lat="44.1495600" lon="-73.7733400">
    <ele>411.6</ele>
    <time>2022-10-02T20:27:27Z</time>
   </trkpt>
   <trkpt lat="44.1495600" lon="-73.7733000">
    <ele>411.4</ele>
    <time>2022-10-02T20:27:30Z</time>
   </trkpt>
   <trkpt lat="44.1495400" lon="-73.7732600">
    <ele>411.1</ele>
    <time>2022-10-02T20:27:33Z</time>
   </trkpt>
   <trkpt lat="44.1495200" lon="-73.7732200">
    <ele>410.9</ele>
    <time>2022-10-02T20:27:36Z</time>
   </trkpt>
   <trkpt lat="44.1495000" lon="-73.7731700">
    <ele>410.5</ele>
    <time>2022-10-02T20:27:39Z</time>
   </trkpt>
   <trkpt lat="44.1494800" lon="-73.7731300">
    <ele>410.3</ele>
    <time>2022-10-02T20:27:42Z</time>
   </trkpt>
   <trkpt lat="44.1494700" lon="-73.7730700">
    <ele>409.9</ele>
    <time>2022-10-02T20:27:45Z</time>
   </trkpt>
   <trkpt lat="44.1494700" lon="-73.7730300">
    <ele>409.7</ele>
    <time>2022-10-02T20:27:47Z</time>
   </trkpt>
   <trkpt lat="44.1494600" lon="-73.7729900">
    <ele>409.5</ele>
    <time>2022-10-02T20:27:49Z</time>
   </trkpt>
   <trkpt lat="44.1494600" lon="-73.7729500">
    <ele>409.2</ele>
    <time>2022-10-02T20:27:52Z</time>
   </trkpt>
   <trkpt lat="44.1494600" lon="-73.7729000">
    <ele>408.9</ele>
    <time>2022-10-02T20:27:54Z</time>
   </trkpt>
   <trkpt lat="44.1494500" lon="-73.7728600">
    <ele>408.6</ele>
    <time>2022-10-02T20:27:56Z</time>
   </trkpt>
   <trkpt lat="44.1494400" lon="-73.7728100">
    <ele>408.3</ele>
    <time>2022-10-02T20:27:59Z</time>
   </trkpt>
   <trkpt lat="44.1494300" lon="-73.7727600">
    <ele>407.9</ele>
    <time>2022-10-02T20:28:02Z</time>
   </trkpt>
   <trkpt lat="44.1494100" lon="-73.7727100">
    <ele>407.5</ele>
    <time>2022-10-02T20:28:04Z</time>
   </trkpt>
   <trkpt lat="44.1494000" lon="-73.7726600">
    <ele>407.1</ele>
    <time>2022-10-02T20:28:07Z</time>
   </trkpt>
   <trkpt lat="44.1493900" lon="-73.7726100">
    <ele>406.7</ele>
    <time>2022-10-02T20:28:10Z</time>
   </trkpt>
   <trkpt lat="44.1493800" lon="-73.7725700">
    <ele>406.3</ele>
    <time>2022-10-02T20:28:13Z</time>
   </trkpt>
   <trkpt lat="44.1493700" lon="-73.7725200">
    <ele>405.9</ele>
    <time>2022-10-02T20:28:16Z</time>
   </trkpt>
   <trkpt lat="44.1493600" lon="-73.7724700">
    <ele>405.5</ele>
    <time>2022-10-02T20:28:19Z</time>
   </trkpt>
   <trkpt lat="44.1493600" lon="-73.7724300">
    <ele>405.1</ele>
    <time>2022-10-02T20:28:22Z</time>
   </trkpt>
   <trkpt lat="44.1493400" lon="-73.7723800">
    <ele>404.6</ele>
    <time>2022-10-02T20:28:26Z</time>
   </trkpt>
   <trkpt lat="44.1493400" lon="-73.7723400">
    <ele>404.3</ele>
    <time>2022-10-02T20:28:29Z</time>
   </trkpt>
   <trkpt lat="44.1493300" lon="-73.7723000">
    <ele>403.9</ele>
    <time>2022-10-02T20:28:32Z</time>
   </trkpt>
   <trkpt lat="44.1493300" lon="-73.7722600">
    <ele>403.5</ele>
    <time>2022-10-02T20:28:35Z</time>
   </trkpt>
   <trkpt lat="44.1493300" lon="-73.7722100">
    <ele>403.1</ele>
    <time>2022-10-02T20:28:38Z</time>
   </trkpt>
   <trkpt lat="44.1493300" lon="-73.7721700">
    <ele>402.8</ele>
    <time>2022-10-02T20:28:42Z</time>
   </trkpt>
   <trkpt lat="44.1493200" lon="-73.7721300">
    <ele>402.4</ele>
    <time>2022-10-02T20:28:45Z</time>
   </trkpt>
   <trkpt lat="44.1493100" lon="-73.7720900">
    <ele>402.0</ele>
    <time>2022-10-02T20:28:48Z</time>
   </trkpt>
   <trkpt lat="44.1493100" lon="-73.7720300">
    <ele>401.5</ele>
    <time>2022-10-02T20:28:51Z</time>
   </trkpt>
   <trkpt lat="44.1493000" lon="-73.7719900">
    <ele>401.2</ele>
    <time>2022-10-02T20:28:53Z</time>
   </trkpt>
   <trkpt lat="44.1493000" lon="-73.7719400">
    <ele>400.8</ele>
    <time>2022-10-02T20:28:56Z</time>
   </trkpt>
   <trkpt lat="44.1493000" lon="-73.7718800">
    <ele>400.3</ele>
    <time>2022-10-02T20:28:59Z</time>
   </trkpt>
   <trkpt lat="44.1493000" lon="-73.7718400">
    <ele>399.9</ele>
    <time>2022-10-02T20:29:01Z</time>
   </trkpt>
   <trkpt lat="44.1493100" lon="-73.7718000">
    <ele>399.6</ele>
    <time>2022-10-02T20:29:04Z</time>
   </trkpt>
   <trkpt lat="44.1493200" lon="-73.7717500">
    <ele>399.2</ele>
    <time>2022-10-02T20:29:07Z</time>
   </trkpt>
   <trkpt lat="44.1493300" lon="-73.7717100">
    <ele>398.8</ele>
    <time>2022-10-02T20:29:09Z</time>
   </trkpt>
   <trkpt lat="44.1493300" lon="-73.7716600">
    <ele>398.4</ele>
    <time>2022-10-02T20:29:11Z</time>
   </trkpt>
   <trkpt lat="44.1493300" lon="-73.7716200">
    <ele>398.0</ele>
    <time>2022-10-02T20:29:13Z</time>
   </trkpt>
   <trkpt lat="44.1493200" lon="-73.7715600">
    <ele>397.5</ele>
    <time>2022-10-02T20:29:16Z</time>
   </trkpt>
   <trkpt lat="44.1493100" lon="-73.7715200">
    <ele>397.1</ele>
    <time>2022-10-02T20:29:20Z</time>
   </trkpt>
   <trkpt lat="44.1493100" lon="-73.7714800">
    <ele>396.8</ele>
    <time>2022-10-02T20:29:22Z</time>
   </trkpt>
   <trkpt lat="44.1493000" lon="-73.7714300">
    <ele>396.3</ele>
    <time>2022-10-02T20:29:25Z</time>
   </trkpt>
   <trkpt lat="44.1493100" lon="-73.7713700">
    <ele>395.8</ele>
    <time>2022-10-02T20:29:28Z</time>
   </trkpt>
   <trkpt lat="44.1493000" lon="-73.7713400">
    <ele>395.6</ele>
    <time>2022-10-02T20:29:31Z</time>
   </trkpt>
   <trkpt lat="44.1493000" lon="-73.7712900">
    <ele>395.1</ele>
    <time>2022-10-02T20:29:34Z</time>
   </trkpt>
   <trkpt lat="44.1492900" lon="-73.7712400">
    <ele>394.7</ele>
    <time>2022-10-02T20:29:37Z</time>
   </trkpt>
   <trkpt lat="44.1492900" lon="-73.7711900">
    <ele>394.3</ele>
    <time>2022-10-02T20:29:40Z</time>
   </trkpt>
   <trkpt lat="44.1492900" lon="-73.7711500">
    <ele>394.0</ele>
    <time>2022-10-02T20:29:43Z</time>
   </trkpt>
   <trkpt lat="44.1492900" lon="-73.7711100">
    <ele>393.7</ele>
    <time>2022-10-02T20:29:46Z</time>
   </trkpt>
   <trkpt lat="44.1492900" lon="-73.7710600">
    <ele>393.3</ele>
    <time>2022-10-02T20:29:48Z</time>
   </trkpt>
   <trkpt lat="44.1492800" lon="-73.7710100">
    <ele>392.9</ele>
    <time>2022-10-02T20:29:51Z</time>
   </trkpt>
   <trkpt lat="44.1492800" lon="-73.7709600">
    <ele>392.5</ele>
    <time>2022-10-02T20:29:54Z</time>
   </trkpt>
   <trkpt lat="44.1492800" lon="-73.7709200">
    <ele>392.3</ele>
    <time>2022-10-02T20:29:58Z</time>
   </trkpt>
   <trkpt lat="44.1492800" lon="-73.7708800">
    <ele>392.0</ele>
    <time>2022-10-02T20:30:00Z</time>
   </trkpt>
   <trkpt lat="44.1492800" lon="-73.7708400">
    <ele>391.7</ele>
    <time>2022-10-02T20:30:02Z</time>
   </trkpt>
   <trkpt lat="44.1492900" lon="-73.7707900">
    <ele>391.4</ele>
    <time>2022-10-02T20:30:05Z</time>
   </trkpt>
   <trkpt lat="44.1492900" lon="-73.7707500">
    <ele>391.1</ele>
    <time>2022-10-02T20:30:07Z</time>
   </trkpt>
   <trkpt lat="44.1492900" lon="-73.7707100">
    <ele>390.9</ele>
    <time>2022-10-02T20:30:09Z</time>
   </trkpt>
   <trkpt lat="44.1492900" lon="-73.7706600">
    <ele>390.7</ele>
    <time>2022-10-02T20:30:11Z</time>
   </trkpt>
   <trkpt lat="44.1492900" lon="-73.7706200">
    <ele>390.5</ele>
    <time>2022-10-02T20:30:13Z</time>
   </trkpt>
   <trkpt lat="44.1492900" lon="-73.7705800">
    <ele>390.3</ele>
    <time>2022-10-02T20:30:15Z</time>
   </trkpt>
   <trkpt lat="44.1492800" lon="-73.7705400">
    <ele>390.1</ele>
    <time>2022-10-02T20:30:17Z</time>
   </trkpt>
   <trkpt lat="44.1492800" lon="-73.7705000">
    <ele>390.0</ele>
    <time>2022-10-02T20:30:19Z</time>
   </trkpt>
   <trkpt lat="44.1492700" lon="-73.7704500">
    <ele>389.8</ele>
    <time>2022-10-02T20:30:22Z</time>
   </trkpt>
   <trkpt lat="44.1492800" lon="-73.7704200">
    <ele>389.7</ele>
    <time>2022-10-02T20:30:25Z</time>
   </trkpt>
   <trkpt lat="44.1492900" lon="-73.7703700">
    <ele>389.5</ele>
    <time>2022-10-02T20:30:28Z</time>
   </trkpt>
   <trkpt lat="44.1493200" lon="-73.7703300">
    <ele>389.3</ele>
    <time>2022-10-02T20:30:31Z</time>
   </trkpt>
   <trkpt lat="44.1493300" lon="-73.7703000">
    <ele>389.3</ele>
    <time>2022-10-02T20:30:33Z</time>
   </trkpt>
   <trkpt lat="44.1493600" lon="-73.7702600">
    <ele>389.1</ele>
    <time>2022-10-02T20:30:36Z</time>
   </trkpt>
   <trkpt lat="44.1493800" lon="-73.7702100">
    <ele>389.0</ele>
    <time>2022-10-02T20:30:39Z</time>
   </trkpt>
   <trkpt lat="44.1494000" lon="-73.7701800">
    <ele>388.9</ele>
    <time>2022-10-02T20:30:41Z</time>
   </trkpt>
   <trkpt lat="44.1494200" lon="-73.7701400">
    <ele>388.7</ele>
    <time>2022-10-02T20:30:44Z</time>
   </trkpt>
   <trkpt lat="44.1494300" lon="-73.7701100">
    <ele>388.6</ele>
    <time>2022-10-02T20:30:46Z</time>
   </trkpt>
   <trkpt lat="44.1494500" lon="-73.7700700">
    <ele>388.5</ele>
    <time>2022-10-02T20:30:49Z</time>
   </trkpt>
   <trkpt lat="44.1494700" lon="-73.7700300">
    <ele>388.3</ele>
    <time>2022-10-02T20:30:53Z</time>
   </trkpt>
   <trkpt lat="44.1494900" lon="-73.7700000">
    <ele>388.1</ele>
    <time>2022-10-02T20:30:56Z</time>
   </trkpt>
   <trkpt lat="44.1495000" lon="-73.7699700">
    <ele>388.0</ele>
    <time>2022-10-02T20:30:59Z</time>
   </trkpt>
   <trkpt lat="44.1495200" lon="-73.7699300">
    <ele>387.8</ele>
    <time>2022-10-02T20:31:02Z</time>
   </trkpt>
   <trkpt lat="44.1495400" lon="-73.7699000">
    <ele>387.7</ele>
    <time>2022-10-02T20:31:04Z</time>
   </trkpt>
   <trkpt lat="44.1495600" lon="-73.7698700">
    <ele>387.5</ele>
    <time>2022-10-02T20:31:06Z</time>
   </trkpt>
   <trkpt lat="44.1495800" lon="-73.7698400">
    <ele>387.3</ele>
    <time>2022-10-02T20:31:08Z</time>
   </trkpt>
   <trkpt lat="44.1496000" lon="-73.7698100">
    <ele>387.1</ele>
    <time>2022-10-02T20:31:11Z</time>
   </trkpt>
   <trkpt lat="44.1496200" lon="-73.7697700">
    <ele>386.9</ele>
    <time>2022-10-02T20:31:14Z</time>
   </trkpt>
   <trkpt lat="44.1496100" lon="-73.7697300">
    <ele>386.7</ele>
    <time>2022-10-02T20:31:18Z</time>
   </trkpt>
   <trkpt lat="44.1496200" lon="-73.7696900">
    <ele>386.5</ele>
    <time>2022-10-02T20:31:22Z</time>
   </trkpt>
   <trkpt lat="44.1496300" lon="-73.7696400">
    <ele>386.3</ele>
    <time>2022-10-02T20:31:26Z</time>
   </trkpt>
   <trkpt lat="44.1496500" lon="-73.7696000">
    <ele>386.1</ele>
    <time>2022-10-02T20:31:29Z</time>
   </trkpt>
   <trkpt lat="44.1496700" lon="-73.7695700">
    <ele>385.9</ele>
    <time>2022-10-02T20:31:33Z</time>
   </trkpt>
   <trkpt lat="44.1496900" lon="-73.7695200">
    <ele>385.7</ele>
    <time>2022-10-02T20:31:36Z</time>
   </trkpt>
   <trkpt lat="44.1497100" lon="-73.7694800">
    <ele>385.6</ele>
    <time>2022-10-02T20:31:39Z</time>
   </trkpt>
   <trkpt lat="44.1497100" lon="-73.7694300">
    <ele>385.4</ele>
    <time>2022-10-02T20:31:42Z</time>
   </trkpt>
   <trkpt lat="44.1497200" lon="-73.7693900">
    <ele>385.3</ele>
    <time>2022-10-02T20:31:44Z</time>
   </trkpt>
   <trkpt lat="44.1497300" lon="-73.7693500">
    <ele>385.2</ele>
    <time>2022-10-02T20:31:47Z</time>
   </trkpt>
   <trkpt lat="44.1497500" lon="-73.7693000">
    <ele>385.1</ele>
    <time>2022-10-02T20:31:50Z</time>
   </trkpt>
   <trkpt lat="44.1497600" lon="-73.7692500">
    <ele>385.0</ele>
    <time>2022-10-02T20:31:53Z</time>
   </trkpt>
   <trkpt lat="44.1497700" lon="-73.7692000">
    <ele>385.0</ele>
    <time>2022-10-02T20:31:56Z</time>
   </trkpt>
   <trkpt lat="44.1497800" lon="-73.7691500">
    <ele>384.9</ele>
    <time>2022-10-02T20:31:59Z</time>
   </trkpt>
   <trkpt lat="44.1497900" lon="-73.7691000">
    <ele>384.9</ele>
    <time>2022-10-02T20:32:02Z</time>
   </trkpt>
   <trkpt lat="44.1497900" lon="-73.7690500">
    <ele>384.8</ele>
    <time>2022-10-02T20:32:05Z</time>
   </trkpt>
   <trkpt lat="44.1497900" lon="-73.7690000">
    <ele>384.8</ele>
    <time>2022-10-02T20:32:08Z</time>
   </trkpt>
   <trkpt lat="44.1497900" lon="-73.7689600">
    <ele>384.8</ele>
    <time>2022-10-02T20:32:12Z</time>
   </trkpt>
   <trkpt lat="44.1497900" lon="-73.7689200">
    <ele>384.8</ele>
    <time>2022-10-02T20:32:15Z</time>
   </trkpt>
   <trkpt lat="44.1497900" lon="-73.7688700">
    <ele>384.8</ele>
    <time>2022-10-02T20:32:18Z</time>
   </trkpt>
   <trkpt lat="44.1497800" lon="-73.7688300">
    <ele>384.7</ele>
    <time>2022-10-02T20:32:21Z</time>
   </trkpt>
   <trkpt lat="44.1497600" lon="-73.7688000">
    <ele>384.7</ele>
    <time>2022-10-02T20:32:25Z</time>
   </trkpt>
   <trkpt lat="44.1497300" lon="-73.7687600">
    <ele>384.8</ele>
    <time>2022-10-02T20:32:28Z</time>
   </trkpt>
   <trkpt lat="44.1497200" lon="-73.7687300">
    <ele>384.8</ele>
    <time>2022-10-02T20:32:31Z</time>
   </trkpt>
   <trkpt lat="44.1497100" lon="-73.7686900">
    <ele>384.8</ele>
    <time>2022-10-02T20:32:35Z</time>
   </trkpt>
   <trkpt lat="44.1497000" lon="-73.7686500">
    <ele>384.8</ele>
    <time>2022-10-02T20:32:38Z</time>
   </trkpt>
   <trkpt lat="44.1496900" lon="-73.7686100">
    <ele>384.8</ele>
    <time>2022-10-02T20:32:41Z</time>
   </trkpt>
   <trkpt lat="44.1496900" lon="-73.7685600">
    <ele>384.9</ele>
    <time>2022-10-02T20:32:44Z</time>
   </trkpt>
   <trkpt lat="44.1496800" lon="-73.7685100">
    <ele>384.9</ele>
    <time>2022-10-02T20:32:46Z</time>
   </trkpt>
   <trkpt lat="44.1496700" lon="-73.7684700">
    <ele>384.9</ele>
    <time>2022-10-02T20:32:50Z</time>
   </trkpt>
   <trkpt lat="44.1496600" lon="-73.7684100">
    <ele>385.0</ele>
    <time>2022-10-02T20:32:53Z</time>
   </trkpt>
   <trkpt lat="44.1496500" lon="-73.7683600">
    <ele>385.1</ele>
    <time>2022-10-02T20:32:56Z</time>
   </trkpt>
   <trkpt lat="44.1496400" lon="-73.7683200">
    <ele>385.1</ele>
    <time>2022-10-02T20:32:59Z</time>
   </trkpt>
  </trkseg>
 </trk>
</gpx>
